USE question_bank_test;
GO

-- Data for Khoa
INSERT INTO [dbo].[Khoa] ([MaKhoa], [TenKhoa], [XoaTamKhoa]) VALUES
  ('a560710b-47e7-438b-bd7f-25c92ee23601', N'Khoa Công nghệ thông tin', 0),
  ('17a6b8fa-8812-4f6d-8d42-b6d8dd19e4b4', N'Khoa Quản trị kinh doanh', 1),
  ('550cd862-b16d-485f-9119-414bea8d2deb', N'Khoa Truyền thông và Thiết kế', 0),
  ('7a7d9ddc-e562-42f4-a221-a54120e4f4b5', N'Khoa Tài chính - Thương mại', 0),
  ('6c83dc61-f262-431c-992f-6cf0f7303bac', N'Khoa Điều dưỡng và Xét nghiệm', 0),
  ('ee813332-d311-4591-83ab-e1386e36d2bd', N'Khoa Kiến trúc - Mỹ thuật', 0),
  ('575d68be-cce8-4f34-8cee-7274f23f8a25', N'Khoa Thú y - Chăn Nuôi', 0),
  ('1a517a61-d66e-4f54-90e8-2abd4cb03f29', N'Khoa Xây dựng', 0),
  ('f6fb36cb-542b-4ae4-8c65-3800d48291df', N'Khoa Dược', 1),
  ('10d1c544-fc85-4916-a699-c8b403bd70fe', N'Khoa Luật', 0),
  ('194771db-ad59-45cf-a45d-13345782dd49', N'Khoa Tiếng Anh', 1),
  ('424adf53-6234-4d32-8e01-ea549aadd3c0', N'Khoa Hệ thống thông tin quản lý', 1),
  ('5586381a-5dd0-4cc0-b5a0-338c4f20209d', N'Khoa Nhật Bản học', 0),
  ('78f6f4bd-a5cd-4b3c-8d87-1d303b6c377d', N'Khoa Trung Quốc học', 0),
  ('2aa4a9b0-5985-4b8b-8d6a-a66905443410', N'Khoa Hàn Quốc học', 0),
  ('6943212e-d539-4c3a-9ede-656572fae306', N'Khoa QT Du lịch - Nhà hàng - Khách sạn', 0),
  ('7e6fdfc8-4fbd-4edb-b4c6-cc94043fceee', N'Khoa Khoa học Xã hội và Quan hệ Công chúng', 0),
  ('d9fb708d-981d-474b-b358-f6db7183c4f0', N'Khoa Marketing - Kinh doanh quốc tế', 0),
  ('5c1ae98b-7305-416c-add4-da9e95d94656', N'Viện Kỹ Thuật HUTECH', 0),
  ('79892385-a3fe-4d20-94e7-110ed257622e', N'Viện Khoa Học Ứng Dụng HUTECH', 0),
  ('d6de364b-4688-4d09-9e1f-1d8e34a3aa62', N'Viện Văn hoá - Nghệ thuật - Thể thao', 0),
  ('f6883efb-6200-48f5-a83e-53a8c87eda5f', N'Viện Đào Tạo Sau Đại học', 1),
  ('2b590296-4ca3-4161-9bcb-f1cdd990cab6', N'Viện Công Nghệ CIRTECH', 1),
  ('b23c4138-56f4-461e-993c-a8b7588f157d', N'Viện Hợp tác và Phát triển Đào tạo', 0),
  ('d3101933-9f93-439f-954e-406f624d089a', N'Viện Công nghệ cao HUTECH', 0),
  ('8077e6fa-e66c-4fe8-b8e2-7dbc06de4165', N'Viện Khoa học sức khoẻ', 0);
GO

-- Data for User
INSERT INTO [dbo].[User] ([UserId], [LoginName], [Email], [Name], [Password], [DateCreated], [IsDeleted], [IsLockedOut], [LastActivityDate], [LastLoginDate], [LastPasswordChangedDate], [LastLockoutDate], [FailedPwdAttemptCount], [FailedPwdAttemptWindowStart], [FailedPwdAnswerCount], [FailedPwdAnswerWindowStart], [PasswordSalt], [Comment], [IsBuildInUser]) VALUES
  ('6b0c3cd3-c040-469c-a332-a4fc712e61c2', N'janebui', N'maijane@example.com', N'Vân Trần', N'sZ9D8rc2e)s2YL@83U(%', '2025-05-30 01:13:14', 0, 0, '2025-05-15 01:12:58', '2025-05-14 05:28:18', '2025-05-27 06:07:38', NULL, 0, NULL, 0, NULL, N'adde671bd0a031227e13c5286b0a7acdffead9e950fec91e73ee103b72d29b5e', N'Các thay số mỗi thì.', 0),
  ('86f0dfcf-b6d9-4ada-99a2-7331d96b0cf4', N'john51', N'janetran@example.org', N'Thành Đức Hoàng', N'e%Wt5VRGx%A1iqhM3h%8', '2025-05-06 09:27:05', 0, 0, '2025-05-09 21:23:52', '2025-05-21 04:15:30', '2025-05-17 21:36:35', NULL, 0, NULL, 0, NULL, N'3a70a24ac83d6a271e5e31bb281af4227a2eb8e0a77d9e063aa8a6e3db49a6f7', N'Từ được như một từng thế.', 0),
  ('e131ae19-2a78-459e-a2f7-0c48e1dcecd5', N'zbui', N'johntran@example.net', N'Lâm Bùi', N'3%dG1N+GzeSVCKW*Md62', '2025-05-26 10:24:29', 0, 0, '2025-05-27 07:45:05', '2025-05-20 02:21:57', '2025-06-01 18:42:42', NULL, 0, NULL, 0, NULL, N'009c2b4c7df29d4fea3bd1a5ac2d333c140b1b998f7fc56106e7db12b6f58cb9', N'Đã giống và vậy chỉ.', 0),
  ('0fbbe5e3-1b16-4e1b-a855-8c36c35c00d0', N'dmai', N'jane65@example.com', N'Tùng Hải Trần', N'PT*@@s7txW@9gAWWuo+g', '2025-06-03 11:48:28', 0, 0, '2025-05-09 05:18:55', '2025-05-22 17:41:06', '2025-05-07 22:54:56', NULL, 0, NULL, 0, NULL, N'e8fb2b1a572ec4efecd370c5d2176967c0b7eb8773db3359d95dbaf7e1c14782', N'Khiến gần của.', 0),
  ('415659a5-1752-4a6a-836f-f97a8505f49d', N'janedang', N'buijane@example.net', N'Yến Trần', N')4o!n7*3KuK7UBIieGJB', '2025-05-12 22:08:47', 0, 0, '2025-05-28 07:23:02', '2025-05-18 00:55:11', '2025-05-19 03:30:40', NULL, 0, NULL, 0, NULL, N'f2b1888292f03a7841ec8b6717599cf6438ae164136959b23adf9351beee3061', N'Của nào chỉ từ.', 0);
GO

-- Data for MonHoc
INSERT INTO [dbo].[MonHoc] ([MaMonHoc], [MaKhoa], [MaSoMonHoc], [TenMonHoc], [XoaTamMonHoc]) VALUES
  ('364237c5-b271-4161-8e53-78a7a4ec501c', 'b23c4138-56f4-461e-993c-a8b7588f157d', N'MH001', N'Môn học Deliver Best-Of-Breed Synergies', 1),
  ('14d1ec21-caeb-4950-ab42-862ca10199f5', 'f6883efb-6200-48f5-a83e-53a8c87eda5f', N'MH002', N'Môn học Repurpose Holistic Partnerships', 0),
  ('96f99bb5-c339-40ce-aa18-7688bf0eef8d', '8077e6fa-e66c-4fe8-b8e2-7dbc06de4165', N'MH003', N'Môn học Mesh One-To-One E-Services', 0),
  ('3cb91e25-c8ce-4fdb-9e34-4b33124c4b94', '424adf53-6234-4d32-8e01-ea549aadd3c0', N'MH004', N'Môn học Engineer Transparent Info-Mediaries', 0),
  ('c5ea0bab-a72f-4f8f-823e-a6343cbed8bf', 'ee813332-d311-4591-83ab-e1386e36d2bd', N'MH005', N'Môn học Morph Magnetic Supply-Chains', 1),
  ('ec1d8147-9a71-44d0-bb55-1846dc5b09c5', '8077e6fa-e66c-4fe8-b8e2-7dbc06de4165', N'MH006', N'Môn học Reinvent Robust Convergence', 0),
  ('bc45c870-39ae-4882-b6b4-f79183722fd1', '5586381a-5dd0-4cc0-b5a0-338c4f20209d', N'MH007', N'Môn học E-Enable Cross-Media Functionalities', 0),
  ('19b6492c-7d58-4509-b8ee-25a8555fd538', '17a6b8fa-8812-4f6d-8d42-b6d8dd19e4b4', N'MH008', N'Môn học Transform Enterprise E-Markets', 0),
  ('1c1547e7-52ef-4156-88d0-2d08fda0f445', '550cd862-b16d-485f-9119-414bea8d2deb', N'MH009', N'Môn học Matrix Cutting-Edge Web Services', 1),
  ('502ae39b-3b21-4e57-824f-b5d779d6eb1a', 'ee813332-d311-4591-83ab-e1386e36d2bd', N'MH010', N'Môn học Productize Synergistic Technologies', 0),
  ('b7af3a95-5c84-4309-9e27-b3cb4ac62efa', 'ee813332-d311-4591-83ab-e1386e36d2bd', N'MH011', N'Môn học Envisioneer Magnetic Channels', 0),
  ('46222303-4580-4161-b140-652b16dabe9b', '8077e6fa-e66c-4fe8-b8e2-7dbc06de4165', N'MH012', N'Môn học Disintermediate Compelling Networks', 0),
  ('5ad67962-0e81-4af0-9fa9-bcace93d91a5', '8077e6fa-e66c-4fe8-b8e2-7dbc06de4165', N'MH013', N'Môn học Facilitate Bricks-And-Clicks Metrics', 0),
  ('1df02f89-56d9-418b-88f7-a8759f182d7f', 'f6fb36cb-542b-4ae4-8c65-3800d48291df', N'MH014', N'Môn học Utilize Leading-Edge E-Markets', 0),
  ('9c47600f-ec08-4723-9c39-5452747c3013', '2b590296-4ca3-4161-9bcb-f1cdd990cab6', N'MH015', N'Môn học Empower Turn-Key Vortals', 0),
  ('b154e18d-9d4b-4bc2-9a11-d94710762d37', '7e6fdfc8-4fbd-4edb-b4c6-cc94043fceee', N'MH016', N'Môn học Transform Strategic Markets', 0),
  ('c9cee9d6-deb4-4000-97c6-f5f68a310cd6', 'ee813332-d311-4591-83ab-e1386e36d2bd', N'MH017', N'Môn học Engage Virtual Info-Mediaries', 0),
  ('1e0ba48b-f39d-417f-b7cb-c435f6abf762', '10d1c544-fc85-4916-a699-c8b403bd70fe', N'MH018', N'Môn học Transform Compelling Niches', 1),
  ('554d5996-2887-4ed8-973e-c8a303832159', '6943212e-d539-4c3a-9ede-656572fae306', N'MH019', N'Môn học Utilize Enterprise Solutions', 0),
  ('5b641810-e3db-4c6a-b408-545c5fc6e802', '550cd862-b16d-485f-9119-414bea8d2deb', N'MH020', N'Môn học Target Best-Of-Breed Roi', 0),
  ('c6d7a6e1-df2c-4c23-98e3-7d5ae7125228', '575d68be-cce8-4f34-8cee-7274f23f8a25', N'MH021', N'Môn học Utilize E-Business E-Markets', 1),
  ('f63b2ea2-46a4-4de4-8f1f-3dda5a6a5e29', '6943212e-d539-4c3a-9ede-656572fae306', N'MH022', N'Môn học Generate Scalable E-Commerce', 0),
  ('701647e4-fcce-4b2d-917c-8cb3c9a215c4', 'd6de364b-4688-4d09-9e1f-1d8e34a3aa62', N'MH023', N'Môn học Matrix Killer Systems', 0),
  ('fb8e731d-8d07-4ea6-b217-6f6ceb4bd758', 'd6de364b-4688-4d09-9e1f-1d8e34a3aa62', N'MH024', N'Môn học Enhance Mission-Critical Info-Mediaries', 0),
  ('2c717697-bf21-4aeb-9cb1-09ff88e2448c', '575d68be-cce8-4f34-8cee-7274f23f8a25', N'MH025', N'Môn học Morph User-Centric E-Business', 1),
  ('45b4d89a-4551-4559-80e9-55a73154a753', '424adf53-6234-4d32-8e01-ea549aadd3c0', N'MH026', N'Môn học Transition Strategic Paradigms', 0),
  ('429323ae-345c-4d3b-a283-e6621a53b262', '2aa4a9b0-5985-4b8b-8d6a-a66905443410', N'MH027', N'Môn học Transform Revolutionary E-Commerce', 1),
  ('42bcced1-270d-4b87-b127-d22f1d20aecd', '5586381a-5dd0-4cc0-b5a0-338c4f20209d', N'MH028', N'Môn học E-Enable Compelling Bandwidth', 0),
  ('ef9b77ad-4b18-4328-a13e-01880fc537f2', 'a560710b-47e7-438b-bd7f-25c92ee23601', N'MH029', N'Môn học Incubate Distributed Channels', 0),
  ('68d83635-7ad8-4523-bfbc-4a881c7a9dfc', '17a6b8fa-8812-4f6d-8d42-b6d8dd19e4b4', N'MH030', N'Môn học Engineer Magnetic Initiatives', 0),
  ('8c2d3e79-765a-415f-b25e-91172d71dead', 'd9fb708d-981d-474b-b358-f6db7183c4f0', N'MH031', N'Môn học Architect World-Class Infrastructures', 0),
  ('5fd42d9e-02dc-4177-979c-cfa16eec377e', '6c83dc61-f262-431c-992f-6cf0f7303bac', N'MH032', N'Môn học Extend Robust Action-Items', 0),
  ('bca477e3-90cc-4128-bbaf-a103779a6f68', 'd3101933-9f93-439f-954e-406f624d089a', N'MH033', N'Môn học Generate Front-End Synergies', 1),
  ('88fbb950-acd0-47ec-82f8-e230de51a5ab', '5c1ae98b-7305-416c-add4-da9e95d94656', N'MH034', N'Môn học Innovate Frictionless Methodologies', 0),
  ('53a09fa1-26c1-4429-bfeb-dd3f6472acc9', '7e6fdfc8-4fbd-4edb-b4c6-cc94043fceee', N'MH035', N'Môn học Cultivate Strategic Experiences', 0),
  ('12013c79-2f88-4d27-baf5-fae65c49c2be', 'f6883efb-6200-48f5-a83e-53a8c87eda5f', N'MH036', N'Môn học Mesh Frictionless Schemas', 1),
  ('d8b7ab31-b529-4fb8-bf54-53010a705b2d', '194771db-ad59-45cf-a45d-13345782dd49', N'MH037', N'Môn học Implement Wireless Interfaces', 1),
  ('0f9868ab-28a2-492c-9527-570b723afd31', '7a7d9ddc-e562-42f4-a221-a54120e4f4b5', N'MH038', N'Môn học Synthesize Mission-Critical Communities', 0),
  ('76937e72-14a1-4976-a47d-a161cc4d89dd', '1a517a61-d66e-4f54-90e8-2abd4cb03f29', N'MH039', N'Môn học Maximize Transparent Action-Items', 0),
  ('047d3e58-0fe6-428b-87e2-c34001cb42fb', 'd9fb708d-981d-474b-b358-f6db7183c4f0', N'MH040', N'Môn học E-Enable Granular Partnerships', 0),
  ('c35e3de5-bab2-4399-bd1d-a0a9580622de', '10d1c544-fc85-4916-a699-c8b403bd70fe', N'MH041', N'Môn học Implement Cutting-Edge Vortals', 0),
  ('a6397717-7c13-47db-be4b-809f1dd298c5', '5586381a-5dd0-4cc0-b5a0-338c4f20209d', N'MH042', N'Môn học Engage Visionary Experiences', 1),
  ('9f5e261c-d72e-4c61-9297-a38754294b13', '2aa4a9b0-5985-4b8b-8d6a-a66905443410', N'MH043', N'Môn học Transform Back-End Applications', 0),
  ('e07cdda0-92db-487a-87c6-b4792ac96e49', 'f6883efb-6200-48f5-a83e-53a8c87eda5f', N'MH044', N'Môn học Architect Dynamic Portals', 0),
  ('5e0b7753-9635-4253-a59e-a3c5f3358c67', '6c83dc61-f262-431c-992f-6cf0f7303bac', N'MH045', N'Môn học Iterate Leading-Edge Platforms', 1),
  ('11a2b1ba-0ee2-4b2f-ba74-15b41a7b6763', '5586381a-5dd0-4cc0-b5a0-338c4f20209d', N'MH046', N'Môn học Embrace Global Partnerships', 0),
  ('70ac9daf-fd4b-4243-a993-1b457a51a29b', 'a560710b-47e7-438b-bd7f-25c92ee23601', N'MH047', N'Môn học Mesh Killer Networks', 0),
  ('7145fa87-5e15-4fd8-8126-3b53baccbd87', '194771db-ad59-45cf-a45d-13345782dd49', N'MH048', N'Môn học Monetize Plug-And-Play Functionalities', 0),
  ('38a800ef-03bc-4531-b747-62c505d2268a', '7e6fdfc8-4fbd-4edb-b4c6-cc94043fceee', N'MH049', N'Môn học Envisioneer Real-Time Roi', 0),
  ('4738e3ee-3f30-4cac-90bc-30337c457e81', '8077e6fa-e66c-4fe8-b8e2-7dbc06de4165', N'MH050', N'Môn học Engage Visionary Systems', 0);
GO

-- Data for CLO
INSERT INTO [dbo].[CLO] ([MaCLO], [MaMonHoc], [MaSoCLO], [TenCLO], [MoTa], [ThuTu], [TrangThai], [NgayTao], [NgaySua]) VALUES
  ('e266cae7-549f-4eb8-9782-1f5a6d9b4786', '364237c5-b271-4161-8e53-78a7a4ec501c', N'CLO1', N'Chuẩn đầu ra CLO1 cho Môn học Deliver Best-Of-Breed Synergies', N'Gần đang vài thì. Tại từng có rất đúng. Lớn sau của từ tại được chưa nhưng. Có mà như chưa.', 1, 1, '2025-06-04 07:22:45', NULL),
  ('07034a13-7c9b-4aaa-910e-44e4f5871e71', '364237c5-b271-4161-8e53-78a7a4ec501c', N'CLO2', N'Chuẩn đầu ra CLO2 cho Môn học Deliver Best-Of-Breed Synergies', N'Nếu chưa một cũng vẫn không hoặc. Theo với tại đó khi nhưng. Như để từ nào từ để số với.', 2, 1, '2025-05-23 15:17:16', NULL),
  ('e3ddfe09-9217-4d71-b593-6cbbc2ab4744', '364237c5-b271-4161-8e53-78a7a4ec501c', N'CLO3', N'Chuẩn đầu ra CLO3 cho Môn học Deliver Best-Of-Breed Synergies', N'Hơn để sau. Được trong dưới là hoặc từng. Đó nhưng bạn với đang của để.', 3, 1, '2025-05-10 07:27:42', NULL),
  ('91ea751e-a1cb-47d0-8588-cacfd1316d45', '364237c5-b271-4161-8e53-78a7a4ec501c', N'CLO4', N'Chuẩn đầu ra CLO4 cho Môn học Deliver Best-Of-Breed Synergies', N'Làm cũng bạn đang bên hơn. Bên khiến giống nào. Tự sẽ cách chỉ nhưng.', 4, 1, '2025-05-15 03:19:27', NULL),
  ('3d86b71f-dfb6-40aa-acd3-3f713bb11af9', '364237c5-b271-4161-8e53-78a7a4ec501c', N'CLO5', N'Chuẩn đầu ra CLO5 cho Môn học Deliver Best-Of-Breed Synergies', N'Với không với. Vẫn bên thay như đang trong. Cách đó rất có số.', 5, 1, '2025-05-27 22:30:49', NULL),
  ('a28b990a-0eb0-45f4-9fe8-97683b688dd4', '14d1ec21-caeb-4950-ab42-862ca10199f5', N'CLO1', N'Chuẩn đầu ra CLO1 cho Môn học Repurpose Holistic Partnerships', N'Điều với nhưng. Với sẽ cũng của.', 1, 1, '2025-05-07 23:57:25', NULL),
  ('ba21f259-352f-43e8-bb68-17cd3777e744', '14d1ec21-caeb-4950-ab42-862ca10199f5', N'CLO2', N'Chuẩn đầu ra CLO2 cho Môn học Repurpose Holistic Partnerships', N'Cũng lớn bên. Của rất từng tự. Mà là một từ các của.', 2, 1, '2025-05-18 05:07:19', NULL),
  ('652f98bb-4a8e-4140-a449-1f842a0d5ccb', '14d1ec21-caeb-4950-ab42-862ca10199f5', N'CLO3', N'Chuẩn đầu ra CLO3 cho Môn học Repurpose Holistic Partnerships', N'Số sẽ thì tự sẽ một. Thay vài thay khi bên tự thế. Có khiến không thế và nào bạn đang.', 3, 1, '2025-05-28 17:36:14', NULL),
  ('3806d461-4ba4-44a4-bd8e-0768fe038093', '14d1ec21-caeb-4950-ab42-862ca10199f5', N'CLO4', N'Chuẩn đầu ra CLO4 cho Môn học Repurpose Holistic Partnerships', N'Bạn giống để. Mà có có thay sẽ giống từ. Về là hoặc cho đã nơi như. Vì cũng vẫn đang thế khiến bên cách.', 4, 1, '2025-05-05 11:52:30', NULL),
  ('6bc22b76-5d1b-497e-a542-36b2e07e8eb7', '14d1ec21-caeb-4950-ab42-862ca10199f5', N'CLO5', N'Chuẩn đầu ra CLO5 cho Môn học Repurpose Holistic Partnerships', N'Tại của tự nhiều đang. Từ mỗi đến như của tôi.', 5, 1, '2025-05-29 22:21:15', NULL),
  ('725ab1b4-b066-4d3c-8fdf-4d4d61d9d02f', '96f99bb5-c339-40ce-aa18-7688bf0eef8d', N'CLO1', N'Chuẩn đầu ra CLO1 cho Môn học Mesh One-To-One E-Services', N'Một như có dưới và các sau. Trong các của với nếu tự.', 1, 1, '2025-05-28 17:25:38', NULL),
  ('9ca38374-4587-4c1e-b48d-d1950b007d0a', '96f99bb5-c339-40ce-aa18-7688bf0eef8d', N'CLO2', N'Chuẩn đầu ra CLO2 cho Môn học Mesh One-To-One E-Services', N'Cái của giống dưới nếu. Cái điều tôi là có như là. Tự được như nào làm. Chỉ hơn từ.', 2, 1, '2025-06-02 11:11:02', NULL),
  ('8d9fd46f-f0d9-4658-ba79-82dadc1e6cf1', '96f99bb5-c339-40ce-aa18-7688bf0eef8d', N'CLO3', N'Chuẩn đầu ra CLO3 cho Môn học Mesh One-To-One E-Services', N'Đúng tại có đang và có. Và chỉ các nếu cái nếu từng. Và các gần.', 3, 1, '2025-05-13 07:14:44', NULL),
  ('3e6abfd5-1e79-41b6-bdd9-bbc7e8f5966f', '96f99bb5-c339-40ce-aa18-7688bf0eef8d', N'CLO4', N'Chuẩn đầu ra CLO4 cho Môn học Mesh One-To-One E-Services', N'Không sau nhiều số khi hơn. Khi tự nhiều như theo.', 4, 1, '2025-05-18 15:05:23', NULL),
  ('946eae80-76b2-4ed0-9b29-83745ce54c06', '96f99bb5-c339-40ce-aa18-7688bf0eef8d', N'CLO5', N'Chuẩn đầu ra CLO5 cho Môn học Mesh One-To-One E-Services', N'Nhiều như làm hoặc để như hoặc cái. Như của đi vậy này một đó.', 5, 1, '2025-05-12 15:20:57', NULL),
  ('e6100b80-dafe-4ddc-aad2-da03e53e618c', '3cb91e25-c8ce-4fdb-9e34-4b33124c4b94', N'CLO1', N'Chuẩn đầu ra CLO1 cho Môn học Engineer Transparent Info-Mediaries', N'Thế một theo nếu rất hơn. Các cũng của bên thì hơn cái cũng. Để từng bên mỗi một tôi này hơn.', 1, 1, '2025-05-28 22:25:27', NULL),
  ('4573f579-00f3-4de3-a1fe-33f7035f216f', '3cb91e25-c8ce-4fdb-9e34-4b33124c4b94', N'CLO2', N'Chuẩn đầu ra CLO2 cho Môn học Engineer Transparent Info-Mediaries', N'Rất vì nơi vì để như làm. Như dưới trong giữa hoặc cũng và.', 2, 1, '2025-05-13 05:01:26', NULL),
  ('1c3999cb-ea7a-492d-902c-563cd0b11438', '3cb91e25-c8ce-4fdb-9e34-4b33124c4b94', N'CLO3', N'Chuẩn đầu ra CLO3 cho Môn học Engineer Transparent Info-Mediaries', N'Để cho nơi đúng này. Và đang bạn nào hơn vẫn. Bạn này đã cái.', 3, 1, '2025-05-14 21:05:18', NULL),
  ('b13a9fbf-7790-48f8-9391-95a995aced51', '3cb91e25-c8ce-4fdb-9e34-4b33124c4b94', N'CLO4', N'Chuẩn đầu ra CLO4 cho Môn học Engineer Transparent Info-Mediaries', N'Các từ nhưng này. Như nếu từng như các nơi với.', 4, 1, '2025-05-12 11:00:27', NULL),
  ('d9a541a8-69f5-4b81-95e7-3bf24c5d614c', '3cb91e25-c8ce-4fdb-9e34-4b33124c4b94', N'CLO5', N'Chuẩn đầu ra CLO5 cho Môn học Engineer Transparent Info-Mediaries', N'Thế cũng của là. Thế đúng là sau sẽ. Tại vẫn đó khi được.', 5, 1, '2025-05-28 21:47:29', NULL),
  ('1de6b473-d9e4-40fd-9cdb-3980e6b25992', 'c5ea0bab-a72f-4f8f-823e-a6343cbed8bf', N'CLO1', N'Chuẩn đầu ra CLO1 cho Môn học Morph Magnetic Supply-Chains', N'Nào vài của như của. Nhiều nhiều đã tự từng từng. Từ tại của như điều. Hơn đó thì tại là đi vài.', 1, 1, '2025-05-19 08:59:28', NULL),
  ('e9cfff2b-598f-4f10-bc7b-203ec99a3db3', 'c5ea0bab-a72f-4f8f-823e-a6343cbed8bf', N'CLO2', N'Chuẩn đầu ra CLO2 cho Môn học Morph Magnetic Supply-Chains', N'Như và của nhưng người. Cho tự cái mỗi mà từ nếu. Rất vậy với của cũng thì với.', 2, 1, '2025-06-02 10:30:34', NULL),
  ('de9e56e8-3cab-4dc4-bce6-d114f079920b', 'c5ea0bab-a72f-4f8f-823e-a6343cbed8bf', N'CLO3', N'Chuẩn đầu ra CLO3 cho Môn học Morph Magnetic Supply-Chains', N'Như cái sẽ bạn. Với người giữa cũng bên một.', 3, 1, '2025-05-29 17:50:49', NULL),
  ('8d2fe271-37d9-4483-8a6d-288bfe78613d', 'c5ea0bab-a72f-4f8f-823e-a6343cbed8bf', N'CLO4', N'Chuẩn đầu ra CLO4 cho Môn học Morph Magnetic Supply-Chains', N'Có cũng như điều như này dưới. Đúng hơn chỉ cũng cũng mỗi tại. Tự nào từ của vì cũng khiến. Người của gần vài như.', 4, 1, '2025-06-01 01:39:13', NULL),
  ('e5362acc-f64e-4764-8399-466a7a9a0bad', 'c5ea0bab-a72f-4f8f-823e-a6343cbed8bf', N'CLO5', N'Chuẩn đầu ra CLO5 cho Môn học Morph Magnetic Supply-Chains', N'Người nếu thì đang. Này đang vẫn của như. Số nào gần để.', 5, 1, '2025-05-27 23:40:13', NULL),
  ('9dff4d6c-b93d-4081-af73-1c0ed6c29305', 'ec1d8147-9a71-44d0-bb55-1846dc5b09c5', N'CLO1', N'Chuẩn đầu ra CLO1 cho Môn học Reinvent Robust Convergence', N'Bên vài với cho hơn nhiều cách. Với thế chỉ hoặc sau chỉ hoặc đó.', 1, 1, '2025-05-05 12:21:25', NULL),
  ('6c855b19-66c7-4916-875b-fd05fd51fd6a', 'ec1d8147-9a71-44d0-bb55-1846dc5b09c5', N'CLO2', N'Chuẩn đầu ra CLO2 cho Môn học Reinvent Robust Convergence', N'Và đi khi lớn vậy. Vì của của này.', 2, 1, '2025-05-21 20:48:41', NULL),
  ('a71f60e4-9265-4a1a-ab3b-e0b9414fe50a', 'ec1d8147-9a71-44d0-bb55-1846dc5b09c5', N'CLO3', N'Chuẩn đầu ra CLO3 cho Môn học Reinvent Robust Convergence', N'Nơi với của vẫn vẫn cũng này. Vì cho cho từ.', 3, 1, '2025-05-22 20:54:59', NULL),
  ('5a4f675f-da42-49e8-8b51-f4461d3d2f73', 'ec1d8147-9a71-44d0-bb55-1846dc5b09c5', N'CLO4', N'Chuẩn đầu ra CLO4 cho Môn học Reinvent Robust Convergence', N'Hoặc và cũng đã là. Điều để thế cũng tại. Nơi bạn từng với được khi theo với.', 4, 1, '2025-05-30 12:26:51', NULL),
  ('907a0408-97b4-4953-9504-8ef1b8d0eec0', 'ec1d8147-9a71-44d0-bb55-1846dc5b09c5', N'CLO5', N'Chuẩn đầu ra CLO5 cho Môn học Reinvent Robust Convergence', N'Cũng đi điều hoặc. Với thì đến đang.', 5, 1, '2025-05-11 03:51:48', NULL),
  ('87952d90-3406-488a-b41d-74e1e913c741', 'bc45c870-39ae-4882-b6b4-f79183722fd1', N'CLO1', N'Chuẩn đầu ra CLO1 cho Môn học E-Enable Cross-Media Functionalities', N'Cái làm nhưng số đúng để nào. Trong mỗi đó trong vài với chưa rất. Như của số khiến một.', 1, 1, '2025-05-17 18:24:53', NULL),
  ('ed1c1cd6-431a-4f76-99a1-27510fe33e72', 'bc45c870-39ae-4882-b6b4-f79183722fd1', N'CLO2', N'Chuẩn đầu ra CLO2 cho Môn học E-Enable Cross-Media Functionalities', N'Của có điều theo với giữa trong. Là bên như được nơi.', 2, 1, '2025-06-01 18:14:32', NULL),
  ('75c322d4-18dc-4fae-9d10-55cafa475dcc', 'bc45c870-39ae-4882-b6b4-f79183722fd1', N'CLO3', N'Chuẩn đầu ra CLO3 cho Môn học E-Enable Cross-Media Functionalities', N'Các khiến thì tại một như. Nào với một từ đến dưới. Vẫn để giống.', 3, 1, '2025-05-23 07:05:31', NULL),
  ('6ac07752-13e4-44aa-a662-31f88ac11df3', 'bc45c870-39ae-4882-b6b4-f79183722fd1', N'CLO4', N'Chuẩn đầu ra CLO4 cho Môn học E-Enable Cross-Media Functionalities', N'Trong như thay sau tự.', 4, 1, '2025-05-29 20:20:01', NULL),
  ('4e1ee393-1a2e-4e95-9b99-ac639743c146', 'bc45c870-39ae-4882-b6b4-f79183722fd1', N'CLO5', N'Chuẩn đầu ra CLO5 cho Môn học E-Enable Cross-Media Functionalities', N'Một nơi đúng gần khiến các của. Đúng người dưới tại.', 5, 1, '2025-06-01 04:52:11', NULL),
  ('6bca8c89-6598-4cc8-a200-9c72d1c18625', '19b6492c-7d58-4509-b8ee-25a8555fd538', N'CLO1', N'Chuẩn đầu ra CLO1 cho Môn học Transform Enterprise E-Markets', N'Dưới gần nhiều đi sẽ. Đi của chưa. Từ vẫn sau cách như như khiến.', 1, 1, '2025-05-16 11:51:05', NULL),
  ('21ffa1f9-32a1-4b22-831d-5e4404684d03', '19b6492c-7d58-4509-b8ee-25a8555fd538', N'CLO2', N'Chuẩn đầu ra CLO2 cho Môn học Transform Enterprise E-Markets', N'Khi như sẽ như với đã bạn. Khi tôi đang giữa cái từ hơn. Cũng có dưới đi nhiều gần tại.', 2, 1, '2025-05-28 07:23:11', NULL),
  ('df8c7037-42f6-48a2-8b4d-74ce5f02a295', '19b6492c-7d58-4509-b8ee-25a8555fd538', N'CLO3', N'Chuẩn đầu ra CLO3 cho Môn học Transform Enterprise E-Markets', N'Đó nhiều nào giữa các người. Của này của đang một người đang.', 3, 1, '2025-05-08 02:31:39', NULL),
  ('73dd1e7e-d580-461d-854e-a2ebb31be605', '19b6492c-7d58-4509-b8ee-25a8555fd538', N'CLO4', N'Chuẩn đầu ra CLO4 cho Môn học Transform Enterprise E-Markets', N'Đúng nơi chỉ khiến của. Như rất người có nhiều như. Một hoặc tại đang với giống nhiều. Được với bạn gần có.', 4, 1, '2025-05-21 11:17:34', NULL),
  ('db3111c2-dfb1-448a-aa6d-77f0597a6162', '19b6492c-7d58-4509-b8ee-25a8555fd538', N'CLO5', N'Chuẩn đầu ra CLO5 cho Môn học Transform Enterprise E-Markets', N'Như như đó. Có vẫn lớn làm là với.', 5, 1, '2025-06-04 00:40:41', NULL),
  ('adc637a5-71a8-4374-9e34-4a7abf0cbc34', '1c1547e7-52ef-4156-88d0-2d08fda0f445', N'CLO1', N'Chuẩn đầu ra CLO1 cho Môn học Matrix Cutting-Edge Web Services', N'Các cho có tại đó đúng như từ. Gần cũng khi không vậy đúng này. Nhưng chỉ sẽ hơn khiến theo.', 1, 1, '2025-05-17 17:55:55', NULL),
  ('63425e61-27b5-4dc4-8da8-a7bccef80ccd', '1c1547e7-52ef-4156-88d0-2d08fda0f445', N'CLO2', N'Chuẩn đầu ra CLO2 cho Môn học Matrix Cutting-Edge Web Services', N'Cũng không thế với trong. Không vài và số. Từ như thay sẽ vì theo giữa.', 2, 1, '2025-05-29 21:40:34', NULL),
  ('ef4a0540-ff20-4648-9c0e-1793f5f4ed3d', '1c1547e7-52ef-4156-88d0-2d08fda0f445', N'CLO3', N'Chuẩn đầu ra CLO3 cho Môn học Matrix Cutting-Edge Web Services', N'Cũng này đúng đúng cũng khiến và. Dưới bạn người để để.', 3, 1, '2025-05-16 21:01:07', NULL),
  ('34b89b01-a00a-47ea-8c09-bda7313def72', '1c1547e7-52ef-4156-88d0-2d08fda0f445', N'CLO4', N'Chuẩn đầu ra CLO4 cho Môn học Matrix Cutting-Edge Web Services', N'Sau khi trong các làm dưới sau. Rất đến vậy. Rất sẽ đến các từ như. Giữa cũng đó cái để mỗi.', 4, 1, '2025-05-10 04:38:37', NULL),
  ('a0604fc1-f99e-46bd-9abc-07d8af3b284c', '1c1547e7-52ef-4156-88d0-2d08fda0f445', N'CLO5', N'Chuẩn đầu ra CLO5 cho Môn học Matrix Cutting-Edge Web Services', N'Gần là về cách cái giữa. Của vì có từ là cũng.', 5, 1, '2025-05-11 06:16:02', NULL),
  ('ca3b6bef-2c52-43fb-a3b1-aa2887be6751', '502ae39b-3b21-4e57-824f-b5d779d6eb1a', N'CLO1', N'Chuẩn đầu ra CLO1 cho Môn học Productize Synergistic Technologies', N'Với hoặc điều của hơn. Này cho nếu trong để cách. Khi thì thay. Khiến đã vài của làm đó cũng.', 1, 1, '2025-05-18 03:10:23', NULL),
  ('1ed70d20-5289-42be-9af7-5e62b18917cc', '502ae39b-3b21-4e57-824f-b5d779d6eb1a', N'CLO2', N'Chuẩn đầu ra CLO2 cho Môn học Productize Synergistic Technologies', N'Một một đến gần cách để bên từ. Như tự nào có mỗi như tại. Có đã vài mà của đến cái.', 2, 1, '2025-05-16 09:19:48', NULL),
  ('13d18f8c-d0e5-4d29-afe6-ba9d35615d6a', '502ae39b-3b21-4e57-824f-b5d779d6eb1a', N'CLO3', N'Chuẩn đầu ra CLO3 cho Môn học Productize Synergistic Technologies', N'Từ dưới này bạn và vài thế mỗi. Của chỉ người. Trong nhiều nhưng nếu của cho. Hơn theo như tôi như.', 3, 1, '2025-05-17 19:23:52', NULL),
  ('4edd0d58-ebfc-4984-bdd6-37729d42ec3b', '502ae39b-3b21-4e57-824f-b5d779d6eb1a', N'CLO4', N'Chuẩn đầu ra CLO4 cho Môn học Productize Synergistic Technologies', N'Vậy tại để một nếu. Nhưng như từ và. Chỉ các có vậy tự thì vậy và.', 4, 1, '2025-05-30 03:44:23', NULL),
  ('21d4eafe-e19b-4cc4-b8e1-9f0e49706f79', '502ae39b-3b21-4e57-824f-b5d779d6eb1a', N'CLO5', N'Chuẩn đầu ra CLO5 cho Môn học Productize Synergistic Technologies', N'Các cho có người. Để đang của khi giữa.', 5, 1, '2025-05-19 11:29:33', NULL),
  ('9d0336bf-9cdc-4255-932f-84403746e1e5', 'b7af3a95-5c84-4309-9e27-b3cb4ac62efa', N'CLO1', N'Chuẩn đầu ra CLO1 cho Môn học Envisioneer Magnetic Channels', N'Thì được giữa chưa dưới đi khi. Lớn nhưng để đã.', 1, 1, '2025-05-17 12:25:04', NULL),
  ('9f986f4c-0722-404f-8b21-8c3af6132249', 'b7af3a95-5c84-4309-9e27-b3cb4ac62efa', N'CLO2', N'Chuẩn đầu ra CLO2 cho Môn học Envisioneer Magnetic Channels', N'Dưới tại tại của một. Nơi được một để đi của với.', 2, 1, '2025-05-08 02:39:00', NULL),
  ('0ee19346-e4a6-44ba-8ee6-a572ef9426e6', 'b7af3a95-5c84-4309-9e27-b3cb4ac62efa', N'CLO3', N'Chuẩn đầu ra CLO3 cho Môn học Envisioneer Magnetic Channels', N'Tôi vậy như để nhiều dưới sau. Như tự mà của. Nhiều hoặc đến dưới thay đó cũng được. Hơn vậy trong đi hoặc.', 3, 1, '2025-06-03 19:55:48', NULL),
  ('ac22c4f9-a7d7-455b-bc5e-6e052cee790e', 'b7af3a95-5c84-4309-9e27-b3cb4ac62efa', N'CLO4', N'Chuẩn đầu ra CLO4 cho Môn học Envisioneer Magnetic Channels', N'Để hơn bạn của của. Và nhiều sau lớn. Số trong chưa nơi. Có từng thì dưới.', 4, 1, '2025-05-18 15:36:54', NULL),
  ('ac486758-38c3-410d-ae5b-17cf1d056dc2', 'b7af3a95-5c84-4309-9e27-b3cb4ac62efa', N'CLO5', N'Chuẩn đầu ra CLO5 cho Môn học Envisioneer Magnetic Channels', N'Về tôi của có cái với thay. Sau nhiều thay trong gần bên có từng. Một các nơi có từ để.', 5, 1, '2025-06-02 16:04:05', NULL),
  ('0c59398f-c58a-475a-8ab9-16d8434dc4ca', '46222303-4580-4161-b140-652b16dabe9b', N'CLO1', N'Chuẩn đầu ra CLO1 cho Môn học Disintermediate Compelling Networks', N'Mỗi cũng nhiều là vẫn một. Sẽ vì trong hoặc. Nhiều có này sẽ có.', 1, 1, '2025-05-13 08:12:07', NULL),
  ('dd3caf6b-9740-4b54-92e7-f0760bc4ead7', '46222303-4580-4161-b140-652b16dabe9b', N'CLO2', N'Chuẩn đầu ra CLO2 cho Môn học Disintermediate Compelling Networks', N'Về thì không cũng tự. Rất vài vẫn. Để không có để của vậy để.', 2, 1, '2025-05-22 20:35:41', NULL),
  ('c867c7f8-5925-4de6-a99a-48da81360b37', '46222303-4580-4161-b140-652b16dabe9b', N'CLO3', N'Chuẩn đầu ra CLO3 cho Môn học Disintermediate Compelling Networks', N'Là về giữa từng một để. Trong thế chưa tại. Để vì bạn vài.', 3, 1, '2025-05-31 01:14:12', NULL),
  ('03624df0-ab3a-417b-bbb1-287ffe4084c8', '46222303-4580-4161-b140-652b16dabe9b', N'CLO4', N'Chuẩn đầu ra CLO4 cho Môn học Disintermediate Compelling Networks', N'Tại thì bên. Không để và như tại vài về. Để bên có thì.', 4, 1, '2025-05-18 11:02:28', NULL),
  ('f5742bb1-7f70-45f1-8044-54b92c4982ce', '46222303-4580-4161-b140-652b16dabe9b', N'CLO5', N'Chuẩn đầu ra CLO5 cho Môn học Disintermediate Compelling Networks', N'Của của chỉ tại nếu khiến từng. Giống được người của rất của.', 5, 1, '2025-05-14 04:55:50', NULL),
  ('6d5d4544-037e-4566-8e49-f661d7f5208e', '5ad67962-0e81-4af0-9fa9-bcace93d91a5', N'CLO1', N'Chuẩn đầu ra CLO1 cho Môn học Facilitate Bricks-And-Clicks Metrics', N'Đã thay để khi và vài. Trong giữa theo tại tôi làm người. Nhưng này từng các theo có.', 1, 1, '2025-05-22 13:54:10', NULL),
  ('baa8c48e-cc82-4f1d-a276-1a071e8cdc37', '5ad67962-0e81-4af0-9fa9-bcace93d91a5', N'CLO2', N'Chuẩn đầu ra CLO2 cho Môn học Facilitate Bricks-And-Clicks Metrics', N'Vì các về mỗi vậy đang thì đúng. Lớn đúng tự trong vì này dưới để. Với giữa hoặc để từng thì.', 2, 1, '2025-05-31 03:51:35', NULL),
  ('dcf33b2d-8227-4103-9eea-7a3d7105955f', '5ad67962-0e81-4af0-9fa9-bcace93d91a5', N'CLO3', N'Chuẩn đầu ra CLO3 cho Môn học Facilitate Bricks-And-Clicks Metrics', N'Sẽ để từ tại với tại là. Nếu như sau lớn. Vẫn lớn về trong trong với.', 3, 1, '2025-05-11 23:05:41', NULL),
  ('401772cd-484b-4745-afb0-284bbe78bdcc', '5ad67962-0e81-4af0-9fa9-bcace93d91a5', N'CLO4', N'Chuẩn đầu ra CLO4 cho Môn học Facilitate Bricks-And-Clicks Metrics', N'Số như của từ. Mỗi trong sẽ chỉ dưới tôi này với.', 4, 1, '2025-05-28 20:09:52', NULL),
  ('5cae61be-018c-4dc0-aedb-04735be39771', '5ad67962-0e81-4af0-9fa9-bcace93d91a5', N'CLO5', N'Chuẩn đầu ra CLO5 cho Môn học Facilitate Bricks-And-Clicks Metrics', N'Hơn chưa giữa của nhiều cũng. Không này đến để thì của để.', 5, 1, '2025-05-23 07:32:45', NULL),
  ('93282bda-98a7-463c-a484-25b2e93cb799', '1df02f89-56d9-418b-88f7-a8759f182d7f', N'CLO1', N'Chuẩn đầu ra CLO1 cho Môn học Utilize Leading-Edge E-Markets', N'Thay có cũng trong. Hoặc vậy đã của dưới thế nhưng để. Đang sau theo theo điều trong tự. Như thế với một đã theo như.', 1, 1, '2025-05-26 19:54:03', NULL),
  ('d7f7f4ec-3232-4b93-a40b-a66f716f0574', '1df02f89-56d9-418b-88f7-a8759f182d7f', N'CLO2', N'Chuẩn đầu ra CLO2 cho Môn học Utilize Leading-Edge E-Markets', N'Về nào vài số một. Khi làm đã thế theo trong.', 2, 1, '2025-05-20 04:38:00', NULL),
  ('2ccaa57a-7ead-4247-a481-e3c123253d21', '1df02f89-56d9-418b-88f7-a8759f182d7f', N'CLO3', N'Chuẩn đầu ra CLO3 cho Môn học Utilize Leading-Edge E-Markets', N'Như được không này sau nhiều làm.', 3, 1, '2025-06-03 07:43:28', NULL),
  ('2c2e28db-8119-42f9-b53c-4f908e8a3611', '1df02f89-56d9-418b-88f7-a8759f182d7f', N'CLO4', N'Chuẩn đầu ra CLO4 cho Môn học Utilize Leading-Edge E-Markets', N'Có hoặc nhưng.', 4, 1, '2025-05-08 00:41:03', NULL),
  ('32b11cdc-d9f2-4f7e-9b37-4a6f84872e44', '1df02f89-56d9-418b-88f7-a8759f182d7f', N'CLO5', N'Chuẩn đầu ra CLO5 cho Môn học Utilize Leading-Edge E-Markets', N'Của thế với từ này nơi giữa. Vẫn có nhưng. Có giống vì của thay tại tự. Đã trong có để.', 5, 1, '2025-05-18 17:04:16', NULL),
  ('d4d4c74f-9a30-4166-8508-acaa0c51659f', '9c47600f-ec08-4723-9c39-5452747c3013', N'CLO1', N'Chuẩn đầu ra CLO1 cho Môn học Empower Turn-Key Vortals', N'Có của như có này. Được từ có là từng hơn được.', 1, 1, '2025-05-25 03:56:12', NULL),
  ('1177a518-a1b3-43dc-be74-5da591c1630c', '9c47600f-ec08-4723-9c39-5452747c3013', N'CLO2', N'Chuẩn đầu ra CLO2 cho Môn học Empower Turn-Key Vortals', N'Như có của có. Cũng vì cũng như của để đến. Cũng mà đến khi về mỗi.', 2, 1, '2025-05-30 01:38:51', NULL),
  ('b6840e54-8fce-416d-972a-392b264abfc7', '9c47600f-ec08-4723-9c39-5452747c3013', N'CLO3', N'Chuẩn đầu ra CLO3 cho Môn học Empower Turn-Key Vortals', N'Thế người là của đó để làm. Nhưng đúng giữa có.', 3, 1, '2025-05-24 07:37:47', NULL),
  ('2e3a81e0-ba20-41c5-9d24-b81d2ab2e172', '9c47600f-ec08-4723-9c39-5452747c3013', N'CLO4', N'Chuẩn đầu ra CLO4 cho Môn học Empower Turn-Key Vortals', N'Nhiều của vẫn mỗi có sau. Lớn điều giống từ người cũng nhưng.', 4, 1, '2025-05-10 05:32:10', NULL),
  ('57f9e3d7-9be5-446f-9aba-93b136c56263', '9c47600f-ec08-4723-9c39-5452747c3013', N'CLO5', N'Chuẩn đầu ra CLO5 cho Môn học Empower Turn-Key Vortals', N'Theo từ giữa để của mỗi. Khi giữa từ chỉ.', 5, 1, '2025-05-12 19:08:07', NULL),
  ('7c33dc8b-deeb-4b76-a0be-ed3ea8d19cc6', 'b154e18d-9d4b-4bc2-9a11-d94710762d37', N'CLO1', N'Chuẩn đầu ra CLO1 cho Môn học Transform Strategic Markets', N'Một để là với. Đang chưa bạn để đến gần. Điều dưới cái để với thế khiến.', 1, 1, '2025-05-29 09:03:38', NULL),
  ('4b721a01-d881-4b25-ac83-1eaf610ddd00', 'b154e18d-9d4b-4bc2-9a11-d94710762d37', N'CLO2', N'Chuẩn đầu ra CLO2 cho Môn học Transform Strategic Markets', N'Với giữa trong có về. Thay đúng cũng mà. Không đó nơi thế người. Giữa hơn nếu theo giống.', 2, 1, '2025-06-03 16:59:14', NULL),
  ('aa846bad-88b8-400c-97f7-47c0a7838513', 'b154e18d-9d4b-4bc2-9a11-d94710762d37', N'CLO3', N'Chuẩn đầu ra CLO3 cho Môn học Transform Strategic Markets', N'Bạn với vài một để. Nhưng khi khi.', 3, 1, '2025-05-07 13:39:21', NULL),
  ('d927a0fe-d371-4d71-93db-20e5d3a0c5da', 'b154e18d-9d4b-4bc2-9a11-d94710762d37', N'CLO4', N'Chuẩn đầu ra CLO4 cho Môn học Transform Strategic Markets', N'Mà vì có vẫn một thì. Mỗi nơi thế vậy nhiều với như như.', 4, 1, '2025-05-13 21:11:38', NULL),
  ('7e800503-e82a-4814-a3b2-dbbd8655d261', 'b154e18d-9d4b-4bc2-9a11-d94710762d37', N'CLO5', N'Chuẩn đầu ra CLO5 cho Môn học Transform Strategic Markets', N'Có nơi tự.', 5, 1, '2025-05-22 20:09:23', NULL),
  ('3134ebd4-d9ca-4847-9637-7ffe97a0bc50', 'c9cee9d6-deb4-4000-97c6-f5f68a310cd6', N'CLO1', N'Chuẩn đầu ra CLO1 cho Môn học Engage Virtual Info-Mediaries', N'Số mỗi nếu các thì nhưng vài. Thì trong thì khi dưới hơn đã.', 1, 1, '2025-05-06 03:30:32', NULL),
  ('0eabf524-35c4-4796-99dd-3acefe3f02e1', 'c9cee9d6-deb4-4000-97c6-f5f68a310cd6', N'CLO2', N'Chuẩn đầu ra CLO2 cho Môn học Engage Virtual Info-Mediaries', N'Có có giống đã hơn mỗi đã. Chỉ đúng mà nếu là vì giống. Tại để để một tôi nhưng thế là.', 2, 1, '2025-05-21 11:27:41', NULL),
  ('3a33c893-7701-4f24-b2ac-64fd1a9a4a5d', 'c9cee9d6-deb4-4000-97c6-f5f68a310cd6', N'CLO3', N'Chuẩn đầu ra CLO3 cho Môn học Engage Virtual Info-Mediaries', N'Cũng các nào tại giống của. Cũng mà tại.', 3, 1, '2025-06-03 13:55:12', NULL),
  ('fda207d3-80cc-4c3c-8295-ae79a8dd5f93', 'c9cee9d6-deb4-4000-97c6-f5f68a310cd6', N'CLO4', N'Chuẩn đầu ra CLO4 cho Môn học Engage Virtual Info-Mediaries', N'Nhưng đi của giữa khi như để. Mỗi của thì gần gần. Theo như tại khi.', 4, 1, '2025-05-26 11:03:13', NULL),
  ('aded088f-c7ff-4b7f-9f04-34be012e8de5', 'c9cee9d6-deb4-4000-97c6-f5f68a310cd6', N'CLO5', N'Chuẩn đầu ra CLO5 cho Môn học Engage Virtual Info-Mediaries', N'Khi để chưa tôi làm. Cách gần không giữa cách như trong. Để từng mỗi vẫn không của một về.', 5, 1, '2025-05-15 17:52:01', NULL),
  ('be947fdd-50d6-431b-a6e8-6e851063853d', '1e0ba48b-f39d-417f-b7cb-c435f6abf762', N'CLO1', N'Chuẩn đầu ra CLO1 cho Môn học Transform Compelling Niches', N'Số cũng với tự như. Điều thế của mà của cái cũng. Không lớn điều như. Và vài bên với.', 1, 1, '2025-05-14 13:34:11', NULL),
  ('02c462b5-5bf5-4eca-846e-207018332ce7', '1e0ba48b-f39d-417f-b7cb-c435f6abf762', N'CLO2', N'Chuẩn đầu ra CLO2 cho Môn học Transform Compelling Niches', N'Cũng đang khi thì. Như được như. Trong giống hoặc không để.', 2, 1, '2025-06-03 10:04:36', NULL),
  ('73864785-1b04-470b-b871-5629122df961', '1e0ba48b-f39d-417f-b7cb-c435f6abf762', N'CLO3', N'Chuẩn đầu ra CLO3 cho Môn học Transform Compelling Niches', N'Đang của của với trong cái cũng. Hơn nhưng cách khi nơi. Vài như nếu bạn có từ nhưng. Tại đúng có tự đến.', 3, 1, '2025-05-08 22:35:43', NULL),
  ('fdf384c5-dcb0-4c58-b555-f8d46ddb3c17', '1e0ba48b-f39d-417f-b7cb-c435f6abf762', N'CLO4', N'Chuẩn đầu ra CLO4 cho Môn học Transform Compelling Niches', N'Người số với đang. Của theo cái. Về đang cũng.', 4, 1, '2025-05-19 20:41:17', NULL),
  ('2f41e0f3-6592-4766-8eab-a8fe34116b1b', '1e0ba48b-f39d-417f-b7cb-c435f6abf762', N'CLO5', N'Chuẩn đầu ra CLO5 cho Môn học Transform Compelling Niches', N'Vài sau vì theo. Một hoặc để số thay theo một đó. Đúng với giống mỗi theo nhưng như. Trong như trong này thay của giống cũng.', 5, 1, '2025-05-10 02:34:11', NULL),
  ('3b4b62e0-fab2-46ad-9919-6632f2149d65', '554d5996-2887-4ed8-973e-c8a303832159', N'CLO1', N'Chuẩn đầu ra CLO1 cho Môn học Utilize Enterprise Solutions', N'Khi vậy mà được nơi. Đã tự từng giống thì. Đúng cách nơi như cái cách.', 1, 1, '2025-05-25 23:54:12', NULL),
  ('3d2fe565-ed47-4940-9280-fc667d0710a6', '554d5996-2887-4ed8-973e-c8a303832159', N'CLO2', N'Chuẩn đầu ra CLO2 cho Môn học Utilize Enterprise Solutions', N'Thì từng nơi các điều bên nếu. Đó từ tự mỗi của.', 2, 1, '2025-05-28 07:56:47', NULL),
  ('cf8662c0-4a27-477c-891a-ae162bbf6e27', '554d5996-2887-4ed8-973e-c8a303832159', N'CLO3', N'Chuẩn đầu ra CLO3 cho Môn học Utilize Enterprise Solutions', N'Chỉ vậy thay nhưng và. Cũng đi và. Hơn được bên để nơi. Đi vài nào thay vậy thế tôi.', 3, 1, '2025-05-18 23:59:54', NULL),
  ('a0d405ee-c1a6-417c-a732-7257dac1bae6', '554d5996-2887-4ed8-973e-c8a303832159', N'CLO4', N'Chuẩn đầu ra CLO4 cho Môn học Utilize Enterprise Solutions', N'Mà như để là. Vì như mà một nhiều như tôi cũng. Này cũng nhiều sau. Và chỉ của rất đang hơn.', 4, 1, '2025-05-25 15:54:29', NULL),
  ('f9072e60-6b6d-412c-912a-2285c958ca4e', '554d5996-2887-4ed8-973e-c8a303832159', N'CLO5', N'Chuẩn đầu ra CLO5 cho Môn học Utilize Enterprise Solutions', N'Vài cái chưa cho nếu bạn. Khiến đã đang người. Tự cái giống từ.', 5, 1, '2025-05-18 05:10:23', NULL),
  ('9420c624-88e8-4f8f-a9e3-3058a63e6834', '5b641810-e3db-4c6a-b408-545c5fc6e802', N'CLO1', N'Chuẩn đầu ra CLO1 cho Môn học Target Best-Of-Breed Roi', N'Đúng đã để rất sau không nhưng. Để gần cũng giống nhiều hơn làm. Được thế từ của.', 1, 1, '2025-05-05 15:54:06', NULL),
  ('bc91306e-ba59-45eb-87d4-7c17de46fd47', '5b641810-e3db-4c6a-b408-545c5fc6e802', N'CLO2', N'Chuẩn đầu ra CLO2 cho Môn học Target Best-Of-Breed Roi', N'Mỗi cũng đi của đi về bên. Khiến từ người thay cũng cũng này. Này như thì.', 2, 1, '2025-05-23 00:07:32', NULL),
  ('4b522bd0-d896-4344-9684-862aec218cb2', '5b641810-e3db-4c6a-b408-545c5fc6e802', N'CLO3', N'Chuẩn đầu ra CLO3 cho Môn học Target Best-Of-Breed Roi', N'Và được mỗi một đã. Đúng nhưng dưới các vài.', 3, 1, '2025-05-10 16:03:15', NULL),
  ('2ea30dea-5638-4d5a-b1cf-8b9312ee3e20', '5b641810-e3db-4c6a-b408-545c5fc6e802', N'CLO4', N'Chuẩn đầu ra CLO4 cho Môn học Target Best-Of-Breed Roi', N'Đi tại hơn bạn đang khiến theo được.', 4, 1, '2025-05-27 05:33:06', NULL),
  ('47d5fef1-25ef-406f-b963-1b5a53704dd6', '5b641810-e3db-4c6a-b408-545c5fc6e802', N'CLO5', N'Chuẩn đầu ra CLO5 cho Môn học Target Best-Of-Breed Roi', N'Giống tôi khi để vài này với. Cũng đi giống trong hơn cũng.', 5, 1, '2025-05-30 03:00:47', NULL),
  ('7f33c679-c72d-4682-a29d-5a38aed05965', 'c6d7a6e1-df2c-4c23-98e3-7d5ae7125228', N'CLO1', N'Chuẩn đầu ra CLO1 cho Môn học Utilize E-Business E-Markets', N'Thế sẽ của. Rất cái trong. Cũng để với vài đã khiến có.', 1, 1, '2025-05-26 05:55:14', NULL),
  ('b16be3fa-2e4c-49b5-bfaa-4d0cc5f2a575', 'c6d7a6e1-df2c-4c23-98e3-7d5ae7125228', N'CLO2', N'Chuẩn đầu ra CLO2 cho Môn học Utilize E-Business E-Markets', N'Điều trong hơn sau khiến không. Của nhưng để. Có của hoặc sau được cách.', 2, 1, '2025-05-30 05:49:14', NULL),
  ('59bcf413-5b80-472c-8558-77a3c38d7906', 'c6d7a6e1-df2c-4c23-98e3-7d5ae7125228', N'CLO3', N'Chuẩn đầu ra CLO3 cho Môn học Utilize E-Business E-Markets', N'Sẽ như bạn như đang. Vì để đi trong bên đang.', 3, 1, '2025-06-01 05:14:33', NULL),
  ('9a53d8e4-dd18-401d-a273-fa44408723b2', 'c6d7a6e1-df2c-4c23-98e3-7d5ae7125228', N'CLO4', N'Chuẩn đầu ra CLO4 cho Môn học Utilize E-Business E-Markets', N'Trong để đó nhiều các trong được. Một chưa và cũng chưa như.', 4, 1, '2025-05-18 01:46:00', NULL),
  ('ff080eb7-74a4-407a-bc89-51b58cc7fd36', 'c6d7a6e1-df2c-4c23-98e3-7d5ae7125228', N'CLO5', N'Chuẩn đầu ra CLO5 cho Môn học Utilize E-Business E-Markets', N'Trong để chưa đó. Đã gần như.', 5, 1, '2025-05-10 07:53:23', NULL),
  ('eac191f3-c5af-4701-86dd-2d00f9185009', 'f63b2ea2-46a4-4de4-8f1f-3dda5a6a5e29', N'CLO1', N'Chuẩn đầu ra CLO1 cho Môn học Generate Scalable E-Commerce', N'Có cái tại như bạn trong cũng. Tự nhiều từng thế.', 1, 1, '2025-05-19 04:34:31', NULL),
  ('5422aec6-50c3-4f81-824c-5939bb7ee2ef', 'f63b2ea2-46a4-4de4-8f1f-3dda5a6a5e29', N'CLO2', N'Chuẩn đầu ra CLO2 cho Môn học Generate Scalable E-Commerce', N'Sẽ người đến và đang đang chỉ đang. Mà cái mà khi đang và nơi. Một tại thay dưới nếu từ điều.', 2, 1, '2025-05-28 23:49:45', NULL),
  ('5822b649-fddd-4d5e-a87b-02571917eae2', 'f63b2ea2-46a4-4de4-8f1f-3dda5a6a5e29', N'CLO3', N'Chuẩn đầu ra CLO3 cho Môn học Generate Scalable E-Commerce', N'Mà khiến cách gần vài từ nơi. Hơn tự làm thay của. Gần để có theo cách được với.', 3, 1, '2025-05-21 12:33:53', NULL),
  ('91b1bb00-a89c-43f8-a632-f0fdac7b59f3', 'f63b2ea2-46a4-4de4-8f1f-3dda5a6a5e29', N'CLO4', N'Chuẩn đầu ra CLO4 cho Môn học Generate Scalable E-Commerce', N'Chưa về các sẽ. Vài sẽ theo nhưng tôi.', 4, 1, '2025-05-24 06:57:35', NULL),
  ('294711fc-5504-4c80-93ef-a55a9cf5f2f2', 'f63b2ea2-46a4-4de4-8f1f-3dda5a6a5e29', N'CLO5', N'Chuẩn đầu ra CLO5 cho Môn học Generate Scalable E-Commerce', N'Này làm vì số trong. Sau đã chỉ một sẽ như. Bạn cái là trong nếu.', 5, 1, '2025-05-26 07:20:25', NULL),
  ('4448245a-6eaa-45fd-b311-7eba18b3ca56', '701647e4-fcce-4b2d-917c-8cb3c9a215c4', N'CLO1', N'Chuẩn đầu ra CLO1 cho Môn học Matrix Killer Systems', N'Rất bên được nếu mỗi đã. Điều thì điều mà lớn nhiều. Gần của sẽ vậy cái từ.', 1, 1, '2025-05-10 11:32:18', NULL),
  ('7be8481e-bed7-4479-a15c-091f04880cd4', '701647e4-fcce-4b2d-917c-8cb3c9a215c4', N'CLO2', N'Chuẩn đầu ra CLO2 cho Môn học Matrix Killer Systems', N'Người các giống để nhiều.', 2, 1, '2025-05-19 18:48:58', NULL),
  ('1cc6625c-29a6-4e15-b94e-da0e87d4868c', '701647e4-fcce-4b2d-917c-8cb3c9a215c4', N'CLO3', N'Chuẩn đầu ra CLO3 cho Môn học Matrix Killer Systems', N'Cách số người đó. Vì sau được hoặc. Có từ giống từ nhiều có nếu cũng.', 3, 1, '2025-05-23 22:56:39', NULL),
  ('4e8375f2-478a-4c7c-9f51-d4c056534b12', '701647e4-fcce-4b2d-917c-8cb3c9a215c4', N'CLO4', N'Chuẩn đầu ra CLO4 cho Môn học Matrix Killer Systems', N'Nếu như giữa làm tự. Có cho dưới như của lớn tự từ. Số như cách gần nhưng của sẽ đang.', 4, 1, '2025-05-28 12:52:43', NULL),
  ('488413c9-9c15-48a0-a08d-221f748a7e65', '701647e4-fcce-4b2d-917c-8cb3c9a215c4', N'CLO5', N'Chuẩn đầu ra CLO5 cho Môn học Matrix Killer Systems', N'Tại nơi với khiến sau như thay nơi. Hoặc mà bên dưới. Mỗi của không của của số.', 5, 1, '2025-05-08 18:05:53', NULL),
  ('8de9a790-78ab-4892-94f3-89e8632d261b', 'fb8e731d-8d07-4ea6-b217-6f6ceb4bd758', N'CLO1', N'Chuẩn đầu ra CLO1 cho Môn học Enhance Mission-Critical Info-Mediaries', N'Sau tại hoặc cho của từ lớn. Mỗi như tại với bên như chỉ. Đã từ cũng của đó.', 1, 1, '2025-05-13 15:02:02', NULL),
  ('3646cdf0-c5e2-454a-8667-7c2345e0236d', 'fb8e731d-8d07-4ea6-b217-6f6ceb4bd758', N'CLO2', N'Chuẩn đầu ra CLO2 cho Môn học Enhance Mission-Critical Info-Mediaries', N'Trong sẽ từ về tôi.', 2, 1, '2025-05-10 02:31:02', NULL),
  ('f41469fd-8810-455c-91b9-d3ed06180608', 'fb8e731d-8d07-4ea6-b217-6f6ceb4bd758', N'CLO3', N'Chuẩn đầu ra CLO3 cho Môn học Enhance Mission-Critical Info-Mediaries', N'Vài về thế làm như được nếu. Mỗi người thế. Như đến cũng lớn thay như vẫn đang.', 3, 1, '2025-05-20 09:28:05', NULL),
  ('03f09e89-544c-40c3-90c0-1e3994752dde', 'fb8e731d-8d07-4ea6-b217-6f6ceb4bd758', N'CLO4', N'Chuẩn đầu ra CLO4 cho Môn học Enhance Mission-Critical Info-Mediaries', N'Với giữa và một. Cũng một từ.', 4, 1, '2025-05-23 06:17:16', NULL),
  ('e9870172-2e36-49a6-afc5-e5fd1252bbf4', 'fb8e731d-8d07-4ea6-b217-6f6ceb4bd758', N'CLO5', N'Chuẩn đầu ra CLO5 cho Môn học Enhance Mission-Critical Info-Mediaries', N'Sau hoặc giữa hơn bạn để.', 5, 1, '2025-05-21 11:49:55', NULL),
  ('2c4ed5e3-4798-43df-b957-efe02ddec513', '2c717697-bf21-4aeb-9cb1-09ff88e2448c', N'CLO1', N'Chuẩn đầu ra CLO1 cho Môn học Morph User-Centric E-Business', N'Này bạn làm khi. Được này nơi tự vì giữa. Đang hoặc từ. Cách đã gần lớn từ theo được.', 1, 1, '2025-05-08 14:53:02', NULL),
  ('0064f27e-3d3a-4e54-83ea-7a4a03c32dc7', '2c717697-bf21-4aeb-9cb1-09ff88e2448c', N'CLO2', N'Chuẩn đầu ra CLO2 cho Môn học Morph User-Centric E-Business', N'Như hoặc chưa vài để nếu vì. Bên từ sẽ nơi hơn cũng gần. Thay nơi chưa từ tại tại.', 2, 1, '2025-05-26 21:10:49', NULL),
  ('0beb7b4a-5a02-4706-af66-9c428b386d55', '2c717697-bf21-4aeb-9cb1-09ff88e2448c', N'CLO3', N'Chuẩn đầu ra CLO3 cho Môn học Morph User-Centric E-Business', N'Tự với từng từng. Dưới đó sẽ.', 3, 1, '2025-05-11 15:29:43', NULL),
  ('127e864e-266f-47e4-8dd8-693ee8480f0f', '2c717697-bf21-4aeb-9cb1-09ff88e2448c', N'CLO4', N'Chuẩn đầu ra CLO4 cho Môn học Morph User-Centric E-Business', N'Không cho về. Thì cũng của.', 4, 1, '2025-05-07 11:45:16', NULL),
  ('c5fa014a-c20a-4ca0-9504-7d3abdd9dabb', '2c717697-bf21-4aeb-9cb1-09ff88e2448c', N'CLO5', N'Chuẩn đầu ra CLO5 cho Môn học Morph User-Centric E-Business', N'Nhiều từ của. Và mỗi và sau vẫn là. Từng của tôi nhiều hơn cũng được.', 5, 1, '2025-06-01 22:01:09', NULL),
  ('6a41525a-abc2-45b6-ad6f-fc85f2e3a846', '45b4d89a-4551-4559-80e9-55a73154a753', N'CLO1', N'Chuẩn đầu ra CLO1 cho Môn học Transition Strategic Paradigms', N'Chưa thì nào. Theo mà vì từ đến cái. Đang là điều khi hơn. Thế sẽ thế lớn.', 1, 1, '2025-06-01 20:16:37', NULL),
  ('5dbcc441-f086-4d20-b9e3-a8c752b568eb', '45b4d89a-4551-4559-80e9-55a73154a753', N'CLO2', N'Chuẩn đầu ra CLO2 cho Môn học Transition Strategic Paradigms', N'Chỉ trong mỗi đó có giữa cũng. Giữa lớn nào nào của điều.', 2, 1, '2025-05-24 16:13:02', NULL),
  ('5f2a5ef9-6277-4de7-8038-06ffd91e9e7c', '45b4d89a-4551-4559-80e9-55a73154a753', N'CLO3', N'Chuẩn đầu ra CLO3 cho Môn học Transition Strategic Paradigms', N'Đúng bạn vì cho vài bạn này. Bạn tôi có mà đã dưới của về. Khiến vì không.', 3, 1, '2025-05-09 12:28:32', NULL),
  ('b0569d34-77c5-436c-b39e-83691f3e7edb', '45b4d89a-4551-4559-80e9-55a73154a753', N'CLO4', N'Chuẩn đầu ra CLO4 cho Môn học Transition Strategic Paradigms', N'Nào sau cũng như dưới đang cho. Các dưới vài vài. Với được tự đi vài về của.', 4, 1, '2025-05-15 12:06:29', NULL),
  ('454badf1-fc75-4412-a44f-dc892469403c', '45b4d89a-4551-4559-80e9-55a73154a753', N'CLO5', N'Chuẩn đầu ra CLO5 cho Môn học Transition Strategic Paradigms', N'Đã lớn từ như. Khi hơn có cái để tự như. Để lớn của như nếu điều sẽ. Có các từ với.', 5, 1, '2025-05-22 11:10:50', NULL),
  ('1be01648-5b69-4ba0-9621-590d1f201b23', '429323ae-345c-4d3b-a283-e6621a53b262', N'CLO1', N'Chuẩn đầu ra CLO1 cho Môn học Transform Revolutionary E-Commerce', N'Cho nếu có giữa chưa là. Với sẽ về như sẽ sau vài. Rất đang như. Dưới như tự như với nếu.', 1, 1, '2025-05-31 16:34:45', NULL),
  ('d36cba05-7191-45dd-81ba-a8e5055c8518', '429323ae-345c-4d3b-a283-e6621a53b262', N'CLO2', N'Chuẩn đầu ra CLO2 cho Môn học Transform Revolutionary E-Commerce', N'Chưa làm được thế không và. Đó đúng vì với gần mà.', 2, 1, '2025-05-18 17:53:15', NULL),
  ('32ad40ac-383d-4274-a36c-7f61fc2d55eb', '429323ae-345c-4d3b-a283-e6621a53b262', N'CLO3', N'Chuẩn đầu ra CLO3 cho Môn học Transform Revolutionary E-Commerce', N'Bên rất đúng thì như cách theo. Từ hoặc hơn giữa không cũng được.', 3, 1, '2025-05-20 08:52:53', NULL),
  ('8976cffb-bfb4-428a-914e-d4a81c5f8c6c', '429323ae-345c-4d3b-a283-e6621a53b262', N'CLO4', N'Chuẩn đầu ra CLO4 cho Môn học Transform Revolutionary E-Commerce', N'Bạn số sau vẫn vì trong đó. Để nhiều đến của số đang lớn như. Rất mà không làm. Đi hoặc theo với từ theo.', 4, 1, '2025-05-09 09:41:50', NULL),
  ('15198e43-6e93-4705-ab99-848ac75a5fc5', '429323ae-345c-4d3b-a283-e6621a53b262', N'CLO5', N'Chuẩn đầu ra CLO5 cho Môn học Transform Revolutionary E-Commerce', N'Hơn một tại dưới vì các như. Của giống rất thế được của người.', 5, 1, '2025-05-22 09:52:09', NULL),
  ('1873a651-2fcf-456b-a0e1-5b5c33ba1460', '42bcced1-270d-4b87-b127-d22f1d20aecd', N'CLO1', N'Chuẩn đầu ra CLO1 cho Môn học E-Enable Compelling Bandwidth', N'Của sau như thay về về. Vì chỉ trong làm nếu cách tại.', 1, 1, '2025-06-02 11:45:00', NULL),
  ('89fb0d88-106a-4673-8ffb-c9cd4648c53f', '42bcced1-270d-4b87-b127-d22f1d20aecd', N'CLO2', N'Chuẩn đầu ra CLO2 cho Môn học E-Enable Compelling Bandwidth', N'Vẫn như số như. Điều như số rất. Số tại rất tự. Đó từ trong rất cũng cho như.', 2, 1, '2025-05-09 08:55:53', NULL),
  ('23db1642-709b-4534-805d-66412d9b0ed1', '42bcced1-270d-4b87-b127-d22f1d20aecd', N'CLO3', N'Chuẩn đầu ra CLO3 cho Môn học E-Enable Compelling Bandwidth', N'Và tôi làm như. Tôi nếu mà số như không hơn. Đang đúng một vài để chưa để đến.', 3, 1, '2025-05-11 15:33:34', NULL),
  ('ff75a40e-bfcd-43a5-9827-4f0fd9ad95ca', '42bcced1-270d-4b87-b127-d22f1d20aecd', N'CLO4', N'Chuẩn đầu ra CLO4 cho Môn học E-Enable Compelling Bandwidth', N'Đúng như vẫn như một. Cũng để từ. Từ lớn tại này chỉ.', 4, 1, '2025-05-18 00:22:09', NULL),
  ('ec7ecd71-607a-4903-90db-b1b57f7800d0', '42bcced1-270d-4b87-b127-d22f1d20aecd', N'CLO5', N'Chuẩn đầu ra CLO5 cho Môn học E-Enable Compelling Bandwidth', N'Đi như có nào khiến cũng tại. Các các thay nhưng của của. Đã như khiến. Làm bạn bạn từng từng cũng vậy.', 5, 1, '2025-05-30 12:31:53', NULL),
  ('deffb7bf-59d0-439c-89d4-d7bee5323df3', 'ef9b77ad-4b18-4328-a13e-01880fc537f2', N'CLO1', N'Chuẩn đầu ra CLO1 cho Môn học Incubate Distributed Channels', N'Về khi có vậy một và cho điều. Đã như vậy vì của mà theo vậy. Lớn thì từ về nhiều bên cũng.', 1, 1, '2025-05-06 03:06:55', NULL),
  ('dad2f8b6-13d7-4b8c-b806-bbd32606ecf1', 'ef9b77ad-4b18-4328-a13e-01880fc537f2', N'CLO2', N'Chuẩn đầu ra CLO2 cho Môn học Incubate Distributed Channels', N'Nhưng số khiến vậy tự. Để các tại.', 2, 1, '2025-05-07 14:51:38', NULL),
  ('a775c41e-e3ca-457a-86c0-da48b647f518', 'ef9b77ad-4b18-4328-a13e-01880fc537f2', N'CLO3', N'Chuẩn đầu ra CLO3 cho Môn học Incubate Distributed Channels', N'Của khi mà để. Gần là được thì trong sau nhưng. Như của mà của để của.', 3, 1, '2025-05-26 21:18:44', NULL),
  ('7b8b2dae-d44a-45e8-9881-da74cf9959da', 'ef9b77ad-4b18-4328-a13e-01880fc537f2', N'CLO4', N'Chuẩn đầu ra CLO4 cho Môn học Incubate Distributed Channels', N'Để này đến. Như thay không của của vẫn của. Trong lớn và tại.', 4, 1, '2025-05-09 23:08:03', NULL),
  ('dfa38aed-11a7-4400-b3c7-658b90ba7820', 'ef9b77ad-4b18-4328-a13e-01880fc537f2', N'CLO5', N'Chuẩn đầu ra CLO5 cho Môn học Incubate Distributed Channels', N'Tại hơn để từ có cho. Nếu dưới sẽ rất.', 5, 1, '2025-05-16 07:46:23', NULL),
  ('c0a09d5f-546f-4a11-b32b-4e72620151f1', '68d83635-7ad8-4523-bfbc-4a881c7a9dfc', N'CLO1', N'Chuẩn đầu ra CLO1 cho Môn học Engineer Magnetic Initiatives', N'Vẫn một bên đang. Mỗi thay hơn hơn vì như cho đang.', 1, 1, '2025-06-03 06:49:11', NULL),
  ('cd690f0c-d12d-408e-ae6b-205effb52361', '68d83635-7ad8-4523-bfbc-4a881c7a9dfc', N'CLO2', N'Chuẩn đầu ra CLO2 cho Môn học Engineer Magnetic Initiatives', N'Nếu vì đến khiến. Mỗi cũng thay.', 2, 1, '2025-05-19 14:31:24', NULL),
  ('98318967-b426-4cfa-a60c-5cf4ea28da06', '68d83635-7ad8-4523-bfbc-4a881c7a9dfc', N'CLO3', N'Chuẩn đầu ra CLO3 cho Môn học Engineer Magnetic Initiatives', N'Thì từ vậy được. Nơi mỗi sau bạn giống sẽ. Từ đi từ được hơn từ.', 3, 1, '2025-05-26 18:44:37', NULL),
  ('478207d7-bb55-41a9-a869-ac22342b2a4f', '68d83635-7ad8-4523-bfbc-4a881c7a9dfc', N'CLO4', N'Chuẩn đầu ra CLO4 cho Môn học Engineer Magnetic Initiatives', N'Người từng nơi vậy trong thay có đó. Thế với số như sau từ.', 4, 1, '2025-05-17 14:24:23', NULL),
  ('2697a5ba-0a3d-4cc6-ab90-8261c8b8e72f', '68d83635-7ad8-4523-bfbc-4a881c7a9dfc', N'CLO5', N'Chuẩn đầu ra CLO5 cho Môn học Engineer Magnetic Initiatives', N'Theo cái vậy là thay các vài. Chỉ trong tại hơn tự. Từ cái trong.', 5, 1, '2025-05-06 08:34:11', NULL),
  ('05d2ac37-ace2-4675-a210-7a8b3cd149c6', '8c2d3e79-765a-415f-b25e-91172d71dead', N'CLO1', N'Chuẩn đầu ra CLO1 cho Môn học Architect World-Class Infrastructures', N'Vậy lớn hơn tại một hơn một. Để mà đang của. Đã trong số.', 1, 1, '2025-05-29 13:37:31', NULL),
  ('af34bc88-8e6c-4e0c-8cce-9e9ba5eef2ed', '8c2d3e79-765a-415f-b25e-91172d71dead', N'CLO2', N'Chuẩn đầu ra CLO2 cho Môn học Architect World-Class Infrastructures', N'Bên có người điều để vậy thay tôi. Bên có nào đi để người. Để cũng tại như đó thay.', 2, 1, '2025-05-15 23:18:27', NULL),
  ('d261b5e6-a00b-4c0e-ad5b-7a545abbdb2a', '8c2d3e79-765a-415f-b25e-91172d71dead', N'CLO3', N'Chuẩn đầu ra CLO3 cho Môn học Architect World-Class Infrastructures', N'Cách mỗi khiến từ nơi này điều. Để hoặc hơn cho với tôi vài. Làm chưa một bên bạn.', 3, 1, '2025-05-07 04:32:16', NULL),
  ('89162841-a389-4f4a-96f6-68906aed48d3', '8c2d3e79-765a-415f-b25e-91172d71dead', N'CLO4', N'Chuẩn đầu ra CLO4 cho Môn học Architect World-Class Infrastructures', N'Thế này bên tại lớn đúng. Là đúng như khi từng một như. Trong người để khiến làm thì.', 4, 1, '2025-05-30 06:02:02', NULL),
  ('fb1999f5-0cb8-456f-9c0e-9dfba2adea4b', '8c2d3e79-765a-415f-b25e-91172d71dead', N'CLO5', N'Chuẩn đầu ra CLO5 cho Môn học Architect World-Class Infrastructures', N'Vì nào với đến đã. Người trong cũng chưa cũng trong về chỉ.', 5, 1, '2025-05-18 02:49:15', NULL),
  ('16641fc6-0539-45d6-a95d-1f730074bc01', '5fd42d9e-02dc-4177-979c-cfa16eec377e', N'CLO1', N'Chuẩn đầu ra CLO1 cho Môn học Extend Robust Action-Items', N'Vài đó như từng từng. Theo này từ với của và thế. Đến để với của của để như.', 1, 1, '2025-05-09 10:31:04', NULL),
  ('e0251984-fa07-4cf9-bbda-fbc6320b11fa', '5fd42d9e-02dc-4177-979c-cfa16eec377e', N'CLO2', N'Chuẩn đầu ra CLO2 cho Môn học Extend Robust Action-Items', N'Bên thế như chưa có. Của vẫn vẫn các giống giống các.', 2, 1, '2025-05-13 09:37:54', NULL),
  ('b97410a5-3f88-4faa-9d34-d744b9607c56', '5fd42d9e-02dc-4177-979c-cfa16eec377e', N'CLO3', N'Chuẩn đầu ra CLO3 cho Môn học Extend Robust Action-Items', N'Như vài cho làm tại nơi cái. Vài tại để có với.', 3, 1, '2025-05-06 23:51:09', NULL),
  ('8cd63a53-9441-43f2-944c-149e2150d6ac', '5fd42d9e-02dc-4177-979c-cfa16eec377e', N'CLO4', N'Chuẩn đầu ra CLO4 cho Môn học Extend Robust Action-Items', N'Về vẫn nơi. Cái khiến của với này cách. Bên theo điều vì điều.', 4, 1, '2025-05-15 05:57:09', NULL),
  ('4a82ae45-590e-4d41-a2fc-ebebdf385916', '5fd42d9e-02dc-4177-979c-cfa16eec377e', N'CLO5', N'Chuẩn đầu ra CLO5 cho Môn học Extend Robust Action-Items', N'Vẫn mà gần đang đi và và. Để bạn này của và sẽ. Như giống nhưng với điều hoặc bạn.', 5, 1, '2025-06-01 19:58:56', NULL),
  ('610d6c23-22fb-41c0-bc25-793e07d706f0', 'bca477e3-90cc-4128-bbaf-a103779a6f68', N'CLO1', N'Chuẩn đầu ra CLO1 cho Môn học Generate Front-End Synergies', N'Đến cũng từ là của và. Về vài đến là vẫn giống cho. Và cho để để. Để cũng rất tại.', 1, 1, '2025-05-09 20:37:49', NULL),
  ('7c3da96b-328b-4525-825f-edbf87039a16', 'bca477e3-90cc-4128-bbaf-a103779a6f68', N'CLO2', N'Chuẩn đầu ra CLO2 cho Môn học Generate Front-End Synergies', N'Từng này theo theo của chưa khiến. Khi các để vì nếu tại. Như cũng có điều các khi khi. Để vậy dưới nhưng.', 2, 1, '2025-05-31 00:24:46', NULL),
  ('08499539-7357-4bdb-884b-8c8e582d1420', 'bca477e3-90cc-4128-bbaf-a103779a6f68', N'CLO3', N'Chuẩn đầu ra CLO3 cho Môn học Generate Front-End Synergies', N'Thế có như. Trong này đó.', 3, 1, '2025-05-19 13:02:04', NULL),
  ('f38c16c0-56e3-48dd-8f25-3846a0fba042', 'bca477e3-90cc-4128-bbaf-a103779a6f68', N'CLO4', N'Chuẩn đầu ra CLO4 cho Môn học Generate Front-End Synergies', N'Một được khiến và số được. Vậy đang vài điều. Cho không như tôi hoặc thay có.', 4, 1, '2025-05-30 06:49:40', NULL),
  ('15bc3abc-18f5-433f-b71a-bebb330936af', 'bca477e3-90cc-4128-bbaf-a103779a6f68', N'CLO5', N'Chuẩn đầu ra CLO5 cho Môn học Generate Front-End Synergies', N'Chưa chỉ mỗi của. Cách vẫn chỉ. Cũng làm khiến không như nhiều.', 5, 1, '2025-05-09 03:43:36', NULL),
  ('87b6adc5-a9e6-4401-953d-4f0b0a630f88', '88fbb950-acd0-47ec-82f8-e230de51a5ab', N'CLO1', N'Chuẩn đầu ra CLO1 cho Môn học Innovate Frictionless Methodologies', N'Hơn được vì cũng từng. Làm đang vì bạn trong.', 1, 1, '2025-06-02 06:39:11', NULL),
  ('b3261283-3e51-42ea-b50e-46ab20562e4e', '88fbb950-acd0-47ec-82f8-e230de51a5ab', N'CLO2', N'Chuẩn đầu ra CLO2 cho Môn học Innovate Frictionless Methodologies', N'Vì của nhưng giữa số người. Cách hơn được điều lớn. Đúng là nhưng thế tại với trong.', 2, 1, '2025-05-23 06:28:15', NULL),
  ('cdfe46bb-a452-4146-8613-6206b0974ff2', '88fbb950-acd0-47ec-82f8-e230de51a5ab', N'CLO3', N'Chuẩn đầu ra CLO3 cho Môn học Innovate Frictionless Methodologies', N'Khiến gần từ mỗi cái cho như. Của của khiến tại cái.', 3, 1, '2025-05-08 23:12:02', NULL),
  ('396f6d41-242d-41c4-87c0-e1f77acbfd14', '88fbb950-acd0-47ec-82f8-e230de51a5ab', N'CLO4', N'Chuẩn đầu ra CLO4 cho Môn học Innovate Frictionless Methodologies', N'Tại tự có đã khi cho.', 4, 1, '2025-05-29 00:53:54', NULL),
  ('d1b1aa2e-7985-4f99-873d-ecd4f7139d09', '88fbb950-acd0-47ec-82f8-e230de51a5ab', N'CLO5', N'Chuẩn đầu ra CLO5 cho Môn học Innovate Frictionless Methodologies', N'Đang để vậy. Cho là dưới.', 5, 1, '2025-05-25 00:41:05', NULL),
  ('f7145b45-cae7-4006-83d2-655732ec8379', '53a09fa1-26c1-4429-bfeb-dd3f6472acc9', N'CLO1', N'Chuẩn đầu ra CLO1 cho Môn học Cultivate Strategic Experiences', N'Để thì làm để.', 1, 1, '2025-05-27 08:58:33', NULL),
  ('4e4181eb-3194-46b1-acfe-46af5190dd53', '53a09fa1-26c1-4429-bfeb-dd3f6472acc9', N'CLO2', N'Chuẩn đầu ra CLO2 cho Môn học Cultivate Strategic Experiences', N'Tại như mà cũng như. Được từng người không tại người để. Có này để để với.', 2, 1, '2025-06-01 12:54:41', NULL),
  ('3d71ec58-a171-41e4-9bc8-29407b336751', '53a09fa1-26c1-4429-bfeb-dd3f6472acc9', N'CLO3', N'Chuẩn đầu ra CLO3 cho Môn học Cultivate Strategic Experiences', N'Với người rất các cái tự. Như như là nào gần để nào. Đến điều chỉ nơi làm về.', 3, 1, '2025-05-28 21:12:51', NULL),
  ('8df8ef18-b8ff-4b89-a575-b4cde411f7bb', '53a09fa1-26c1-4429-bfeb-dd3f6472acc9', N'CLO4', N'Chuẩn đầu ra CLO4 cho Môn học Cultivate Strategic Experiences', N'Chưa đã cái thay. Và hơn về bên. Hoặc hơn của người và tại.', 4, 1, '2025-05-22 08:17:16', NULL),
  ('cc168e92-3ea5-423c-ae9b-91c8689a256d', '53a09fa1-26c1-4429-bfeb-dd3f6472acc9', N'CLO5', N'Chuẩn đầu ra CLO5 cho Môn học Cultivate Strategic Experiences', N'Đang cũng cái làm. Của với nếu cũng nếu tự. Giống hoặc như cũng.', 5, 1, '2025-05-16 04:37:57', NULL),
  ('ba30afce-ab8f-4d3b-b221-797849bf0f9e', '12013c79-2f88-4d27-baf5-fae65c49c2be', N'CLO1', N'Chuẩn đầu ra CLO1 cho Môn học Mesh Frictionless Schemas', N'Theo nơi trong điều làm dưới vì. Tôi thế của của hơn.', 1, 1, '2025-05-17 10:17:33', NULL),
  ('13bcefe2-7397-4cb1-a736-a8e94dfd00a4', '12013c79-2f88-4d27-baf5-fae65c49c2be', N'CLO2', N'Chuẩn đầu ra CLO2 cho Môn học Mesh Frictionless Schemas', N'Chỉ và khi đã thế. Gần chưa lớn như giữa.', 2, 1, '2025-05-26 07:21:15', NULL),
  ('9f2a39d9-0e54-41a7-8e2b-bbba6891dd15', '12013c79-2f88-4d27-baf5-fae65c49c2be', N'CLO3', N'Chuẩn đầu ra CLO3 cho Môn học Mesh Frictionless Schemas', N'Như khi như đi. Số nhưng cho có dưới thế như. Điều nơi vì chỉ.', 3, 1, '2025-05-09 21:08:44', NULL),
  ('5aa1fd93-bd73-4116-8a26-de2af053b92a', '12013c79-2f88-4d27-baf5-fae65c49c2be', N'CLO4', N'Chuẩn đầu ra CLO4 cho Môn học Mesh Frictionless Schemas', N'Của trong cái về đó từ. Như khiến nếu như nếu. Nào thay chỉ nếu mỗi.', 4, 1, '2025-05-24 06:18:09', NULL),
  ('85b7c10d-cde7-40e2-9fd6-3075678ccfac', '12013c79-2f88-4d27-baf5-fae65c49c2be', N'CLO5', N'Chuẩn đầu ra CLO5 cho Môn học Mesh Frictionless Schemas', N'Cũng đi nhưng bên mỗi cái. Mà lớn một cách.', 5, 1, '2025-05-22 07:31:17', NULL),
  ('f34bbd1d-9579-409b-b2b8-0c6d012e95a8', 'd8b7ab31-b529-4fb8-bf54-53010a705b2d', N'CLO1', N'Chuẩn đầu ra CLO1 cho Môn học Implement Wireless Interfaces', N'Thế giống từ vài bạn trong. Nhưng điều cũng sẽ có không đã.', 1, 1, '2025-05-27 14:07:19', NULL),
  ('26db953b-6381-4bb7-9f0d-ed91ae859b4e', 'd8b7ab31-b529-4fb8-bf54-53010a705b2d', N'CLO2', N'Chuẩn đầu ra CLO2 cho Môn học Implement Wireless Interfaces', N'Số sau nơi có đã. Của từ chưa này cũng đó.', 2, 1, '2025-05-30 07:18:34', NULL),
  ('126b48c2-3c8a-42fc-985f-18f3b1a4b924', 'd8b7ab31-b529-4fb8-bf54-53010a705b2d', N'CLO3', N'Chuẩn đầu ra CLO3 cho Môn học Implement Wireless Interfaces', N'Dưới đó đúng. Như như đang giữa.', 3, 1, '2025-05-25 11:17:39', NULL),
  ('d260a825-225c-48f6-9ff1-df47587427ef', 'd8b7ab31-b529-4fb8-bf54-53010a705b2d', N'CLO4', N'Chuẩn đầu ra CLO4 cho Môn học Implement Wireless Interfaces', N'Thay tại mỗi hơn hơn. Giống như nào như mỗi của cũng.', 4, 1, '2025-05-13 18:03:48', NULL),
  ('cc695ebd-4d7b-46c6-a8fa-5db9eba0cd88', 'd8b7ab31-b529-4fb8-bf54-53010a705b2d', N'CLO5', N'Chuẩn đầu ra CLO5 cho Môn học Implement Wireless Interfaces', N'Hoặc như và người hơn là. Như số nơi như.', 5, 1, '2025-05-11 01:11:16', NULL),
  ('674d69cb-0fc1-4545-828d-4b2d857df51a', '0f9868ab-28a2-492c-9527-570b723afd31', N'CLO1', N'Chuẩn đầu ra CLO1 cho Môn học Synthesize Mission-Critical Communities', N'Không tự mỗi để nào hoặc. Mỗi có người thay sau làm. Giữa không đến trong trong thế.', 1, 1, '2025-05-21 18:19:14', NULL),
  ('6eff016e-5b70-4d89-a1c1-fa31104679ee', '0f9868ab-28a2-492c-9527-570b723afd31', N'CLO2', N'Chuẩn đầu ra CLO2 cho Môn học Synthesize Mission-Critical Communities', N'Thế để đang hơn nào người thay bên. Từ vẫn vẫn làm thì như.', 2, 1, '2025-05-14 17:41:00', NULL),
  ('54f1b1dd-24d1-4c00-846b-a83dd42898db', '0f9868ab-28a2-492c-9527-570b723afd31', N'CLO3', N'Chuẩn đầu ra CLO3 cho Môn học Synthesize Mission-Critical Communities', N'Đó cũng thế để trong để như. Sau khiến để nhiều vài từng.', 3, 1, '2025-05-31 05:01:29', NULL),
  ('56b5c38e-b26f-43e9-b536-16c5cd78ad91', '0f9868ab-28a2-492c-9527-570b723afd31', N'CLO4', N'Chuẩn đầu ra CLO4 cho Môn học Synthesize Mission-Critical Communities', N'Đó mỗi tự trong tại. Sau khiến các để trong.', 4, 1, '2025-05-13 04:19:10', NULL),
  ('31d5e3ee-2c91-4beb-a1ec-af4ff76859b2', '0f9868ab-28a2-492c-9527-570b723afd31', N'CLO5', N'Chuẩn đầu ra CLO5 cho Môn học Synthesize Mission-Critical Communities', N'Từng nhiều từng hơn đúng nhiều. Đang không cũng như. Nếu cũng hơn từng để.', 5, 1, '2025-05-25 09:47:14', NULL),
  ('f458cb6d-9a95-496c-9bcf-fa6c74e67e25', '76937e72-14a1-4976-a47d-a161cc4d89dd', N'CLO1', N'Chuẩn đầu ra CLO1 cho Môn học Maximize Transparent Action-Items', N'Có sau cho để số nhiều số đúng. Các như không cũng nào số. Của hơn của dưới với với.', 1, 1, '2025-05-29 03:13:03', NULL),
  ('e02f49e5-8a37-4fc1-b59d-50d5ce97b8ec', '76937e72-14a1-4976-a47d-a161cc4d89dd', N'CLO2', N'Chuẩn đầu ra CLO2 cho Môn học Maximize Transparent Action-Items', N'Nào từng số vài thế về đang. Nếu làm bạn số.', 2, 1, '2025-05-29 05:57:37', NULL),
  ('9f22e9b7-3930-4843-a29f-e27fa565c9f9', '76937e72-14a1-4976-a47d-a161cc4d89dd', N'CLO3', N'Chuẩn đầu ra CLO3 cho Môn học Maximize Transparent Action-Items', N'Được có không lớn. Tại vài hơn đến bên. Đó đi khi đi. Chỉ chưa trong hơn.', 3, 1, '2025-05-09 18:05:52', NULL),
  ('71de9151-4a25-414e-ad06-fcbd757eb7d3', '76937e72-14a1-4976-a47d-a161cc4d89dd', N'CLO4', N'Chuẩn đầu ra CLO4 cho Môn học Maximize Transparent Action-Items', N'Vài hoặc về để. Rất với cái số.', 4, 1, '2025-06-03 02:20:24', NULL),
  ('3eef4ed5-772b-4c62-a033-2ad4c76599ed', '76937e72-14a1-4976-a47d-a161cc4d89dd', N'CLO5', N'Chuẩn đầu ra CLO5 cho Môn học Maximize Transparent Action-Items', N'Nhiều như nếu cũng. Sẽ số đó đã người có một.', 5, 1, '2025-06-02 05:40:18', NULL),
  ('4092a916-ce23-429f-a8c9-3bf36eeb1426', '047d3e58-0fe6-428b-87e2-c34001cb42fb', N'CLO1', N'Chuẩn đầu ra CLO1 cho Môn học E-Enable Granular Partnerships', N'Để cũng vài thay của tại gần người.', 1, 1, '2025-06-03 04:32:33', NULL),
  ('7d349d53-0bbe-4026-9681-49fa78d06f45', '047d3e58-0fe6-428b-87e2-c34001cb42fb', N'CLO2', N'Chuẩn đầu ra CLO2 cho Môn học E-Enable Granular Partnerships', N'Cũng thì vài sau đúng cũng. Như của tại được tại để.', 2, 1, '2025-05-29 07:37:02', NULL),
  ('e57f3636-237b-4552-841f-5bd046ab88a5', '047d3e58-0fe6-428b-87e2-c34001cb42fb', N'CLO3', N'Chuẩn đầu ra CLO3 cho Môn học E-Enable Granular Partnerships', N'Bên mà khi thế. Này các gần chỉ của từng giống.', 3, 1, '2025-05-22 12:07:59', NULL),
  ('3b508b8a-ded1-42af-8ff4-c8f626641f59', '047d3e58-0fe6-428b-87e2-c34001cb42fb', N'CLO4', N'Chuẩn đầu ra CLO4 cho Môn học E-Enable Granular Partnerships', N'Cũng với nhiều chưa các để là. Gần đã nào về trong số. Bạn số nơi bên cách đã số.', 4, 1, '2025-05-12 04:10:48', NULL),
  ('927ac9ab-ba2a-44a7-b366-378a8af4d860', '047d3e58-0fe6-428b-87e2-c34001cb42fb', N'CLO5', N'Chuẩn đầu ra CLO5 cho Môn học E-Enable Granular Partnerships', N'Nhiều vẫn nơi với nếu. Đến thì mỗi từ vậy một có. Nếu sẽ rất đến.', 5, 1, '2025-05-07 14:44:41', NULL),
  ('3268a4d1-479b-4da0-947a-b303c4d7616e', 'c35e3de5-bab2-4399-bd1d-a0a9580622de', N'CLO1', N'Chuẩn đầu ra CLO1 cho Môn học Implement Cutting-Edge Vortals', N'Cái để có này đó như. Trong có đang tại.', 1, 1, '2025-05-16 08:50:15', NULL),
  ('6d1791d2-0755-4dfa-aa26-5d99749c1cb1', 'c35e3de5-bab2-4399-bd1d-a0a9580622de', N'CLO2', N'Chuẩn đầu ra CLO2 cho Môn học Implement Cutting-Edge Vortals', N'Đó có vẫn đến hơn gần tôi vài. Khi rất mỗi.', 2, 1, '2025-05-07 15:12:21', NULL),
  ('e9f2018b-1d4b-432a-8640-70c6b3c99bf2', 'c35e3de5-bab2-4399-bd1d-a0a9580622de', N'CLO3', N'Chuẩn đầu ra CLO3 cho Môn học Implement Cutting-Edge Vortals', N'Trong của vẫn đang là thế. Nơi tôi như.', 3, 1, '2025-06-02 23:45:14', NULL),
  ('e57c022f-9781-4a46-b854-2c5ca04d5e4a', 'c35e3de5-bab2-4399-bd1d-a0a9580622de', N'CLO4', N'Chuẩn đầu ra CLO4 cho Môn học Implement Cutting-Edge Vortals', N'Vài được không có sau đến mỗi. Như bên sau đó vài thay điều. Có cũng theo đúng. Đang rất vì về này này.', 4, 1, '2025-05-14 03:11:54', NULL),
  ('f935e857-1fee-441f-95a7-5c6271bcfb81', 'c35e3de5-bab2-4399-bd1d-a0a9580622de', N'CLO5', N'Chuẩn đầu ra CLO5 cho Môn học Implement Cutting-Edge Vortals', N'Đang và có và.', 5, 1, '2025-05-14 22:43:12', NULL),
  ('b0a18c8c-5c48-430c-8d4d-1acebb610f88', 'a6397717-7c13-47db-be4b-809f1dd298c5', N'CLO1', N'Chuẩn đầu ra CLO1 cho Môn học Engage Visionary Experiences', N'Khiến mỗi rất trong. Này hơn mà. Nhưng đang đến từng đã với hơn. Là theo nơi.', 1, 1, '2025-05-25 01:25:44', NULL),
  ('b0f6f6f1-82b6-4eb7-a748-522276822b2e', 'a6397717-7c13-47db-be4b-809f1dd298c5', N'CLO2', N'Chuẩn đầu ra CLO2 cho Môn học Engage Visionary Experiences', N'Hơn để số vẫn thay làm. Nhiều nhưng để của cái dưới làm. Này để đúng. Mà từng cái với cũng như các là.', 2, 1, '2025-05-10 14:26:23', NULL),
  ('24c626a7-9f54-4e92-9638-9d076603a1e2', 'a6397717-7c13-47db-be4b-809f1dd298c5', N'CLO3', N'Chuẩn đầu ra CLO3 cho Môn học Engage Visionary Experiences', N'Mà sẽ có như cho người. Và của thế rất.', 3, 1, '2025-05-07 22:23:36', NULL),
  ('78ee4266-7366-4b55-8c7b-38b0929dd67e', 'a6397717-7c13-47db-be4b-809f1dd298c5', N'CLO4', N'Chuẩn đầu ra CLO4 cho Môn học Engage Visionary Experiences', N'Chỉ nhưng vậy đó cho có. Sẽ chỉ của nhiều để bên.', 4, 1, '2025-05-24 22:02:25', NULL),
  ('5f0cff58-8f3b-4db9-b9c8-3a2d996c0770', 'a6397717-7c13-47db-be4b-809f1dd298c5', N'CLO5', N'Chuẩn đầu ra CLO5 cho Môn học Engage Visionary Experiences', N'Đúng vậy vẫn. Làm có bạn số rất với đúng.', 5, 1, '2025-06-03 17:22:12', NULL),
  ('0c0993f7-f019-4da6-9a7a-f2cb45786cd7', '9f5e261c-d72e-4c61-9297-a38754294b13', N'CLO1', N'Chuẩn đầu ra CLO1 cho Môn học Transform Back-End Applications', N'Của tại người. Về khiến có tại trong.', 1, 1, '2025-05-31 06:41:09', NULL),
  ('10927229-d4d6-47b9-8b57-08acc83b2698', '9f5e261c-d72e-4c61-9297-a38754294b13', N'CLO2', N'Chuẩn đầu ra CLO2 cho Môn học Transform Back-End Applications', N'Sau chỉ mà chỉ của.', 2, 1, '2025-05-13 22:54:21', NULL),
  ('66792ca2-043c-49f2-bdf4-86d207eb29ea', '9f5e261c-d72e-4c61-9297-a38754294b13', N'CLO3', N'Chuẩn đầu ra CLO3 cho Môn học Transform Back-End Applications', N'Với như nhiều thì giữa chỉ số thì. Vậy chỉ người thế vẫn.', 3, 1, '2025-05-07 04:46:50', NULL),
  ('bd709dc4-b529-4bcd-abfc-8c5691a2a105', '9f5e261c-d72e-4c61-9297-a38754294b13', N'CLO4', N'Chuẩn đầu ra CLO4 cho Môn học Transform Back-End Applications', N'Từng lớn vẫn một khi và sẽ. Tự đang đi bạn vài số từ nhưng. Từ không hơn khi cách là người trong. Chưa thay hơn có.', 4, 1, '2025-05-20 01:02:17', NULL),
  ('f37ec1ed-99f7-4833-bd21-f5490ef5ad79', '9f5e261c-d72e-4c61-9297-a38754294b13', N'CLO5', N'Chuẩn đầu ra CLO5 cho Môn học Transform Back-End Applications', N'Như thì thì người như có cho. Tôi nếu trong sau trong để.', 5, 1, '2025-05-18 13:12:33', NULL),
  ('9f9b8742-c230-4db0-b485-fbf6741b2e5b', 'e07cdda0-92db-487a-87c6-b4792ac96e49', N'CLO1', N'Chuẩn đầu ra CLO1 cho Môn học Architect Dynamic Portals', N'Từ cho bên đi dưới tại đến. Cái từ trong hơn với vài với. Của đúng có vậy được bạn có thế.', 1, 1, '2025-05-28 23:27:21', NULL),
  ('c8230110-ca7e-4ab6-a233-b2b53d389d7b', 'e07cdda0-92db-487a-87c6-b4792ac96e49', N'CLO2', N'Chuẩn đầu ra CLO2 cho Môn học Architect Dynamic Portals', N'Làm cái đi hoặc từ số nếu. Cho bạn đó giữa. Để tôi như từ.', 2, 1, '2025-05-07 13:31:32', NULL),
  ('eee93766-d00c-4eb5-bbba-1c9d479727b2', 'e07cdda0-92db-487a-87c6-b4792ac96e49', N'CLO3', N'Chuẩn đầu ra CLO3 cho Môn học Architect Dynamic Portals', N'Cho mà một. Cho để trong đến. Này thay vì để đang đúng đúng bên.', 3, 1, '2025-05-12 19:05:27', NULL),
  ('f96a2b93-dabb-458b-bfc2-f4870b863749', 'e07cdda0-92db-487a-87c6-b4792ac96e49', N'CLO4', N'Chuẩn đầu ra CLO4 cho Môn học Architect Dynamic Portals', N'Của thay bên chỉ. Trong giống nhưng nhưng vài cho. Sẽ từ đó để số.', 4, 1, '2025-05-19 00:01:20', NULL),
  ('a5a55e18-fe6a-4042-b7b2-df297931675e', 'e07cdda0-92db-487a-87c6-b4792ac96e49', N'CLO5', N'Chuẩn đầu ra CLO5 cho Môn học Architect Dynamic Portals', N'Không như tại là và trong này không. Theo hơn khiến cho là. Tự sau là theo hoặc.', 5, 1, '2025-05-14 23:44:38', NULL),
  ('0c24afb8-c56c-41c7-94a3-91b0580e80f9', '5e0b7753-9635-4253-a59e-a3c5f3358c67', N'CLO1', N'Chuẩn đầu ra CLO1 cho Môn học Iterate Leading-Edge Platforms', N'Của làm từ như đến. Thế thay vẫn đến bên tôi. Thì bên về sẽ tại nếu này tại.', 1, 1, '2025-05-19 03:36:00', NULL),
  ('83e319e4-f263-4605-9e08-6b18b0a917fd', '5e0b7753-9635-4253-a59e-a3c5f3358c67', N'CLO2', N'Chuẩn đầu ra CLO2 cho Môn học Iterate Leading-Edge Platforms', N'Để của đang giữa đi về. Nơi trong như đi điều để. Được nhưng cách khiến mà và từng.', 2, 1, '2025-05-13 16:18:52', NULL),
  ('261b32f2-ff66-4a93-866a-9e92c9ee4879', '5e0b7753-9635-4253-a59e-a3c5f3358c67', N'CLO3', N'Chuẩn đầu ra CLO3 cho Môn học Iterate Leading-Edge Platforms', N'Vẫn đó nơi như đang cái. Cái đúng như sau. Giống thay như từ đến này như.', 3, 1, '2025-06-01 07:07:00', NULL),
  ('80c0fd43-b940-4e56-81d3-8ce8f3717cc3', '5e0b7753-9635-4253-a59e-a3c5f3358c67', N'CLO4', N'Chuẩn đầu ra CLO4 cho Môn học Iterate Leading-Edge Platforms', N'Cách của số vì bạn người nếu. Tại cách nhưng đã tại. Cũng sau đúng hoặc rất chỉ. Khiến khiến cũng tại và là nhiều.', 4, 1, '2025-05-23 05:58:55', NULL),
  ('dcfc2ad4-5d74-4b49-aff7-33946e9ebe32', '5e0b7753-9635-4253-a59e-a3c5f3358c67', N'CLO5', N'Chuẩn đầu ra CLO5 cho Môn học Iterate Leading-Edge Platforms', N'Để tại nơi khiến hơn một tự. Thay giữa tại mỗi. Số số tại.', 5, 1, '2025-05-06 07:02:06', NULL),
  ('933b6e1d-e2ad-4b57-aeb2-18028469d35b', '11a2b1ba-0ee2-4b2f-ba74-15b41a7b6763', N'CLO1', N'Chuẩn đầu ra CLO1 cho Môn học Embrace Global Partnerships', N'Các bên với từ và. Khi tôi như của bên các.', 1, 1, '2025-05-13 02:36:04', NULL),
  ('fe4e4548-2f4d-4fdb-a7b5-c57b70748c98', '11a2b1ba-0ee2-4b2f-ba74-15b41a7b6763', N'CLO2', N'Chuẩn đầu ra CLO2 cho Môn học Embrace Global Partnerships', N'Vậy nào nhưng rất. Làm thì đã giống vài. Nhiều người từng. Đến đúng thì với.', 2, 1, '2025-05-29 12:51:09', NULL),
  ('6319ca9b-de74-4def-9936-5658bbe83e33', '11a2b1ba-0ee2-4b2f-ba74-15b41a7b6763', N'CLO3', N'Chuẩn đầu ra CLO3 cho Môn học Embrace Global Partnerships', N'Làm người số đã cách cách vì. Thế về tại vài nhiều cũng đã về. Khi đã mà được các người.', 3, 1, '2025-05-17 18:07:37', NULL),
  ('46ed0b31-40d3-40ea-b28c-5e25ab79189e', '11a2b1ba-0ee2-4b2f-ba74-15b41a7b6763', N'CLO4', N'Chuẩn đầu ra CLO4 cho Môn học Embrace Global Partnerships', N'Điều rất từ. Tôi nếu để. Giống về số cho rất đang.', 4, 1, '2025-05-26 19:41:05', NULL),
  ('b095a068-1a22-452d-b5f2-113fd734cfa4', '11a2b1ba-0ee2-4b2f-ba74-15b41a7b6763', N'CLO5', N'Chuẩn đầu ra CLO5 cho Môn học Embrace Global Partnerships', N'Cũng nhưng và hơn cho. Vài vì các như.', 5, 1, '2025-05-22 12:11:56', NULL),
  ('33d1a0a7-c792-4719-b101-e5784a1890f2', '70ac9daf-fd4b-4243-a993-1b457a51a29b', N'CLO1', N'Chuẩn đầu ra CLO1 cho Môn học Mesh Killer Networks', N'Mỗi từng là từng số một thay thế. Từ có đến cách được.', 1, 1, '2025-05-23 09:49:21', NULL),
  ('d3d2fd4a-bfb7-45a9-ba96-9f123697c4aa', '70ac9daf-fd4b-4243-a993-1b457a51a29b', N'CLO2', N'Chuẩn đầu ra CLO2 cho Môn học Mesh Killer Networks', N'Nào có có vẫn rất làm thì. Người thế một cũng làm như.', 2, 1, '2025-05-19 06:31:21', NULL),
  ('493f5917-3d86-4d9d-bc7a-55ade6d72cc7', '70ac9daf-fd4b-4243-a993-1b457a51a29b', N'CLO3', N'Chuẩn đầu ra CLO3 cho Môn học Mesh Killer Networks', N'Bên đang như dưới về tự số.', 3, 1, '2025-05-28 12:37:43', NULL),
  ('bbefbd45-8841-489a-bb55-024e4aa780d0', '70ac9daf-fd4b-4243-a993-1b457a51a29b', N'CLO4', N'Chuẩn đầu ra CLO4 cho Môn học Mesh Killer Networks', N'Giống sẽ của đi điều số để. Như cách cũng có bạn giữa chưa có.', 4, 1, '2025-05-15 08:06:23', NULL),
  ('8a515a9e-268f-4ca8-afca-a6027e060950', '70ac9daf-fd4b-4243-a993-1b457a51a29b', N'CLO5', N'Chuẩn đầu ra CLO5 cho Môn học Mesh Killer Networks', N'Đó đi từng đã sẽ. Nào nếu cái. Bạn tôi thì thay. Mỗi vẫn đó làm tôi được khi.', 5, 1, '2025-05-16 23:32:19', NULL),
  ('64f47eee-49da-4b26-ab7b-dad7d8df36eb', '7145fa87-5e15-4fd8-8126-3b53baccbd87', N'CLO1', N'Chuẩn đầu ra CLO1 cho Môn học Monetize Plug-And-Play Functionalities', N'Nơi thì tôi trong. Có cách bạn là từ. Bên tại người như.', 1, 1, '2025-05-23 10:14:37', NULL),
  ('f2f2334a-af01-4495-a27c-5c7c61790f33', '7145fa87-5e15-4fd8-8126-3b53baccbd87', N'CLO2', N'Chuẩn đầu ra CLO2 cho Môn học Monetize Plug-And-Play Functionalities', N'Về vậy từ chỉ này từ giống.', 2, 1, '2025-05-29 04:25:22', NULL),
  ('8cc5cab7-ad7b-4303-a481-71832267019d', '7145fa87-5e15-4fd8-8126-3b53baccbd87', N'CLO3', N'Chuẩn đầu ra CLO3 cho Môn học Monetize Plug-And-Play Functionalities', N'Sau thế rất một. Không để gần điều tại.', 3, 1, '2025-06-03 11:29:56', NULL),
  ('e344b3aa-9f16-4e5b-8cd5-a7104daa77be', '7145fa87-5e15-4fd8-8126-3b53baccbd87', N'CLO4', N'Chuẩn đầu ra CLO4 cho Môn học Monetize Plug-And-Play Functionalities', N'Hơn nơi cũng sẽ giống. Và thế nơi hơn sau làm.', 4, 1, '2025-05-09 00:27:48', NULL),
  ('1e0de279-489c-404e-bf94-88959dee3522', '7145fa87-5e15-4fd8-8126-3b53baccbd87', N'CLO5', N'Chuẩn đầu ra CLO5 cho Môn học Monetize Plug-And-Play Functionalities', N'Với không giữa số trong hoặc như. Không của nhưng để như. Của thế đang.', 5, 1, '2025-05-25 13:25:06', NULL),
  ('add57130-3b32-493d-b6b1-f1e925ac62b3', '38a800ef-03bc-4531-b747-62c505d2268a', N'CLO1', N'Chuẩn đầu ra CLO1 cho Môn học Envisioneer Real-Time Roi', N'Nhiều sau từng thì mỗi. Và cũng từng được không đã. Dưới này giữa cũng về.', 1, 1, '2025-05-19 05:29:02', NULL),
  ('db50439b-4182-40b9-871c-5b8b44b94b54', '38a800ef-03bc-4531-b747-62c505d2268a', N'CLO2', N'Chuẩn đầu ra CLO2 cho Môn học Envisioneer Real-Time Roi', N'Có nhưng đúng cũng đến mà. Điều cho đang hơn. Hơn giữa tại là đến đi với. Cũng cũng như hoặc.', 2, 1, '2025-05-12 18:13:00', NULL),
  ('d106e4cf-28b3-4b31-bada-9510a987a97e', '38a800ef-03bc-4531-b747-62c505d2268a', N'CLO3', N'Chuẩn đầu ra CLO3 cho Môn học Envisioneer Real-Time Roi', N'Được đó các như điều thì. Bên mà khi giống. Nhiều cách tôi vài tôi có.', 3, 1, '2025-05-17 04:35:59', NULL),
  ('1332af90-68eb-4116-8339-de4fba30aa41', '38a800ef-03bc-4531-b747-62c505d2268a', N'CLO4', N'Chuẩn đầu ra CLO4 cho Môn học Envisioneer Real-Time Roi', N'Cho vì từ để để tự là. Với tại cho sẽ. Làm nhiều thế rất của.', 4, 1, '2025-05-20 19:16:09', NULL),
  ('54716fdc-5545-4f5a-9ead-dbafc60212cc', '38a800ef-03bc-4531-b747-62c505d2268a', N'CLO5', N'Chuẩn đầu ra CLO5 cho Môn học Envisioneer Real-Time Roi', N'Của gần cũng như trong một. Được vậy đã.', 5, 1, '2025-05-17 11:15:11', NULL),
  ('f9c90d3d-cac5-48aa-b9da-3422cf49596a', '4738e3ee-3f30-4cac-90bc-30337c457e81', N'CLO1', N'Chuẩn đầu ra CLO1 cho Môn học Engage Visionary Systems', N'Đi hơn này gần cái của vẫn. Cho vài này rất có các. Là đi sau vì mỗi.', 1, 1, '2025-05-14 17:11:00', NULL),
  ('a6282fce-f5cd-4b68-a5b5-e6031524c7d2', '4738e3ee-3f30-4cac-90bc-30337c457e81', N'CLO2', N'Chuẩn đầu ra CLO2 cho Môn học Engage Visionary Systems', N'Tự trong nếu của để. Trong từng nào này để có.', 2, 1, '2025-06-02 14:41:35', NULL),
  ('252c0bf1-b0f1-4685-ae91-1d0a0affc2c6', '4738e3ee-3f30-4cac-90bc-30337c457e81', N'CLO3', N'Chuẩn đầu ra CLO3 cho Môn học Engage Visionary Systems', N'Mỗi vậy với người tại vài được. Được như nếu. Từng một để đang hoặc.', 3, 1, '2025-05-29 04:46:15', NULL),
  ('24c57c8f-1411-44f4-89e3-a399545febcf', '4738e3ee-3f30-4cac-90bc-30337c457e81', N'CLO4', N'Chuẩn đầu ra CLO4 cho Môn học Engage Visionary Systems', N'Nhưng cũng giữa thì như. Đó này mỗi chỉ đi.', 4, 1, '2025-06-03 17:46:04', NULL),
  ('6d12cd27-d90d-4440-8322-15b2af62ee36', '4738e3ee-3f30-4cac-90bc-30337c457e81', N'CLO5', N'Chuẩn đầu ra CLO5 cho Môn học Engage Visionary Systems', N'Giống nhiều được có tại. Chưa rất cũng vẫn chưa trong cũng.', 5, 1, '2025-05-22 13:03:31', NULL);
GO

-- Data for Phan
INSERT INTO [dbo].[Phan] ([MaPhan], [MaMonHoc], [TenPhan], [NoiDung], [ThuTu], [SoLuongCauHoi], [MaPhanCha], [MaSoPhan], [XoaTamPhan], [LaCauHoiNhom]) VALUES
  ('9cfad973-df5b-4379-94ca-779431bc420a', '364237c5-b271-4161-8e53-78a7a4ec501c', N'Phần 1: De-engineered intangible secured line', NULL, 1, 2, NULL, 1, 1, 0),
  ('e5e2d712-c22e-4f12-9849-d8f5ecef9f99', '364237c5-b271-4161-8e53-78a7a4ec501c', N'Phần 2: Integrated grid-enabled utilization', NULL, 2, 2, NULL, 2, 0, 0),
  ('2aa71c6c-cb9c-4258-a579-1b2d18c1b573', '14d1ec21-caeb-4950-ab42-862ca10199f5', N'Phần 3: Reactive static model', NULL, 1, 4, NULL, 3, 0, 0),
  ('9021fd4c-9366-4d61-ab34-6bffc1ae2a74', '14d1ec21-caeb-4950-ab42-862ca10199f5', N'Phần 4: Reverse-engineered grid-enabled access', N'Giống và nơi sẽ. Đó bên bạn một rất. Dưới tại thế.
Của tại từ gần. Nhưng cho được có cho với hoặc. Vẫn tại được đó hơn.
Nhiều bạn khiến của nào điều tôi. Từ thế rất số.
Thế trong của về. Nếu nhiều gần sẽ tại.
Khiến mà này làm. Đúng có như như này làm chưa.
Không đã đến chưa nhưng. Này để đó mà thế điều sau. Vì sau một.
Thì hơn này.
Chỉ mà người là như để. Từ để cũng cái chỉ khi dưới có. Hoặc tại có đi cũng.
Thế nhưng khiến nào điều mỗi vì với. Về nếu đến chưa. Tại tại sau là đến trong có tôi.', 2, 3, NULL, 4, 0, 1),
  ('128ad24a-0425-484e-a1e3-c61ad8e4eb45', '96f99bb5-c339-40ce-aa18-7688bf0eef8d', N'Phần 5: Sharable global capability', NULL, 1, 2, NULL, 5, 1, 0),
  ('939b77bc-e1bd-4b5a-ad57-0bf14b19dfdb', '3cb91e25-c8ce-4fdb-9e34-4b33124c4b94', N'Phần 6: Stand-alone explicit capacity', NULL, 1, 1, NULL, 6, 0, 0),
  ('5e278828-0d95-4107-9b4e-a651da5d177c', 'c5ea0bab-a72f-4f8f-823e-a6343cbed8bf', N'Phần 7: Streamlined non-volatile core', NULL, 1, 2, NULL, 7, 1, 0),
  ('b44acf7c-3108-4176-97eb-c01ef9e9404f', 'c5ea0bab-a72f-4f8f-823e-a6343cbed8bf', N'Phần 8: Sharable interactive project', NULL, 2, 2, NULL, 8, 0, 0),
  ('82670727-50af-42d8-8c18-363adf4bedf2', 'ec1d8147-9a71-44d0-bb55-1846dc5b09c5', N'Phần 9: Universal optimal solution', NULL, 1, 2, NULL, 9, 0, 0),
  ('d36c0f0e-6aff-4c33-9813-da6cc5c58788', 'ec1d8147-9a71-44d0-bb55-1846dc5b09c5', N'Phần 10: Persistent zero-defect framework', NULL, 2, 1, NULL, 10, 1, 0),
  ('697fbb79-7a97-427e-aecc-c9840956fcd2', 'bc45c870-39ae-4882-b6b4-f79183722fd1', N'Phần 11: Polarized intermediate framework', N'Khi từ như như. Cũng vẫn vậy người đến hơn trong. Theo cũng cách là của bạn.
Cũng nếu có sau cũng như và. Giống và cũng.
Như đã để như và. Đó nhưng từ có không vì mỗi được.
Có khiến bạn không hơn các. Người sau giữa dưới. Đi cũng giữa nhiều được cũng.
Về giữa bên hơn người mà cũng. Nhiều gần các đã làm chưa. Bạn được các đang tôi đó các.
Số thế hoặc nhiều có hoặc như. Giữa cũng làm bên có thế. Thay sẽ về như trong về. Giữa rất đã đi có với.', 1, 1, NULL, 11, 0, 1),
  ('e93f5372-e897-4a3a-a92a-d89daefc5d0b', 'bc45c870-39ae-4882-b6b4-f79183722fd1', N'Phần 12: Managed 4thgeneration Internet solution', NULL, 2, 1, NULL, 12, 1, 0),
  ('be2f3ff6-6f7b-4cea-860b-ffb5baa4a59c', '19b6492c-7d58-4509-b8ee-25a8555fd538', N'Phần 13: Robust motivating matrices', NULL, 1, 1, NULL, 13, 0, 0),
  ('5bec2461-a080-4dac-823f-aa441dd95b6a', '1c1547e7-52ef-4156-88d0-2d08fda0f445', N'Phần 14: Synchronized encompassing hub', N'Như đã từ vẫn chỉ. Mà là lớn người như.
Tại tại của với của thay như. Bên và từ khi về. Có nào để cái giữa chưa.
Làm như thì dưới từ rất một. Cũng như từ với một mỗi.
Vì trong cho để với gần thế nào. Nếu bạn của hoặc từ tại. Trong rất cách. Các trong từng.
Được như từ cũng với của. Nào vì làm được. Từng là mỗi tại với nhiều đến sau.
Một tôi thế nơi để thế một tôi. Tại từng nhưng từ của. Số bạn số hơn nào nơi.
Vài khiến đến này được. Từ từ đang.
Cách như đúng. Đúng của mỗi có.', 1, 2, NULL, 14, 0, 1),
  ('8bff6a46-7af0-4367-9ecb-6bf5553b5492', '502ae39b-3b21-4e57-824f-b5d779d6eb1a', N'Phần 15: Networked context-sensitive secured line', N'Làm nào có là cho chưa. Có từ làm có với đi từng giữa.
Từ hoặc đã hơn trong sẽ. Để một người trong như tại. Cho được cho vài làm như vài.
Như cách để vẫn nếu tại. Tôi đang đang nào dưới như đang. Cái trong vậy giống nhưng lớn.
Người nhưng cho lớn nếu. Cái đến vài làm đã. Theo đó của như nào khi đang. Tại vậy cách của.
Có hoặc hoặc không. Người làm để vì.
Chỉ từng hơn của người nhưng các. Hơn giống tôi đang nơi.
Bạn sau để khi. Một tôi này làm. Hơn dưới cũng vài sẽ rất vì.', 1, 1, NULL, 15, 0, 1),
  ('64b271ba-de0e-41f9-bf4b-4c1b7dfd354e', '502ae39b-3b21-4e57-824f-b5d779d6eb1a', N'Phần 16: Realigned dedicated focus group', NULL, 2, 1, NULL, 16, 0, 0),
  ('b107ddeb-5268-407e-ac39-3a57756b56f8', 'b7af3a95-5c84-4309-9e27-b3cb4ac62efa', N'Phần 17: Object-based responsive portal', NULL, 1, 4, NULL, 17, 0, 0),
  ('6d717cc3-368b-4bab-90a1-411f3ae19156', 'b7af3a95-5c84-4309-9e27-b3cb4ac62efa', N'Phần 18: Balanced incremental Graphical User Interface', N'Bên chưa một được với. Tôi nơi vài thay.
Để hơn và sau vài. Đang giống như có đi từ. Tự hơn của này chỉ. Để trong có mà hơn.
Như từ mỗi như dưới trong như đúng. Từ và lớn một hơn. Này với với là từ. Nhiều theo gần giống của đã thay.
Hơn mỗi làm để có. Để để là giữa làm. Cũng chỉ có tôi hoặc giống không.
Của của khiến có nhiều sau như. Với như hơn tự cũng tự là.
Số đã giống không như giống như theo. Rất điều đến các đến nơi. Có một giữa dưới đã. Mỗi trong của trong.', 2, 3, NULL, 18, 0, 1),
  ('7cb1bb28-62de-4584-9336-379de0b99f95', '46222303-4580-4161-b140-652b16dabe9b', N'Phần 19: Cross-group static matrices', NULL, 1, 4, NULL, 19, 0, 0),
  ('898393de-595e-45fa-996c-677e21857a6b', '46222303-4580-4161-b140-652b16dabe9b', N'Phần 20: Synchronized dedicated software', NULL, 2, 1, NULL, 20, 0, 0),
  ('d530c8b5-d367-47ea-8449-fffb05a84523', '46222303-4580-4161-b140-652b16dabe9b', N'Phần 21: Reactive bottom-line instruction set', N'Với số dưới cho. Hơn giữa của dưới giữa không.
Một của trong thế lớn và. Là sau một vì như như cách.
Vẫn thế để như. Đúng chỉ thay về. Dưới làm và có mỗi từ nhiều.
Như tự như. Khiến đang của gần. Đúng khi từ để hoặc này bên.
Làm với sẽ dưới thế. Các từng nơi đúng để một.
Đó hơn như mỗi trong thế. Để với nhiều cái. Có hơn vì tại như.
Tôi là theo là sau vậy để. Hơn nơi trong thay.
Chỉ một hơn mỗi chưa hơn của dưới.
Của bên của vẫn là. Khi tự khiến như về. Như thế chưa từ vì.', 3, 4, NULL, 21, 0, 1),
  ('1868dd8b-a30f-481e-9453-d0507ff126da', '5ad67962-0e81-4af0-9fa9-bcace93d91a5', N'Phần 22: Automated directional archive', NULL, 1, 1, NULL, 22, 1, 0),
  ('00b9a5c9-4ef4-4c68-a1f5-9b956f18dc69', '5ad67962-0e81-4af0-9fa9-bcace93d91a5', N'Phần 23: Up-sized 3rdgeneration info-mediaries', NULL, 2, 3, NULL, 23, 1, 0),
  ('63f11b8d-b2e6-40f1-81af-71c47eec71de', '5ad67962-0e81-4af0-9fa9-bcace93d91a5', N'Phần 24: Enterprise-wide system-worthy product', NULL, 3, 1, NULL, 24, 0, 0),
  ('f2358fd6-82ce-439c-808c-e6ffc73e1ed4', '1df02f89-56d9-418b-88f7-a8759f182d7f', N'Phần 25: Managed zero tolerance parallelism', N'Đúng một để mỗi như để để. Các đó khiến với giống thay từng.
Như vậy được cũng. Sau giống đã từ vậy hơn. Bên vẫn hoặc bạn tại vậy vẫn như.
Làm thế hoặc có tại.
Hơn thì đó đang một. Cũng gần tôi các hơn hơn. Không khi gần tôi để một giống.
Bạn cái cho tự nào lớn tôi. Nào thì với. Trong chưa tự các.
Dưới gần vẫn bạn. Điều nếu như các sau tôi vì. Nào khiến không từng có.
Tôi số cũng như bên của cho. Như và các.
Của của bạn cách vẫn. Thay của này khi theo hơn rất. Giống vậy sau nhưng với không.', 1, 1, NULL, 25, 1, 1),
  ('dcebcc9c-6ccb-4f63-9614-2df5c8f466e8', '1df02f89-56d9-418b-88f7-a8759f182d7f', N'Phần 26: Managed static capacity', N'Từng của được đúng. Này tại đi số.
Sẽ vẫn hoặc đang. Điều để như đã.
Đó nào có số cũng. Sẽ từ hơn đi.
Trong gần nhưng của với giống. Cách mà vậy thì giữa đi vậy với.
Giống không như như. Giống hơn tôi. Hoặc thế về.
Rất tại không. Từ tại của mà với cách. Sau với giữa người có đi. Sẽ nhưng khi cho vẫn.
Nơi giống cái rất. Của bạn như cái của. Theo giữa có đang thay nơi.
Nào cũng như khiến này nào vì. Trong của số đang gần có thay. Giống vài khi tôi này từ.', 2, 4, NULL, 26, 0, 1),
  ('464e0b6c-6367-48e6-a534-fe10d17754c3', '9c47600f-ec08-4723-9c39-5452747c3013', N'Phần 27: Reactive foreground productivity', NULL, 1, 3, NULL, 27, 0, 0),
  ('ed6243b6-fd1e-44a6-98d0-7810aa74dc1e', 'b154e18d-9d4b-4bc2-9a11-d94710762d37', N'Phần 28: Switchable eco-centric interface', NULL, 1, 3, NULL, 28, 0, 0),
  ('07d59954-4661-4664-afff-8832259a7586', 'c9cee9d6-deb4-4000-97c6-f5f68a310cd6', N'Phần 29: Implemented discrete success', N'Mà sau của giữa trong từng. Như mà và như. Là theo và.
Từ khiến cũng. Vẫn từ và nơi mà với. Lớn nhưng vài thế.
Cũng hơn cũng với cho. Để trong thế cũng mỗi giống. Của điều nào.
Và vậy hoặc trong trong cho với. Vậy đã hoặc của một.
Và đã làm và.
Nơi nào để nơi này sau có. Vì vậy không để. Làm sau nào từng tại. Số để vài mà gần.
Đã bên gần có vậy lớn.
Nếu hoặc hơn giữa vài cái nếu. Cho đến vì nơi.
Làm đi làm được. Rất theo là thì có khiến cái. Để giống chỉ trong từng bên bạn để.', 1, 1, NULL, 29, 0, 1),
  ('bb788ced-65db-4dac-b7e7-ed04e31152ef', '1e0ba48b-f39d-417f-b7cb-c435f6abf762', N'Phần 30: Automated methodical contingency', N'Như đã thế cho bên. Như sau nào là hơn từ là số. Thế của không đi cái về thay. Theo điều tự làm.
Rất cái với rất dưới hơn có hơn. Thế để nhưng. Như để như vẫn người được của. Tại nếu để gần đó.
Đã về điều làm của đi. Theo mỗi tại từ. Cho tự các như cũng.
Làm điều không mà giữa chỉ bên. Nơi nhiều cho cũng giống người trong.
Một sẽ tôi vì dưới. Để đúng lớn thay.
Để như hoặc làm sẽ. Không nhưng bên cái được chỉ với. Hoặc đúng về điều tôi khiến để và.
Về cái giữa người một khiến trong hơn.', 1, 1, NULL, 30, 0, 1),
  ('4d8449c4-72bb-4042-9d2a-9cedc4332493', '1e0ba48b-f39d-417f-b7cb-c435f6abf762', N'Phần 31: Customizable heuristic structure', NULL, 2, 4, NULL, 31, 0, 0),
  ('a3ea2905-a585-4e16-a3ec-76d2edb1e68b', '554d5996-2887-4ed8-973e-c8a303832159', N'Phần 32: Automated incremental toolset', NULL, 1, 2, NULL, 32, 1, 0),
  ('20f62cca-6dbe-4372-84bd-68d7f399e75b', '554d5996-2887-4ed8-973e-c8a303832159', N'Phần 33: Organic multimedia moderator', N'Thế để sẽ khiến nhưng. Có có mỗi với bên với.
Của hoặc được cũng thay như như. Rất lớn để nơi hơn để. Khiến cũng bên với.
Để của như cái thì. Của số nhưng được. Của có rất chỉ thế.
Như từ như của sau. Của như chưa có.
Nào đi được người cũng từ có nếu. Trong tại như trong này đúng.
Để sẽ và với với. Theo bạn như cho từng thế đang.
Hơn được đã như giống rất như. Nhưng khi để của các là.
Như vậy hơn dưới. Từ bên nào thì từng.
Làm điều cũng. Các này của. Giữa tại người trong.', 2, 3, NULL, 33, 0, 1),
  ('8168d8f3-3f03-4c35-83ef-076afc2c5cf8', '5b641810-e3db-4c6a-b408-545c5fc6e802', N'Phần 34: Monitored eco-centric info-mediaries', NULL, 1, 2, NULL, 34, 0, 0),
  ('fd6f06c5-1db4-4f88-9188-42870ef5d4fa', '5b641810-e3db-4c6a-b408-545c5fc6e802', N'Phần 35: Versatile scalable hardware', N'Thì có thay số gần cho trong. Cũng sẽ người chỉ giống. Bên làm này từ với theo đến. Đang cho khiến gần vậy.
Trong với khi thế về một vậy. Thì thay để khiến trong hoặc.
Có từ là tự người. Không gần nào của cũng chỉ nhưng. Hơn để đến như mà một.
Đang theo chưa được chỉ một. Tại về trong để nào. Và khiến cách có hoặc.
Như là mà cũng tại về cái đã. Khi của theo được chưa của không lớn.
Theo vẫn chưa như để. Vẫn bên có từ tôi.
Tại người các trong. Đến được vậy số giống với. Chưa giống tự.', 2, 4, NULL, 35, 1, 1),
  ('2277b0c3-e0b3-4b00-935f-a1fec62f2208', '5b641810-e3db-4c6a-b408-545c5fc6e802', N'Phần 36: Distributed neutral circuit', NULL, 3, 2, NULL, 36, 1, 0),
  ('63e95323-da36-41e0-8982-2236678ae5c2', 'c6d7a6e1-df2c-4c23-98e3-7d5ae7125228', N'Phần 37: Open-architected upward-trending product', NULL, 1, 4, NULL, 37, 0, 0),
  ('04bb347e-b225-4951-9c74-5798d99e8685', 'c6d7a6e1-df2c-4c23-98e3-7d5ae7125228', N'Phần 38: Enterprise-wide contextually-based firmware', NULL, 2, 1, NULL, 38, 1, 0),
  ('4bad3c27-29f1-4d95-b889-34433b3d4441', 'f63b2ea2-46a4-4de4-8f1f-3dda5a6a5e29', N'Phần 39: Configurable bifurcated hub', NULL, 1, 1, NULL, 39, 0, 0),
  ('e77cc937-961b-4f00-8a17-b177919c404d', 'f63b2ea2-46a4-4de4-8f1f-3dda5a6a5e29', N'Phần 40: Customizable radical groupware', NULL, 2, 3, NULL, 40, 0, 0),
  ('31bad83a-13bd-4ff8-8fb4-168576cfcdf7', '701647e4-fcce-4b2d-917c-8cb3c9a215c4', N'Phần 41: Self-enabling disintermediate capability', NULL, 1, 3, NULL, 41, 0, 0),
  ('b9d66b20-df2f-4f4a-be58-dcf013a4f6b9', 'fb8e731d-8d07-4ea6-b217-6f6ceb4bd758', N'Phần 42: Digitized system-worthy extranet', NULL, 1, 2, NULL, 42, 0, 0),
  ('5c665299-9aa4-4108-ab46-608ae6a30329', 'fb8e731d-8d07-4ea6-b217-6f6ceb4bd758', N'Phần 43: Cross-group context-sensitive Graphical User Interface', N'Sau nơi nếu và số trong lớn có. Tôi bạn người có thì cái.
Đã là từ thì. Không người từ trong số vậy.
Hơn nhiều về có. Bên đến hơn như một chỉ.
Không đến như nào. Của đi được giống và giữa trong.
Thế vẫn cái đang như đúng. Thế vẫn giữa là tôi.
Không như thay đến. Đúng sau mà.
Của với đã. Bạn cho theo cách để nhưng từ.
Vậy tôi bạn này đang. Bạn của bên thay đi.
Từ khiến thay để lớn vậy khiến. Nhưng chỉ nhiều vậy. Không như cho rất được như lớn.', 2, 2, NULL, 43, 0, 1),
  ('1f89816f-2875-45d4-83b3-075aabe6eb67', 'fb8e731d-8d07-4ea6-b217-6f6ceb4bd758', N'Phần 44: Operative intangible productivity', N'Tại của không từ cũng để. Để sau làm có như. Vậy là hoặc chỉ đang và đang.
Trong người từ trong một. Cái vì từ để rất từ. Lớn chưa đó điều lớn của đã trong.
Với cho để để. Này tôi thì các thay thế tự. Hơn thì vì về và giống nhưng. Như từ vì chỉ từ.
Rất có tôi này cái. Để trong thế. Nào đó tôi về về nhiều.
Trong là cách cái nào người. Theo làm cũng giống các rất.
Đúng khiến tôi điều không đến khiến. Vậy cho các để này rất. Như giống và.
Hơn như tại. Rất hoặc đi.', 3, 1, NULL, 44, 1, 1),
  ('e2e9c810-52f2-4ce0-acef-d5a9a926a8cd', '2c717697-bf21-4aeb-9cb1-09ff88e2448c', N'Phần 45: Compatible full-range parallelism', NULL, 1, 3, NULL, 45, 0, 0),
  ('f6317ea7-4be7-4fbf-ba82-8afe5cb13272', '2c717697-bf21-4aeb-9cb1-09ff88e2448c', N'Phần 46: Multi-channeled bandwidth-monitored focus group', NULL, 2, 3, NULL, 46, 0, 0),
  ('d733d251-aecc-4e1f-948a-d9fc769e1028', '45b4d89a-4551-4559-80e9-55a73154a753', N'Phần 47: Assimilated optimizing workforce', NULL, 1, 3, NULL, 47, 0, 0),
  ('4ad9f931-18ae-445a-a40c-b043ba701f96', '45b4d89a-4551-4559-80e9-55a73154a753', N'Phần 48: Intuitive directional interface', N'Hơn điều có rất khiến đúng. Nhiều trong của vì trong không. Như đúng sẽ tự điều như đã.
Vậy để từ có của. Không làm trong đến như lớn nhưng khiến. Theo một của đang sau.
Rất có cũng thì cho. Trong có chỉ có chỉ có từ. Để bạn mỗi để.
Vẫn dưới cho như. Để trong như có cho thay.
Để thay các làm cái.
Sau làm không nhưng thay không hơn.
Mỗi từng bạn cũng nơi. Giống nơi cho thì. Của nếu hơn nào.
Đúng đến trong. Như hoặc tự nơi người đi gần. Với sẽ vì giống đang với người thì.', 2, 4, NULL, 48, 0, 1),
  ('00e67a6e-73ae-4d81-843b-4784c111f94b', '429323ae-345c-4d3b-a283-e6621a53b262', N'Phần 49: Extended global matrix', N'Số giống vậy đó thì làm có. Thế của cũng rất. Tôi như nơi nhiều.
Khiến hoặc của này không rất. Điều gần vẫn mỗi chưa về để. Thì rất chưa mà.
Điều có cho chỉ từ. Tại khi tự mỗi.
Vậy cách làm giống giống một. Như làm là đến. Của mà có của với.
Đúng nhưng số đang.
Chưa số đang làm hơn đến.
Cũng đó sẽ. Khiến vậy để nào của. Rất với giống để vài chỉ của thay.
Không về chưa người để thì dưới. Dưới đang của được đi.
Vì đó nhiều để mỗi. Để tự điều theo đang của bạn sau. Tôi như khiến người mỗi nếu từ.', 1, 3, NULL, 49, 1, 1),
  ('a375b71c-c057-4e9b-b801-840ecaf1f69a', '429323ae-345c-4d3b-a283-e6621a53b262', N'Phần 50: Quality-focused responsive info-mediaries', NULL, 2, 3, NULL, 50, 0, 0),
  ('c87a7e9e-3570-4bc9-980f-2f4c32d01785', '429323ae-345c-4d3b-a283-e6621a53b262', N'Phần 51: Visionary client-driven complexity', NULL, 3, 2, NULL, 51, 0, 0),
  ('321b6efb-5a07-43ed-83a2-84f68d60562e', '42bcced1-270d-4b87-b127-d22f1d20aecd', N'Phần 52: Cloned radical firmware', NULL, 1, 3, NULL, 52, 0, 0),
  ('93606434-129e-4a8c-ab27-85d0f9e97568', '42bcced1-270d-4b87-b127-d22f1d20aecd', N'Phần 53: Reverse-engineered object-oriented projection', NULL, 2, 1, NULL, 53, 1, 0),
  ('5700c81d-1a41-47c6-a0d4-83d704283766', '42bcced1-270d-4b87-b127-d22f1d20aecd', N'Phần 54: Switchable next generation array', N'Để trong vẫn không khiến này trong. Nào hơn và được trong. Số nhiều đang là.
Số thế vậy nơi. Có của nếu số hoặc thì vài.
Sẽ nào thay rất bạn để. Một sẽ như vài vài. Về giữa cũng. Để nếu được khiến đã.
Như với các đó. Về giống cũng từ sau thế.
Giữa lớn làm nhưng điều khi khi. Nào đang trong vài với. Nếu chỉ của từ của.
Khi từng để. Với nào nơi gần.
Từ thế làm đang thay. Làm đúng thì dưới. Bạn và thay như mỗi.
Hơn để hơn chưa là gần. Nhiều theo bên chưa không.', 3, 4, NULL, 54, 0, 1),
  ('fe92161a-838e-4034-8018-06c503f8edb8', 'ef9b77ad-4b18-4328-a13e-01880fc537f2', N'Phần 55: Fundamental systemic interface', N'Thay nhiều tại tôi để giống chưa nhưng. Tự của chưa trong đang vài.
Về như và một hoặc tại vẫn. Để của trong thế có. Thay từ sau đúng theo. Hoặc cái của.
Chưa từ lớn dưới nếu tại khi từng.
Lớn cũng có từ của để theo. Như hơn tự với.
Theo đúng cách để được tôi.
Nào như nhiều để bạn với. Và nhiều đi được nơi cũng.
Bạn hơn như này chưa có. Các chỉ được bạn như từng. Cho vẫn như vậy.
Từ các chưa làm giống có. Vài để hơn mà theo. Người của từng của vì không. Các không tôi theo từ hoặc.', 1, 1, NULL, 55, 1, 1),
  ('73afbc0f-7215-4c5f-af2f-cd1c72d16c60', '68d83635-7ad8-4523-bfbc-4a881c7a9dfc', N'Phần 56: Reverse-engineered cohesive Graphical User Interface', N'Này dưới khi mỗi bên tại. Hoặc với không nhiều. Của dưới trong từ hơn có đang đến.
Có này thế. Để cái tại điều cái hơn của.
Đi để vài vậy thay. Có một dưới tự một hoặc sau. Số là với đúng vì.
Là rất để đã với cách hoặc. Vậy cũng bên lớn điều để nào để. Chưa gần vẫn vài.
Như trong nhiều từ mà. Thay như cái như.
Nơi chưa vì trong được thì tại. Số cái đó đó. Cách khi người chỉ gần. Tôi tại một tự.
Bạn làm để người một nhiều số. Như trong tại theo tại. Từ dưới hơn vẫn này.', 1, 2, NULL, 56, 0, 1),
  ('9bd377d9-b532-43df-8d86-5eec8e3b6542', '8c2d3e79-765a-415f-b25e-91172d71dead', N'Phần 57: User-centric maximized Internet solution', N'Từ sau trong là người như. Như từng tự và đến. Theo tôi cách giữa hơn như các.
Thay bên đó được. Tại điều tại chỉ.
Số đến và trong hoặc hoặc. Là để như.
Từ như giống bạn với cái. Tôi như có nhưng trong thế. Lớn này đến được.
Để của đang đi. Của có sau thay để.
Không bạn vậy từ tại từ giữa. Đã có nào cũng vì.
Chưa mỗi này vẫn thế như người. Giống mà cái đó đã và bên. Bạn như các khiến như như đó như.
Bên theo làm có như với. Cái đang nhưng cái tại.', 1, 2, NULL, 57, 0, 1),
  ('8c7cccfe-2492-4ca2-9cd4-f13a83e31e6c', '8c2d3e79-765a-415f-b25e-91172d71dead', N'Phần 58: Persistent 5thgeneration hardware', NULL, 2, 3, NULL, 58, 0, 0),
  ('8cc5c23e-09e3-424c-bfa9-7b6527124b9e', '5fd42d9e-02dc-4177-979c-cfa16eec377e', N'Phần 59: Switchable mission-critical capacity', NULL, 1, 1, NULL, 59, 0, 0),
  ('20aac786-8fd7-43c4-aa34-cbe4c1320d42', '5fd42d9e-02dc-4177-979c-cfa16eec377e', N'Phần 60: Enhanced maximized extranet', N'Nhưng vì cũng. Rất như thế cũng. Nhưng về cái đến mỗi bạn.
Khi để lớn như. Bạn hoặc người người điều cũng thế bạn. Tại sẽ nhưng có vẫn này nhưng.
Sẽ để sẽ mỗi hơn để tại. Và về làm và. Số để vì nếu mà thế mỗi.
Nơi chỉ có như chưa thay. Sau cho từng tôi khi giữa theo.
Như vì bên một theo có đến. Tôi bạn không đang.
Sau được cái không. Làm và mỗi vậy cũng hơn. Trong bạn cũng khi.
Cái khiến làm. Cho có bạn thay.
Theo giữa người cho vẫn của. Rất từ từng có nào đang cũng mỗi.', 2, 1, NULL, 60, 0, 1),
  ('8d2ed809-cb1f-4198-b914-d51c679e4b6b', '5fd42d9e-02dc-4177-979c-cfa16eec377e', N'Phần 61: User-centric disintermediate monitoring', NULL, 3, 3, NULL, 61, 0, 0),
  ('d933e76a-2dd2-4777-b78b-f46efe5dc141', 'bca477e3-90cc-4128-bbaf-a103779a6f68', N'Phần 62: Cloned impactful service-desk', NULL, 1, 1, NULL, 62, 0, 0),
  ('7c71315a-9c30-40d0-a31e-4a91454e022e', 'bca477e3-90cc-4128-bbaf-a103779a6f68', N'Phần 63: Synchronized scalable hierarchy', N'Chưa với hơn sau. Tôi như đó. Như giống sẽ.
Từng gần chưa nhưng để với chỉ. Hơn trong đến không các.
Này giống nhiều người từ về. Để thế cũng từng hoặc của. Thế trong lớn vẫn cái bên.
Thế được đã rất theo. Thế trong các mỗi mỗi giữa.
Tôi gần để. Bạn để một làm. Như của một từ giữa thế.
Như tại hoặc để đó có đang. Từ nhiều hoặc bạn điều.
Như trong từng thế với một như. Lớn theo đến để có hơn chưa.
Như cũng điều đến như về. Đi và cách nhiều rất một.
Vậy để không nào về nhưng cái của.', 2, 2, NULL, 63, 1, 1),
  ('0032e09f-14ba-4dfc-bb6f-cbed75dec0f6', '88fbb950-acd0-47ec-82f8-e230de51a5ab', N'Phần 64: Fully-configurable neutral firmware', NULL, 1, 1, NULL, 64, 0, 0),
  ('d5139adb-81f8-490e-9e9a-55cee2d51712', '88fbb950-acd0-47ec-82f8-e230de51a5ab', N'Phần 65: User-centric optimizing time-frame', N'Tại gần người theo giữa được. Theo được tôi thay cái tại giống như.
Này tôi bên vẫn để. Được thế tại nơi hơn từng. Dưới của giống đó.
Từ tự của cái cái của được nhiều. Hơn dưới hơn vì.
Hơn bên là gần đến không về nhưng. Gần về từ nào gần người mỗi. Để các của như với đã thay. Trong từ không.
Nào từng nhiều trong sau. Khi vì như người một.
Nếu mỗi từng gần là một.
Như cũng của có nhiều vẫn giống. Thì giống cũng chỉ đúng như vẫn cũng.', 2, 4, NULL, 65, 0, 1),
  ('4b22a320-8393-49dc-88cb-3753596f7bb7', '53a09fa1-26c1-4429-bfeb-dd3f6472acc9', N'Phần 66: Automated solution-oriented standardization', NULL, 1, 1, NULL, 66, 0, 0),
  ('f45b55af-67e9-41a8-b797-c0c089720b03', '53a09fa1-26c1-4429-bfeb-dd3f6472acc9', N'Phần 67: Phased logistical application', N'Giống như nào giữa. Khi đã gần trong. Để vậy một tự để nơi.
Để vài đó đang là. Sẽ được và thì một từ sẽ. Này được có.
Trong của vì. Rất vậy trong điều thế. Cũng như rất sẽ tự đã.
Như tại như vậy lớn để. Khiến đã để để với khi của tại. Được sau giống nhưng.
Nhưng của trong được của điều. Là có có nơi vì nơi của.
Mỗi để nhưng khi để. Một tự của tại. Của của có nhiều.
Khi từ tôi mà. Giữa rất vì để từng với điều. Các là với chỉ số trong.', 2, 2, NULL, 67, 0, 1),
  ('d1bc9173-7882-45fe-827a-7a8d6d1c6464', '12013c79-2f88-4d27-baf5-fae65c49c2be', N'Phần 68: Phased value-added knowledgebase', N'Đến nếu hơn. Cũng thay tự cũng về nào. Về mỗi của từ.
Từ đã của đó. Để mỗi cũng.
Khi tự thay cái. Bạn đã để một bên tại giống. Vì vẫn bạn dưới.
Thay nơi của khi vì tôi nơi. Nếu chỉ nào giữa. Cho của trong tự gần cái.
Theo để giống đã theo dưới. Gần của chưa như số.
Cho của gần dưới hơn khi của nơi. Nhưng gần trong nào có.
Vẫn cũng giữa số hơn. Đang thì cũng. Mỗi cái từ người cũng.
Khiến nhưng của hơn. Đúng dưới nhiều từ cũng một. Thì làm từ trong.', 1, 1, NULL, 68, 0, 1),
  ('eafefd64-9b86-47ae-a6c5-32529152df3a', '12013c79-2f88-4d27-baf5-fae65c49c2be', N'Phần 69: Profound analyzing initiative', NULL, 2, 2, NULL, 69, 1, 0),
  ('3ecb4b12-9252-4b03-bb7b-a86fc1a9f35f', 'd8b7ab31-b529-4fb8-bf54-53010a705b2d', N'Phần 70: Advanced context-sensitive matrices', N'Cũng cái không hơn. Tại hoặc với để. Về nhiều đã nơi như như được.
Từ như khi tại tại. Đó đến từ tôi.
Này vì gần bên được thì các. Mà rất về chưa giữa mỗi.
Về để trong về nhiều cũng. Hơn sẽ như điều cái.
Làm nào đến vì một chưa tại. Các của từ cũng vẫn.
Là cách thì là rất chưa từ số. Nhiều trong như về nếu và. Đó nào hơn khi thay được chỉ của.
Làm không của đi hơn. Như như được có vài. Để để mà và vì thay.
Vì tôi thay dưới thay khi. Đang nào như đi trong gần. Số theo nơi.', 1, 3, NULL, 70, 0, 1),
  ('290a04e0-eff0-46e8-97e0-28a9ddb203d0', '0f9868ab-28a2-492c-9527-570b723afd31', N'Phần 71: Polarized optimal array', N'Nhiều vài nào không hơn như. Để hơn vài làm.
Gần đã hơn với. Đi số tại tự nhưng.
Với trong số giữa của vậy để nếu. Giữa chỉ số giữa đến. Đến cho sau cũng. Với từng rất rất đến của.
Như có với thay đến cũng. Như giống như thế mỗi có.
Nhiều thế tự của. Giống điều dưới này hơn. Giữa với thế nơi dưới với đúng.
Được chưa theo giống. Mỗi từ vẫn từng thì như nhưng trong.
Nhưng từ một và. Trong tại với vậy nếu.
Sau tự với.
Để vì rất để. Vì chỉ trong bên rất từ từ.', 1, 1, NULL, 71, 0, 1),
  ('efbff41a-31b4-4435-8dee-ecbf408543c1', '0f9868ab-28a2-492c-9527-570b723afd31', N'Phần 72: Enhanced disintermediate intranet', NULL, 2, 2, NULL, 72, 1, 0),
  ('283860bb-61e0-42d2-8b6b-0d851fb38391', '0f9868ab-28a2-492c-9527-570b723afd31', N'Phần 73: Synergized intermediate project', N'Cũng tự tại thế hoặc thì có sẽ. Nhiều sẽ khi nếu.
Nhưng từ tại cũng. Trong với cũng từng sẽ giữa như cái.
Khi cách cái đến là sẽ. Thay giữa để tại hơn khiến cũng. Một theo cũng.
Giữa để tại khi có tôi. Cách đi nơi theo. Như các để đúng.
Sau tại trong khi về nhưng thay như. Như sẽ mỗi lớn tôi vài đi. Tại đến làm như của. Theo để để như vì dưới.
Giữa tại tự trong. Nào này chỉ lớn được trong và gần.
Như để chưa thay như. Như đúng chưa từng nhiều. Sẽ các cho đến làm nhưng.', 3, 4, NULL, 73, 0, 1),
  ('4e16a1a7-f500-4c5c-8d26-262a1374eea0', '76937e72-14a1-4976-a47d-a161cc4d89dd', N'Phần 74: Re-contextualized clear-thinking forecast', NULL, 1, 4, NULL, 74, 1, 0),
  ('8687ea13-ccfb-4da8-9afb-fbd377c03f12', '76937e72-14a1-4976-a47d-a161cc4d89dd', N'Phần 75: Sharable modular algorithm', N'Làm của từ trong không đúng. Thì các để mỗi làm mà bên thay. Đến để dưới cũng người.
Cũng vài như mà. Để không người hoặc bên tại từ.
Trong từ đến gần. Đúng có trong cái một thì mà.
Để như số bên trong như. Với mà làm được lớn của này.
Đúng nào hơn có. Một của vì thế mà khi. Để để hơn tại giống như.
Rất hơn để đến số vẫn nhiều. Có mà từng đang bạn về. Này của như tôi.
Cái đúng đang mỗi sau dưới một. Đó các của không.
Bạn sẽ gần.
Từng trong nào nào. Cái của của là không. Cho vài chỉ cũng.', 2, 2, NULL, 75, 0, 1),
  ('a8e8bd8a-e4f0-4599-baba-e513ebde19fd', '76937e72-14a1-4976-a47d-a161cc4d89dd', N'Phần 76: Customer-focused secondary leverage', NULL, 3, 1, NULL, 76, 1, 0),
  ('5d3ab394-38f7-42e1-be97-16e7eb720e04', '047d3e58-0fe6-428b-87e2-c34001cb42fb', N'Phần 77: Triple-buffered neutral portal', N'Đi vẫn từ của điều đã. Vì thì điều như cách vì vậy.
Từ về như bạn đúng chỉ. Thay số sau trong để.
Này một như như của hoặc cũng. Cho giữa không khiến. Được bạn đến sau của tại đã khi.
Nào để này tôi cho với của. Người chỉ từng.
Là về giống.
Như trong lớn rất về nếu. Của theo và vài cho này. Người theo tại.
Mỗi có với rất cũng của của. Chỉ gần để. Chưa để có tại thì.
Được của các sau cho. Tại có nhưng để đã tại cho. Sẽ cách như với sẽ.
Làm của lớn vì. Nếu dưới vài các giữa. Đến dưới để về.', 1, 2, NULL, 77, 0, 1),
  ('88002f38-05d7-4898-8ffd-2bc4809ca3b4', 'c35e3de5-bab2-4399-bd1d-a0a9580622de', N'Phần 78: Integrated disintermediate capability', NULL, 1, 3, NULL, 78, 0, 0),
  ('a6104cf7-824f-4374-8d74-d88df5011b6a', 'c35e3de5-bab2-4399-bd1d-a0a9580622de', N'Phần 79: Fundamental object-oriented matrix', N'Số dưới mỗi bạn không cách. Vài nhiều nơi hơn. Cái trong sẽ với.
Đi có tại chỉ như có. Đang theo khi rất đó về giữa.
Tự khi hơn đúng. Từng đó hơn theo mà của. Được đó như từ số được.
Bạn giống này nơi từng này.
Tôi thì sau nếu gần. Hơn tôi của. Nơi khi sau đi gần dưới tự với.
Nơi theo tôi nhưng người trong. Lớn đã với rất hơn. Có này mỗi sẽ rất cách để.
Khiến thì khi chỉ giữa thế. Đi đã từ và cách để. Chưa và này vài tự của trong.
Khi về bạn như các làm. Vài cái từng nhưng.', 2, 3, NULL, 79, 1, 1),
  ('703c45ff-a52c-481a-8e8d-26c7380af902', 'a6397717-7c13-47db-be4b-809f1dd298c5', N'Phần 80: Centralized next generation superstructure', N'Để đã chưa cho. Giữa nhiều và là giữa cũng. Giống mà làm nếu.
Chỉ đã nào các giống này đã. Tại này như. Này đã thay điều giữa cách.
Chưa từ gần nếu hơn số giống như. Hơn đúng các của thay. Của làm thế như đúng nếu.
Hoặc thay giữa từng. Số nhưng đã nhiều cũng. Cách đã nếu như với vẫn.
Hơn không gần tại không trong. Cách là với một. Để được như trong chỉ như.
Của về gần điều. Đang về vậy mà thì từ điều.
Nơi của làm đó lớn nếu. Sau thế bạn nếu từ đang. Này tại đó giống.', 1, 4, NULL, 80, 0, 1),
  ('770c7981-b103-4024-9ddd-67f72503f1a8', 'a6397717-7c13-47db-be4b-809f1dd298c5', N'Phần 81: Digitized multi-state paradigm', N'Người hoặc nơi giữa như. Đúng của vậy cái mỗi.
Người tại mà hơn cũng. Trong cũng với. Từ về cũng hơn cho giống và sẽ.
Là vì vẫn hơn. Nơi hoặc chưa gần chỉ trong giữa.
Của một của. Điều của với mỗi chỉ. Sẽ nhưng thay không cũng của.
Để thay bên người vài. Từng của điều tại.
Đó và với làm.
Gần giống để người không. Nếu số vẫn và nếu khiến. Rất không cách này giống.
Làm có khiến sẽ từ. Để để tôi.
Người mà vì trong trong. Hơn nào tại vài nơi số nếu.', 2, 4, NULL, 81, 0, 1),
  ('16506026-9a62-4ca5-a1e7-68dc09cc6eb4', 'a6397717-7c13-47db-be4b-809f1dd298c5', N'Phần 82: Grass-roots object-oriented adapter', NULL, 3, 3, NULL, 82, 0, 0),
  ('238dd719-1c56-453b-a94b-969247026319', '9f5e261c-d72e-4c61-9297-a38754294b13', N'Phần 83: Customizable discrete help-desk', NULL, 1, 2, NULL, 83, 0, 0),
  ('ecba4279-b325-4469-9d95-1a2465ddaf34', '9f5e261c-d72e-4c61-9297-a38754294b13', N'Phần 84: Digitized bandwidth-monitored matrix', NULL, 2, 1, NULL, 84, 0, 0),
  ('6851099d-fa7f-4850-8602-7e93e5899337', 'e07cdda0-92db-487a-87c6-b4792ac96e49', N'Phần 85: Extended maximized instruction set', NULL, 1, 3, NULL, 85, 1, 0),
  ('9f965956-b078-4b55-a762-dd14a05076e7', '5e0b7753-9635-4253-a59e-a3c5f3358c67', N'Phần 86: Secured client-server infrastructure', N'Tại từ với được có được làm về.
Tự như vài từng tôi đang trong sẽ. Từ hơn về trong từ từng. Bên vậy này theo rất.
Tại của cũng từ chỉ nào nếu. Các sẽ chưa tại nơi. Làm thay đó điều.
Có như nhưng của với từ. Về gần giữa khiến giống. Đi chưa hơn vài chỉ với cũng. Rất giống thì không có đi điều.
Làm sẽ vì trong vẫn như tại. Cái như rất với.
Có và gần trong các từ. Của đó lớn từ sau để từng cách. Như đã thay vì vì thay điều.
Dưới bên một đúng như như như.', 1, 2, NULL, 86, 0, 1),
  ('d28363df-85c9-4a35-a7aa-4c8af23f266f', '11a2b1ba-0ee2-4b2f-ba74-15b41a7b6763', N'Phần 87: Decentralized 4thgeneration application', NULL, 1, 3, NULL, 87, 1, 0),
  ('dd76e1fb-bbaf-4d78-a2fc-cb383f8d0368', '11a2b1ba-0ee2-4b2f-ba74-15b41a7b6763', N'Phần 88: Switchable content-based frame', N'Có trong về thì thế. Tại giống sẽ một sau đang gần. Sẽ như và bên bên thì vì.
Với như để dưới. Có tôi với là nhưng để.
Hơn và vẫn lớn chỉ điều có có. Với cũng theo với lớn và. Tự của được và hơn đến. Trong dưới từng để.
Đó đi tôi nơi sẽ trong bên. Thế rất được đã đó lớn khi.
Vài sẽ tại vài nơi như để trong. Được không tự cũng về giữa giữa người. Mà được giữa nhưng tôi thì.
Thì vẫn bạn trong sẽ. Theo dưới đi lớn.
Có chỉ rất đang các của. Vậy mỗi thì vẫn như của như. Không đúng vài cũng của như.', 2, 2, NULL, 88, 0, 1),
  ('e9980448-5670-438e-bafc-a1dc0726ad1f', '70ac9daf-fd4b-4243-a993-1b457a51a29b', N'Phần 89: Operative content-based data-warehouse', NULL, 1, 4, NULL, 89, 0, 0),
  ('23b7b4de-6e99-414a-a368-52a742833f7c', '70ac9daf-fd4b-4243-a993-1b457a51a29b', N'Phần 90: Function-based 6thgeneration knowledgebase', NULL, 2, 3, NULL, 90, 0, 0),
  ('583392db-e39d-4bfb-adc6-06e605eaf522', '7145fa87-5e15-4fd8-8126-3b53baccbd87', N'Phần 91: Optional discrete time-frame', N'Bạn bạn tại thế. Như cho mỗi theo hơn.
Là đúng gần mỗi hơn giữa giữa. Dưới không số tự khi không.
Các để trong trong. Tôi từ để trong vẫn giống một. Theo thế đi nhiều cách đến từ tại.
Số khi vậy vẫn để. Bên bên nhưng và mà đi dưới. Hoặc bên trong các vậy cho. Tại nhưng về.
Đến làm rất cho có tôi đến. Là mà mỗi của sẽ. Khiến điều mỗi.
Tại tại thì chưa thì. Này mà cũng. Thế các không nhiều nhiều vậy của.
Với về thế nhưng như với. Từng chưa tự cái.', 1, 3, NULL, 91, 1, 1),
  ('a6924148-44e5-4884-b083-a8606c357d39', '7145fa87-5e15-4fd8-8126-3b53baccbd87', N'Phần 92: Face-to-face radical budgetary management', N'Như tôi như có các thế có.
Làm có với trong cũng với. Của tôi của vậy mà làm. Dưới thế chưa từ đang để. Cho lớn để.
Và cũng về không. Sau bên rất mỗi với giữa đi. Điều đến số cái nhiều chưa.
Số về lớn gần với trong làm.
Dưới có vài bên bên vì người. Sau hoặc cách số là.
Và với dưới khi rất đi. Đã đi tại như hoặc sẽ như không. Là cái cũng đã.
Hơn đúng nhiều mà dưới tại theo. Và nơi thay.
Hơn sẽ vì sau.
Vẫn từ đang sẽ giữa. Từng mỗi vẫn vài cách gần từng.', 2, 4, NULL, 92, 1, 1),
  ('e276681b-e1c9-46bf-a85f-297cc5bbddff', '7145fa87-5e15-4fd8-8126-3b53baccbd87', N'Phần 93: Open-architected scalable application', NULL, 3, 4, NULL, 93, 1, 0),
  ('566a810e-ccb2-4ab8-98c7-9f616c615cd8', '38a800ef-03bc-4531-b747-62c505d2268a', N'Phần 94: Compatible homogeneous solution', N'Tại nhiều đúng vẫn thì giữa sẽ cho. Nhiều tôi cái tại khi. Thì các đúng tại một.
Để giống dưới nhiều nào có giống. Vẫn tại nếu với đi không rất.
Nào gần không không.
Mỗi để chưa. Thì đúng hơn hoặc khi hơn.
Có giữa không trong. Gần vẫn như như theo. Với thế giữa các. Như đang mà dưới tại đó đến.
Dưới đang không cũng. Vẫn và như đúng.
Hoặc cũng nào này mỗi theo. Cũng các khiến giống nào.
Bạn giữa nhưng lớn mỗi được như. Khiến vậy vậy để để. Cũng sẽ thay cũng để như.', 1, 2, NULL, 94, 0, 1),
  ('82d4cae4-42ed-4e85-b7c0-d0840ef9d960', '38a800ef-03bc-4531-b747-62c505d2268a', N'Phần 95: Cloned systemic software', NULL, 2, 3, NULL, 95, 1, 0),
  ('afec303f-f6c8-4555-9f70-97777b07dc11', '4738e3ee-3f30-4cac-90bc-30337c457e81', N'Phần 96: Ergonomic asynchronous workforce', NULL, 1, 1, NULL, 96, 0, 0),
  ('ba3a72b3-0c6b-4af9-b0b0-11021730091b', '4738e3ee-3f30-4cac-90bc-30337c457e81', N'Phần 97: Fully-configurable high-level collaboration', N'Như tôi vì các nơi. Từ chỉ như làm như. Sau tự chưa đi nơi cái gần.
Theo cũng của. Của cho đó giống với đó tôi. Đi sau này số với.
Có nhiều giống từng theo chỉ gần. Bên với chỉ sẽ giữa. Từ của giống với.
Cái đó đã thế bên bên giữa. Mà không cái không cho.
Như chưa để bên. Bên đó gần của sau đã về.
Để đó số.
Để điều để. Khi với với từ.
Của nhưng đó đã thế đúng vậy. Để hơn tại thì.
Thì các này từ. Để nơi trong của. Rất đó khiến như khi.', 2, 3, NULL, 97, 0, 1);
GO

-- Data for CauHoi
INSERT INTO [dbo].[CauHoi] ([MaCauHoi], [MaPhan], [MaSoCauHoi], [NoiDung], [HoanVi], [CapDo], [SoCauHoiCon], [DoPhanCachCauHoi], [MaCauHoiCha], [XoaTamCauHoi], [SoLanDuocThi], [SoLanDung], [NgayTao], [NgaySua], [MaCLO]) VALUES
  ('207fef0d-43e3-4a70-8611-1da922221952', '9cfad973-df5b-4379-94ca-779431bc420a', 1, N'Câu hỏi 1: Vẫn như được bạn bên khi làm từng nhưng của dưới.?', 0, 5, 0, 0.9368856604554545, NULL, 1, 18, 7, '2025-05-29 17:36:31', NULL, 'e266cae7-549f-4eb8-9782-1f5a6d9b4786'),
  ('cd460b3f-efc7-4f68-a9c6-527edf6cf283', '9cfad973-df5b-4379-94ca-779431bc420a', 2, N'Câu hỏi 2: Của nhiều có nếu gần về chỉ nếu bên của không hơn sẽ của nhưng.?', 1, 4, 0, 0.21911338434197442, NULL, 0, 18, 3, '2025-05-27 13:02:33', NULL, '07034a13-7c9b-4aaa-910e-44e4f5871e71'),
  ('450c88b3-86d6-4e13-a0e9-41df4d1e3e42', 'e5e2d712-c22e-4f12-9849-d8f5ecef9f99', 3, N'Câu hỏi 3: Mỗi của chỉ theo đang nhiều này một là cũng chưa đó về để thế chưa thế.?', 1, 2, 0, 0.5182827663508357, NULL, 0, 38, 23, '2025-05-19 02:23:04', NULL, '91ea751e-a1cb-47d0-8588-cacfd1316d45'),
  ('c44f0d86-0ae1-4a4c-a632-be723573f521', 'e5e2d712-c22e-4f12-9849-d8f5ecef9f99', 4, N'Câu hỏi 4: Cho này số này như trong là thế nhiều của của theo bên nơi bên cũng.?', 1, 5, 0, NULL, NULL, 0, 6, 4, '2025-05-08 21:59:03', NULL, 'e3ddfe09-9217-4d71-b593-6cbbc2ab4744'),
  ('1bbd28a7-8565-4d34-a550-69b0e0d0c945', '2aa71c6c-cb9c-4258-a579-1b2d18c1b573', 5, N'Câu hỏi 5: Không các rất hơn vì giống vẫn lớn các không như trong.?', 0, 2, 0, NULL, NULL, 0, 10, 5, '2025-05-13 22:55:23', NULL, '652f98bb-4a8e-4140-a449-1f842a0d5ccb'),
  ('38c60a41-94d9-4073-8504-01c7cceeb82f', '2aa71c6c-cb9c-4258-a579-1b2d18c1b573', 6, N'Câu hỏi 6: Như không nếu từ trong đi về để để nhưng giữa theo hơn để các.?', 1, 5, 0, NULL, NULL, 1, 13, 37, '2025-06-02 22:59:35', NULL, '3806d461-4ba4-44a4-bd8e-0768fe038093'),
  ('3aa9e22f-2a0c-4177-990b-7571f4843441', '2aa71c6c-cb9c-4258-a579-1b2d18c1b573', 7, N'Câu hỏi 7: Cách có không không các và khiến từng cũng lớn như này với các có.?', 1, 5, 0, 0.7604510341874152, NULL, 0, 10, 30, '2025-05-15 19:46:34', NULL, 'a28b990a-0eb0-45f4-9fe8-97683b688dd4'),
  ('5a251da4-3670-494c-afb9-e7149efc5c79', '2aa71c6c-cb9c-4258-a579-1b2d18c1b573', 8, N'Câu hỏi 8: Đi đi cũng để này cách từ vì thay khiến nhiều vài số có lớn lớn vì gần.?', 0, 4, 0, 0.7064553490562757, NULL, 0, 9, 22, '2025-05-09 19:31:03', NULL, '652f98bb-4a8e-4140-a449-1f842a0d5ccb'),
  ('a994ef1c-22c0-41cb-a746-fc15bddb1351', '9021fd4c-9366-4d61-ab34-6bffc1ae2a74', 9, N'Câu hỏi 9: Với một làm từng vậy theo có chỉ theo thay vì vài để cũng đi.?', 1, 3, 0, 0.25167964135348264, NULL, 0, 10, 25, '2025-05-08 13:43:23', NULL, 'ba21f259-352f-43e8-bb68-17cd3777e744'),
  ('a8f6486b-4f88-431b-bf3e-30b65d108221', '9021fd4c-9366-4d61-ab34-6bffc1ae2a74', 10, N'Câu hỏi 10: Đó làm tại từ sẽ hơn cho rất về trong với sau tự.?', 1, 2, 0, 0.45529480789356513, NULL, 0, 18, 19, '2025-05-19 18:06:29', NULL, '3806d461-4ba4-44a4-bd8e-0768fe038093'),
  ('57cebe28-972a-42f1-b076-74b9e8d3ed17', '9021fd4c-9366-4d61-ab34-6bffc1ae2a74', 11, N'Câu hỏi 11: Nào gần lớn này gần như người của cũng này từng có các thế mà giữa cũng tại thế không.?', 1, 2, 0, NULL, NULL, 0, 4, 16, '2025-06-03 16:00:38', NULL, 'a28b990a-0eb0-45f4-9fe8-97683b688dd4'),
  ('61540b91-1297-42c6-82a9-98808109f6a1', '128ad24a-0425-484e-a1e3-c61ad8e4eb45', 12, N'Câu hỏi 12: Nhiều trong thay rất vẫn đã thay bạn từ vài.?', 0, 2, 0, NULL, NULL, 1, 0, 8, '2025-05-20 20:11:50', NULL, '725ab1b4-b066-4d3c-8fdf-4d4d61d9d02f'),
  ('0290bc4f-c663-4c63-8eb3-c16194e08cb2', '128ad24a-0425-484e-a1e3-c61ad8e4eb45', 13, N'Câu hỏi 13: Vẫn từ chỉ bên cho vì giống thì về hơn từ trong cách hoặc tại.?', 1, 3, 0, NULL, NULL, 0, 23, 36, '2025-05-11 21:52:41', NULL, '3e6abfd5-1e79-41b6-bdd9-bbc7e8f5966f'),
  ('658c68fc-cee4-47f9-a026-d2434d14d057', '939b77bc-e1bd-4b5a-ad57-0bf14b19dfdb', 14, N'Câu hỏi 14: Nếu người dưới về có sau thế mà cũng gần nào làm hơn chỉ đang đó đang như bạn để.?', 0, 2, 0, 0.5447042490320726, NULL, 0, 14, 21, '2025-05-08 20:04:54', NULL, 'e6100b80-dafe-4ddc-aad2-da03e53e618c'),
  ('b8836a33-54d6-4721-9daf-8e7a178a1bc5', '5e278828-0d95-4107-9b4e-a651da5d177c', 15, N'Câu hỏi 15: Hoặc hơn thay như giữa rất cái nhiều thì rất bên tự để mà cái tôi sẽ bạn từng.?', 1, 2, 0, 0.276268705932051, NULL, 0, 50, 29, '2025-05-26 19:56:09', NULL, 'de9e56e8-3cab-4dc4-bce6-d114f079920b'),
  ('f33595d0-55de-4bd3-964f-23119c3dac2d', '5e278828-0d95-4107-9b4e-a651da5d177c', 16, N'Câu hỏi 16: Theo và như tại được điều sẽ rất nơi chỉ cũng.?', 0, 5, 0, NULL, NULL, 1, 36, 21, '2025-05-10 03:58:10', NULL, 'e5362acc-f64e-4764-8399-466a7a9a0bad'),
  ('22ad009a-fab4-43fe-a090-146a16dd4bf1', 'b44acf7c-3108-4176-97eb-c01ef9e9404f', 17, N'Câu hỏi 17: Tôi có có người một từ hơn hơn bên người khi.?', 0, 5, 0, NULL, NULL, 0, 20, 16, '2025-05-15 15:22:46', NULL, 'de9e56e8-3cab-4dc4-bce6-d114f079920b'),
  ('c21062de-81b1-4b7e-a68a-818770fbcd87', 'b44acf7c-3108-4176-97eb-c01ef9e9404f', 18, N'Câu hỏi 18: Sẽ như cho khiến nhưng đúng từ hơn có bạn sẽ.?', 1, 4, 0, 0.8291640671673266, NULL, 0, 41, 1, '2025-05-24 12:00:12', NULL, '8d2fe271-37d9-4483-8a6d-288bfe78613d'),
  ('25552419-db4f-46fe-abb5-6c36fd2aaf5e', '82670727-50af-42d8-8c18-363adf4bedf2', 19, N'Câu hỏi 19: Và như từng với như đó đúng mỗi điều như đang tôi.?', 1, 5, 0, 0.6630996116385846, NULL, 1, 48, 13, '2025-05-31 00:44:29', NULL, '6c855b19-66c7-4916-875b-fd05fd51fd6a'),
  ('2cc84c5d-a2ce-4a06-88e2-838fcba32c54', '82670727-50af-42d8-8c18-363adf4bedf2', 20, N'Câu hỏi 20: Đang tại thế từ nhưng đó chưa hơn thay khi đang này vài bên.?', 1, 4, 0, NULL, NULL, 0, 30, 23, '2025-05-19 06:24:52', NULL, '9dff4d6c-b93d-4081-af73-1c0ed6c29305'),
  ('c7d7b49c-12d0-46eb-beb0-0cc095541f7c', 'd36c0f0e-6aff-4c33-9813-da6cc5c58788', 21, N'Câu hỏi 21: Các đó hoặc hoặc dưới từ tại tại đã của mà đã chưa vì của rất sau thì nào.?', 0, 4, 0, 0.4704520022896017, NULL, 0, 6, 5, '2025-06-02 05:49:36', NULL, '9dff4d6c-b93d-4081-af73-1c0ed6c29305'),
  ('7b127b3e-e1f0-486e-9ead-de8cb6c9ee52', '697fbb79-7a97-427e-aecc-c9840956fcd2', 22, N'Câu hỏi 22: Vài cũng được nhiều vậy nào sẽ cho vài bên vẫn giống hơn mỗi.?', 0, 4, 0, NULL, NULL, 0, 30, 8, '2025-05-06 23:23:06', NULL, '6ac07752-13e4-44aa-a662-31f88ac11df3'),
  ('db822492-331d-4892-8080-4d3490129a4c', 'e93f5372-e897-4a3a-a92a-d89daefc5d0b', 23, N'Câu hỏi 23: Vì giữa cũng là được như vì một gần về rất giống giữa chưa gần khi của.?', 0, 4, 0, 0.29756106327087894, NULL, 0, 15, 4, '2025-05-09 17:18:45', NULL, '4e1ee393-1a2e-4e95-9b99-ac639743c146'),
  ('55c619e5-1f2d-49be-86f5-82199f52a208', 'be2f3ff6-6f7b-4cea-860b-ffb5baa4a59c', 24, N'Câu hỏi 24: Được nơi gần có bên của vì từng để thay và cái giống lớn chỉ cách một với.?', 0, 2, 0, 0.29907769407805884, NULL, 0, 31, 23, '2025-05-18 21:38:40', NULL, '6bca8c89-6598-4cc8-a200-9c72d1c18625'),
  ('c1186ab4-78fb-4e31-a114-31a2c79aa1f9', '5bec2461-a080-4dac-823f-aa441dd95b6a', 25, N'Câu hỏi 25: Là chưa mỗi với giữa các sẽ từ làm nhưng.?', 1, 4, 0, NULL, NULL, 0, 21, 33, '2025-05-16 18:50:07', NULL, 'a0604fc1-f99e-46bd-9abc-07d8af3b284c'),
  ('c0be49c0-ab38-4057-be96-67570810eacc', '5bec2461-a080-4dac-823f-aa441dd95b6a', 26, N'Câu hỏi 26: Gần hoặc được đang người vài nhưng tự điều sẽ để khiến này như khi chỉ khiến.?', 0, 4, 0, 0.2907812063291827, NULL, 0, 20, 31, '2025-06-02 04:05:47', NULL, 'adc637a5-71a8-4374-9e34-4a7abf0cbc34'),
  ('13bd6dbd-1911-4ff9-8520-c6e93e50d754', '8bff6a46-7af0-4367-9ecb-6bf5553b5492', 27, N'Câu hỏi 27: Vì chưa hơn đang từ thay nơi tự về trong số là điều tôi.?', 1, 2, 0, 0.8283373239390733, NULL, 0, 9, 38, '2025-05-21 17:01:50', NULL, '21d4eafe-e19b-4cc4-b8e1-9f0e49706f79'),
  ('17c97da0-8662-4fb9-a2e5-b707795a4568', '64b271ba-de0e-41f9-bf4b-4c1b7dfd354e', 28, N'Câu hỏi 28: Bạn một rất hơn bên bạn hoặc từ là thế để tự thay.?', 0, 4, 0, 0.8949215946470698, NULL, 0, 7, 4, '2025-05-09 11:01:08', NULL, '1ed70d20-5289-42be-9af7-5e62b18917cc'),
  ('412f01e5-5ae9-4547-ad6f-178ce868b60f', 'b107ddeb-5268-407e-ac39-3a57756b56f8', 29, N'Câu hỏi 29: Vì là có từng chỉ sẽ trong trong thế sẽ như như nếu số của để khi.?', 0, 5, 0, NULL, NULL, 0, 48, 23, '2025-05-27 04:04:38', NULL, '9d0336bf-9cdc-4255-932f-84403746e1e5'),
  ('c7e2587f-11f3-4c75-adaa-f625f3cb0192', 'b107ddeb-5268-407e-ac39-3a57756b56f8', 30, N'Câu hỏi 30: Gần thế theo bên vì vậy khiến của của hơn từng tại vẫn sẽ vậy mỗi bên nơi.?', 0, 1, 0, NULL, NULL, 0, 45, 22, '2025-05-13 15:14:38', NULL, '0ee19346-e4a6-44ba-8ee6-a572ef9426e6'),
  ('e100613f-a57b-4231-9332-3596a1b0fc69', 'b107ddeb-5268-407e-ac39-3a57756b56f8', 31, N'Câu hỏi 31: Vì dưới với giữa cũng bên khiến đã với này.?', 1, 4, 0, NULL, NULL, 0, 38, 16, '2025-05-26 16:20:02', NULL, 'ac22c4f9-a7d7-455b-bc5e-6e052cee790e'),
  ('35924f46-4a99-4a9a-89d3-eb6784b52bbe', 'b107ddeb-5268-407e-ac39-3a57756b56f8', 32, N'Câu hỏi 32: Giữa giống vì cái nơi về như như hơn để đúng.?', 1, 4, 0, 0.3443398923755987, NULL, 1, 5, 28, '2025-05-25 13:51:00', NULL, 'ac486758-38c3-410d-ae5b-17cf1d056dc2'),
  ('4b0c7cd8-a615-41f7-95d4-8c009b3270d5', '6d717cc3-368b-4bab-90a1-411f3ae19156', 33, N'Câu hỏi 33: Giữa là như nếu nơi như đi đi cách.?', 0, 3, 0, 0.4110544940545531, NULL, 0, 33, 17, '2025-05-24 19:37:24', NULL, '9d0336bf-9cdc-4255-932f-84403746e1e5'),
  ('e3f985b4-7106-4fe6-85e4-e8180ee1d84c', '6d717cc3-368b-4bab-90a1-411f3ae19156', 34, N'Câu hỏi 34: Điều thay để thay là vẫn tại thay vì đó rất sau mỗi sau giữa.?', 0, 3, 0, NULL, NULL, 0, 18, 25, '2025-06-03 11:36:36', NULL, '9d0336bf-9cdc-4255-932f-84403746e1e5'),
  ('09bfd60a-9bdb-445c-bdd3-c1d5f3065bb8', '6d717cc3-368b-4bab-90a1-411f3ae19156', 35, N'Câu hỏi 35: Trong làm giữa nơi như thay cũng điều từ chỉ từ.?', 0, 3, 0, NULL, NULL, 0, 33, 18, '2025-05-12 07:22:18', NULL, 'ac486758-38c3-410d-ae5b-17cf1d056dc2'),
  ('78a9aa17-c2c3-4217-9c4c-79df6f1a13e7', '7cb1bb28-62de-4584-9336-379de0b99f95', 36, N'Câu hỏi 36: Của như tự hoặc đi cũng nếu điều đến làm đúng từ từ có đó thế để giữa các có.?', 0, 3, 0, 0.7627880293356581, NULL, 1, 39, 2, '2025-05-23 00:08:09', NULL, '0c59398f-c58a-475a-8ab9-16d8434dc4ca'),
  ('54cb01d5-eb61-4216-af47-b3b2331e0326', '7cb1bb28-62de-4584-9336-379de0b99f95', 37, N'Câu hỏi 37: Nhưng nhiều thì từ nhưng bên của đó cũng như giống không bạn có thay từ từng tự.?', 1, 2, 0, NULL, NULL, 0, 2, 3, '2025-05-29 18:06:45', NULL, '03624df0-ab3a-417b-bbb1-287ffe4084c8'),
  ('131f59cd-d41b-4051-ba85-efa9252c38c7', '7cb1bb28-62de-4584-9336-379de0b99f95', 38, N'Câu hỏi 38: Hơn nơi chưa bạn cũng với nếu làm có được vậy mà thay chỉ có sẽ là chưa sẽ.?', 1, 1, 0, 0.8387925124999992, NULL, 1, 31, 20, '2025-05-06 04:19:05', NULL, 'f5742bb1-7f70-45f1-8044-54b92c4982ce'),
  ('ffe3f672-faba-4a57-badf-fe2aa20218d3', '7cb1bb28-62de-4584-9336-379de0b99f95', 39, N'Câu hỏi 39: Đã nơi chỉ thế cũng là là cũng tại nào là hoặc từ.?', 1, 2, 0, NULL, NULL, 0, 36, 35, '2025-06-03 04:10:15', NULL, 'dd3caf6b-9740-4b54-92e7-f0760bc4ead7'),
  ('c402aa5d-557e-441a-8980-0de34438a85c', '898393de-595e-45fa-996c-677e21857a6b', 40, N'Câu hỏi 40: Cũng khiến của từng từ đúng vẫn giống hoặc khi lớn tại.?', 1, 2, 0, NULL, NULL, 0, 36, 15, '2025-05-08 21:31:54', NULL, '0c59398f-c58a-475a-8ab9-16d8434dc4ca'),
  ('91dfb384-aba4-4c89-9aee-c6e4889b5eab', 'd530c8b5-d367-47ea-8449-fffb05a84523', 41, N'Câu hỏi 41: Được cũng rất lớn sau trong chỉ vậy của để vài trong.?', 1, 5, 0, NULL, NULL, 0, 15, 5, '2025-05-28 23:49:00', NULL, '03624df0-ab3a-417b-bbb1-287ffe4084c8'),
  ('0d7ef7df-4b84-47ac-820c-5e58905898db', 'd530c8b5-d367-47ea-8449-fffb05a84523', 42, N'Câu hỏi 42: Như với người đi này gần nào lớn cái cũng thì giống sau chỉ thì mà nhưng sau mỗi các chưa.?', 1, 1, 0, NULL, NULL, 0, 21, 39, '2025-05-26 03:39:40', NULL, 'f5742bb1-7f70-45f1-8044-54b92c4982ce'),
  ('16917215-35e3-402f-bbd9-535aba2293c8', 'd530c8b5-d367-47ea-8449-fffb05a84523', 43, N'Câu hỏi 43: Các thì một đúng với từ chưa rất từ của từng gần như và mỗi.?', 0, 3, 0, NULL, NULL, 0, 20, 11, '2025-05-07 08:41:00', NULL, 'dd3caf6b-9740-4b54-92e7-f0760bc4ead7'),
  ('b8278a4d-0446-4c81-95d0-a0a0585e5fe8', 'd530c8b5-d367-47ea-8449-fffb05a84523', 44, N'Câu hỏi 44: Khiến sẽ sau để điều này khi cũng từng được theo sẽ.?', 1, 4, 0, 0.2261057844048224, NULL, 0, 12, 1, '2025-05-10 10:22:39', NULL, 'c867c7f8-5925-4de6-a99a-48da81360b37'),
  ('d77693f6-733d-4390-afdc-303027d7e798', '1868dd8b-a30f-481e-9453-d0507ff126da', 45, N'Câu hỏi 45: Làm hoặc từ làm tại các từ là của vài của để hoặc làm giống từ.?', 1, 5, 0, NULL, NULL, 0, 30, 1, '2025-05-12 13:20:16', NULL, '401772cd-484b-4745-afb0-284bbe78bdcc'),
  ('34f4be8f-ed92-4fdd-bfac-d414e74ea6af', '00b9a5c9-4ef4-4c68-a1f5-9b956f18dc69', 46, N'Câu hỏi 46: Vì hoặc về tại một khi thay như gần như cách cách giống nếu cái người vì được tại.?', 1, 1, 0, NULL, NULL, 0, 4, 25, '2025-05-14 21:41:31', NULL, '6d5d4544-037e-4566-8e49-f661d7f5208e'),
  ('8e6bf619-fd5e-4354-a9ae-3aa700b7c398', '00b9a5c9-4ef4-4c68-a1f5-9b956f18dc69', 47, N'Câu hỏi 47: Khiến theo đến các đã một đúng về không như nào tại sau bên với làm hoặc được bạn.?', 1, 2, 0, 0.4654557839954805, NULL, 0, 12, 8, '2025-05-12 16:41:11', NULL, 'baa8c48e-cc82-4f1d-a276-1a071e8cdc37'),
  ('6273e864-7ba6-4ca8-be28-47e3117feaab', '00b9a5c9-4ef4-4c68-a1f5-9b956f18dc69', 48, N'Câu hỏi 48: Từng cái vì đó đó như dưới mà đang mỗi như.?', 1, 3, 0, NULL, NULL, 0, 16, 3, '2025-05-10 11:13:08', NULL, '6d5d4544-037e-4566-8e49-f661d7f5208e'),
  ('85c594b0-cc9d-442a-9cdc-b6a4323e2098', '63f11b8d-b2e6-40f1-81af-71c47eec71de', 49, N'Câu hỏi 49: Từ của nào đi sẽ không nếu cũng bạn nào thì như gần gần mà của và tôi hơn.?', 0, 3, 0, NULL, NULL, 0, 0, 11, '2025-05-23 00:34:21', NULL, '6d5d4544-037e-4566-8e49-f661d7f5208e'),
  ('a5a44171-532a-4555-91ae-f481eadce78c', 'f2358fd6-82ce-439c-808c-e6ffc73e1ed4', 50, N'Câu hỏi 50: Để đã được thì có thay vài tại từ tại này cho đang hơn để thế đến người đó.?', 0, 5, 0, 0.9385893213217262, NULL, 0, 31, 13, '2025-05-20 01:00:51', NULL, 'd7f7f4ec-3232-4b93-a40b-a66f716f0574'),
  ('24fb9b61-bc69-4d73-b01e-3298ca610bf5', 'dcebcc9c-6ccb-4f63-9614-2df5c8f466e8', 51, N'Câu hỏi 51: Khi này trong số của để nào tôi có thì sau với vậy thay hơn cách.?', 0, 3, 0, NULL, NULL, 0, 15, 13, '2025-05-16 06:00:59', NULL, '2ccaa57a-7ead-4247-a481-e3c123253d21'),
  ('58f29eb5-71c4-4d74-9b44-fa8c236686e1', 'dcebcc9c-6ccb-4f63-9614-2df5c8f466e8', 52, N'Câu hỏi 52: Nào bạn tại vì như đã để trong khiến.?', 1, 2, 0, NULL, NULL, 0, 32, 10, '2025-05-10 18:46:03', NULL, '93282bda-98a7-463c-a484-25b2e93cb799'),
  ('2ccaeb8f-144a-4d0a-9138-e89c210c5840', 'dcebcc9c-6ccb-4f63-9614-2df5c8f466e8', 53, N'Câu hỏi 53: Là như để chỉ giống điều hơn tại có không mỗi nếu rất các nhiều hoặc cho chỉ tại làm.?', 0, 2, 0, NULL, NULL, 0, 16, 0, '2025-05-31 17:12:15', NULL, '93282bda-98a7-463c-a484-25b2e93cb799'),
  ('6f640eac-60eb-40a9-85b3-66d460f6558b', 'dcebcc9c-6ccb-4f63-9614-2df5c8f466e8', 54, N'Câu hỏi 54: Bạn bên khi đã chưa cái cách như như vài như của nhưng số.?', 0, 3, 0, NULL, NULL, 0, 13, 7, '2025-05-10 22:41:27', NULL, '32b11cdc-d9f2-4f7e-9b37-4a6f84872e44'),
  ('56a72c0a-b66e-4e8e-8ce4-1e7a94129276', '464e0b6c-6367-48e6-a534-fe10d17754c3', 55, N'Câu hỏi 55: Một cũng đang giống đó cho như người cái đã vẫn giống nhưng gần đúng.?', 1, 4, 0, NULL, NULL, 0, 44, 4, '2025-05-20 19:35:12', NULL, '1177a518-a1b3-43dc-be74-5da591c1630c'),
  ('09974980-b189-422c-b44c-19fe68947434', '464e0b6c-6367-48e6-a534-fe10d17754c3', 56, N'Câu hỏi 56: Các như vài như hơn đi chỉ không giống.?', 1, 5, 0, 0.7581604884491197, NULL, 0, 0, 33, '2025-05-27 08:57:18', NULL, 'b6840e54-8fce-416d-972a-392b264abfc7'),
  ('36b04f60-a397-4027-af91-50da40fb72c0', '464e0b6c-6367-48e6-a534-fe10d17754c3', 57, N'Câu hỏi 57: Thay trong của mỗi số như lớn đi lớn số bạn nhưng bên chỉ giống thay đang cách rất cái.?', 1, 5, 0, NULL, NULL, 0, 40, 13, '2025-05-08 08:43:16', NULL, 'b6840e54-8fce-416d-972a-392b264abfc7'),
  ('c47fdbcc-4736-4e5d-8b0f-69bd8a299029', 'ed6243b6-fd1e-44a6-98d0-7810aa74dc1e', 58, N'Câu hỏi 58: Bạn giữa đó về thay sau bạn về giống khiến cũng mà.?', 0, 5, 0, 0.1469687108727939, NULL, 0, 47, 29, '2025-05-06 07:20:50', NULL, '4b721a01-d881-4b25-ac83-1eaf610ddd00'),
  ('e1aeb5d0-d07e-4810-9595-70a5421e510b', 'ed6243b6-fd1e-44a6-98d0-7810aa74dc1e', 59, N'Câu hỏi 59: Vậy cũng về điều bên giống hơn theo nếu như đúng cái mỗi gần lớn cái từ như số.?', 1, 3, 0, NULL, NULL, 1, 35, 10, '2025-05-26 20:12:52', NULL, '7c33dc8b-deeb-4b76-a0be-ed3ea8d19cc6'),
  ('045cb7fe-f33f-45f1-ae47-74c470f3ecad', 'ed6243b6-fd1e-44a6-98d0-7810aa74dc1e', 60, N'Câu hỏi 60: Các đang bên tại trong số số này nhưng chưa tôi đó vài đó như cách hơn.?', 0, 1, 0, NULL, NULL, 0, 46, 35, '2025-05-30 00:22:03', NULL, '7e800503-e82a-4814-a3b2-dbbd8655d261'),
  ('1fc89e3b-f60c-4c74-8e5a-7dfc43783593', '07d59954-4661-4664-afff-8832259a7586', 61, N'Câu hỏi 61: Đi từ vẫn với khi cũng với vẫn nhiều cái theo tại có mỗi mà cái cho như của.?', 0, 3, 0, NULL, NULL, 0, 40, 33, '2025-05-10 17:00:23', NULL, '3a33c893-7701-4f24-b2ac-64fd1a9a4a5d'),
  ('2ce368a5-0287-4cc2-8056-21cc22999e7c', 'bb788ced-65db-4dac-b7e7-ed04e31152ef', 62, N'Câu hỏi 62: Cũng giống để cách người hơn khiến nếu được khiến nào với mỗi cũng.?', 1, 4, 0, NULL, NULL, 0, 14, 38, '2025-05-08 12:01:06', NULL, '73864785-1b04-470b-b871-5629122df961'),
  ('7812af18-eb1e-4505-8b23-b60780d2f3b7', '4d8449c4-72bb-4042-9d2a-9cedc4332493', 63, N'Câu hỏi 63: Đã của cái mỗi là tại trong mỗi tự như.?', 0, 2, 0, 0.6226314654247254, NULL, 1, 26, 32, '2025-05-23 14:42:53', NULL, '2f41e0f3-6592-4766-8eab-a8fe34116b1b'),
  ('09d18a31-7da7-4b8a-940a-79c60a416571', '4d8449c4-72bb-4042-9d2a-9cedc4332493', 64, N'Câu hỏi 64: Mỗi với thay theo thay đúng giống như lớn để sau để mà như nhưng hơn.?', 0, 2, 0, NULL, NULL, 0, 31, 34, '2025-05-12 04:38:29', NULL, '73864785-1b04-470b-b871-5629122df961'),
  ('05d60844-c546-4689-91f3-98bdcc0e4373', '4d8449c4-72bb-4042-9d2a-9cedc4332493', 65, N'Câu hỏi 65: Đúng đó khiến giống trong vài cũng giữa tự vẫn này trong mỗi bạn.?', 0, 5, 0, NULL, NULL, 0, 21, 23, '2025-05-12 17:05:29', NULL, '02c462b5-5bf5-4eca-846e-207018332ce7'),
  ('1af0d93f-b729-469b-9751-c1dfcd512b0c', '4d8449c4-72bb-4042-9d2a-9cedc4332493', 66, N'Câu hỏi 66: Điều như giữa mỗi thay điều cho có đó mà khiến đang hơn nhiều mà cũng đúng từ bên từ.?', 1, 4, 0, NULL, NULL, 1, 33, 4, '2025-05-16 09:03:04', NULL, 'be947fdd-50d6-431b-a6e8-6e851063853d'),
  ('c144cac1-939a-4fe2-bd9f-7e19736526da', 'a3ea2905-a585-4e16-a3ec-76d2edb1e68b', 67, N'Câu hỏi 67: Thế có đang hơn này như đi không khiến.?', 1, 4, 0, NULL, NULL, 0, 24, 14, '2025-05-24 07:00:50', NULL, '3d2fe565-ed47-4940-9280-fc667d0710a6'),
  ('f646f042-2371-46aa-90c0-c06565e6c213', 'a3ea2905-a585-4e16-a3ec-76d2edb1e68b', 68, N'Câu hỏi 68: Cũng vẫn trong cách thế làm chỉ với có đến cũng đúng nhiều mà đến cái nếu mỗi.?', 0, 5, 0, 0.9437612331620945, NULL, 0, 9, 17, '2025-05-19 07:06:08', NULL, '3b4b62e0-fab2-46ad-9919-6632f2149d65'),
  ('76d46d8e-db7f-42c2-8b1a-e992219380e4', '20f62cca-6dbe-4372-84bd-68d7f399e75b', 69, N'Câu hỏi 69: Hoặc làm như đi vẫn thì đó không khi để cũng khiến như điều tại gần vài để.?', 0, 2, 0, 0.2499672982325677, NULL, 0, 45, 40, '2025-06-01 11:17:19', NULL, '3b4b62e0-fab2-46ad-9919-6632f2149d65'),
  ('75f8a9c6-2ccd-4a59-938a-a6d3f1702bb9', '20f62cca-6dbe-4372-84bd-68d7f399e75b', 70, N'Câu hỏi 70: Tự khi với trong cái tại làm của của nhưng theo.?', 1, 4, 0, 0.752153186618495, NULL, 0, 43, 16, '2025-05-23 04:45:02', NULL, 'f9072e60-6b6d-412c-912a-2285c958ca4e'),
  ('4bd22627-a1b4-490f-b049-357001889394', '20f62cca-6dbe-4372-84bd-68d7f399e75b', 71, N'Câu hỏi 71: Các để điều dưới cũng từ của từng từng là.?', 1, 4, 0, 0.18632877938329373, NULL, 0, 14, 29, '2025-05-17 09:55:39', NULL, 'f9072e60-6b6d-412c-912a-2285c958ca4e'),
  ('b85d3c3d-fc55-4ebd-b491-17b26c4fe943', '8168d8f3-3f03-4c35-83ef-076afc2c5cf8', 72, N'Câu hỏi 72: Khiến thì khiến bên để cách trong như nếu theo đang rất.?', 1, 4, 0, 0.23985159943737228, NULL, 0, 33, 40, '2025-05-17 06:57:28', NULL, 'bc91306e-ba59-45eb-87d4-7c17de46fd47'),
  ('69c6e484-dedb-4938-b230-e16aeaaef062', '8168d8f3-3f03-4c35-83ef-076afc2c5cf8', 73, N'Câu hỏi 73: Có theo làm về gần về đó này đi nếu.?', 1, 5, 0, 0.9472483977862952, NULL, 0, 46, 39, '2025-05-30 01:56:25', NULL, '47d5fef1-25ef-406f-b963-1b5a53704dd6'),
  ('f8f47ffa-1c06-418d-9435-404f6214bc90', 'fd6f06c5-1db4-4f88-9188-42870ef5d4fa', 74, N'Câu hỏi 74: Một đi để được của của để này không từ.?', 1, 4, 0, 0.7445240327656738, NULL, 0, 26, 1, '2025-05-16 04:49:23', NULL, '9420c624-88e8-4f8f-a9e3-3058a63e6834'),
  ('eaae908e-b250-46d8-9ca8-558ea622705d', 'fd6f06c5-1db4-4f88-9188-42870ef5d4fa', 75, N'Câu hỏi 75: Tôi lớn lớn để như và chỉ hơn với tại nào có như của bạn cho đang.?', 1, 4, 0, 0.4169905644461346, NULL, 0, 40, 8, '2025-06-02 08:49:23', NULL, '4b522bd0-d896-4344-9684-862aec218cb2'),
  ('080b0bb5-0acb-42f0-bb9f-045d31085a0d', 'fd6f06c5-1db4-4f88-9188-42870ef5d4fa', 76, N'Câu hỏi 76: Trong vài nơi làm theo nếu của với sẽ này đang với từng mỗi giữa tôi.?', 0, 3, 0, 0.9511336978328934, NULL, 0, 9, 18, '2025-06-02 01:16:25', NULL, '47d5fef1-25ef-406f-b963-1b5a53704dd6'),
  ('e465931a-57e5-4dc4-9aca-e7d4822c0577', 'fd6f06c5-1db4-4f88-9188-42870ef5d4fa', 77, N'Câu hỏi 77: Đến trong người tại của để sẽ với cũng như mà hoặc nhiều đi hơn cách này đang vì.?', 0, 1, 0, 0.9065085498968485, NULL, 0, 23, 33, '2025-05-29 12:24:42', NULL, 'bc91306e-ba59-45eb-87d4-7c17de46fd47'),
  ('7dc1f5a8-bfc0-4920-a5ed-65e0a5e3d091', '2277b0c3-e0b3-4b00-935f-a1fec62f2208', 78, N'Câu hỏi 78: Chỉ từ là không chỉ khi cũng sau số hơn mỗi theo của bên đang và và vẫn sau.?', 0, 1, 0, NULL, NULL, 0, 41, 34, '2025-05-06 13:05:24', NULL, '4b522bd0-d896-4344-9684-862aec218cb2'),
  ('fb21ca88-76eb-498d-9205-a306a4e1c4bd', '2277b0c3-e0b3-4b00-935f-a1fec62f2208', 79, N'Câu hỏi 79: Đã này lớn cách giữa vài tự các về này thế có khi của để nơi.?', 1, 2, 0, 0.26660242280277924, NULL, 0, 38, 36, '2025-05-16 09:15:17', NULL, '2ea30dea-5638-4d5a-b1cf-8b9312ee3e20'),
  ('d6ded1a7-4713-4571-b276-4d18bab75824', '63e95323-da36-41e0-8982-2236678ae5c2', 80, N'Câu hỏi 80: Thay cũng và từng hoặc tự không như đi của bên thế tại tôi bạn làm.?', 0, 2, 0, 0.10366931463957496, NULL, 1, 50, 19, '2025-05-24 17:45:45', NULL, '7f33c679-c72d-4682-a29d-5a38aed05965'),
  ('3a366bce-0905-43cc-b542-a973be15f26d', '63e95323-da36-41e0-8982-2236678ae5c2', 81, N'Câu hỏi 81: Khiến đi cách nếu cách tự như trong đã hơn như vậy.?', 1, 2, 0, NULL, NULL, 1, 15, 2, '2025-05-29 14:34:41', NULL, '59bcf413-5b80-472c-8558-77a3c38d7906'),
  ('3103d09f-edfc-4213-82f7-8bf1afc12751', '63e95323-da36-41e0-8982-2236678ae5c2', 82, N'Câu hỏi 82: Tự rất chưa giống được để của một một chỉ như.?', 1, 4, 0, 0.4436738645654138, NULL, 0, 15, 0, '2025-05-27 14:51:36', NULL, 'b16be3fa-2e4c-49b5-bfaa-4d0cc5f2a575'),
  ('a3df7345-6013-4b63-81a3-18ad64e061ad', '63e95323-da36-41e0-8982-2236678ae5c2', 83, N'Câu hỏi 83: Bạn điều giữa có theo cho hơn từ từ và nhưng.?', 1, 5, 0, 0.8144480856849877, NULL, 1, 22, 27, '2025-05-29 07:27:42', NULL, 'ff080eb7-74a4-407a-bc89-51b58cc7fd36'),
  ('bd2afb7a-f6be-4b0f-abd2-383689cb28bd', '04bb347e-b225-4951-9c74-5798d99e8685', 84, N'Câu hỏi 84: Này trong của đúng trong gần đã của bên từ đi nào nếu để cũng điều có nhiều.?', 0, 1, 0, NULL, NULL, 0, 1, 3, '2025-05-18 02:30:15', NULL, '59bcf413-5b80-472c-8558-77a3c38d7906'),
  ('d8a17925-bec6-469d-85f6-d32a8642a8e4', '4bad3c27-29f1-4d95-b889-34433b3d4441', 85, N'Câu hỏi 85: Như của của giữa làm bạn thế vì của dưới.?', 0, 5, 0, 0.9172986257572644, NULL, 1, 16, 8, '2025-05-11 23:39:21', NULL, '294711fc-5504-4c80-93ef-a55a9cf5f2f2'),
  ('02a9bef6-8792-4647-b0ba-57f40454bbcc', 'e77cc937-961b-4f00-8a17-b177919c404d', 86, N'Câu hỏi 86: Vẫn bạn có trong khiến các cũng cũng được tại để vài được tại hơn giữa.?', 0, 3, 0, 0.32567875373799027, NULL, 0, 1, 20, '2025-06-01 11:46:58', NULL, '5822b649-fddd-4d5e-a87b-02571917eae2'),
  ('7f92e887-b82a-4313-ab6d-8edda6e615aa', 'e77cc937-961b-4f00-8a17-b177919c404d', 87, N'Câu hỏi 87: Nhiều bên đó một vì như với mỗi tự tự để vậy đi tại cũng mỗi tự nhưng khiến.?', 1, 2, 0, 0.8287554900884502, NULL, 0, 24, 31, '2025-05-27 23:18:10', NULL, '5822b649-fddd-4d5e-a87b-02571917eae2'),
  ('385a1a21-9ff3-483d-89b3-7d68ab6a33c9', 'e77cc937-961b-4f00-8a17-b177919c404d', 88, N'Câu hỏi 88: Chưa một dưới chưa chưa từ có bên với trong.?', 0, 1, 0, 0.4765291905573993, NULL, 0, 24, 37, '2025-05-20 12:40:04', NULL, '5822b649-fddd-4d5e-a87b-02571917eae2'),
  ('1cdc2c53-83b1-4b25-b612-4aed4e669989', '31bad83a-13bd-4ff8-8fb4-168576cfcdf7', 89, N'Câu hỏi 89: Trong nhưng một thế theo từ hoặc thì một làm các tự.?', 0, 5, 0, NULL, NULL, 0, 8, 10, '2025-05-08 02:04:15', NULL, '7be8481e-bed7-4479-a15c-091f04880cd4'),
  ('be843629-9f3c-4925-a6fe-ce9cb44ccfb7', '31bad83a-13bd-4ff8-8fb4-168576cfcdf7', 90, N'Câu hỏi 90: Nào đi như nhưng để này mà gần cái gần với.?', 0, 5, 0, NULL, NULL, 0, 8, 25, '2025-05-30 01:43:20', NULL, '488413c9-9c15-48a0-a08d-221f748a7e65'),
  ('e9b6586c-aa50-4ac0-98fc-e2b4aea03f40', '31bad83a-13bd-4ff8-8fb4-168576cfcdf7', 91, N'Câu hỏi 91: Của dưới cái tự nếu tự hơn bạn có.?', 0, 3, 0, 0.3617710902715441, NULL, 0, 29, 20, '2025-05-19 11:36:58', NULL, '4448245a-6eaa-45fd-b311-7eba18b3ca56'),
  ('066ff1e5-dd6e-4d0a-8893-ddc7a986e94d', 'b9d66b20-df2f-4f4a-be58-dcf013a4f6b9', 92, N'Câu hỏi 92: Đến và để nào cái làm cho và trong số đúng hoặc không đang chưa vài trong để với.?', 1, 5, 0, NULL, NULL, 0, 11, 19, '2025-05-31 16:09:42', NULL, '03f09e89-544c-40c3-90c0-1e3994752dde'),
  ('4afaba97-f225-4c3e-bb32-4d0f33b14621', 'b9d66b20-df2f-4f4a-be58-dcf013a4f6b9', 93, N'Câu hỏi 93: Này được sau của rất bạn nơi rất tôi của giữa là cách.?', 0, 4, 0, NULL, NULL, 0, 18, 27, '2025-05-09 22:15:13', NULL, 'e9870172-2e36-49a6-afc5-e5fd1252bbf4'),
  ('c7025297-ef86-4092-85ef-37d135fd0de7', '5c665299-9aa4-4108-ab46-608ae6a30329', 94, N'Câu hỏi 94: Cũng để nơi được người của tại trong vài khiến.?', 1, 2, 0, 0.14455488304273367, NULL, 0, 4, 29, '2025-05-26 22:07:02', NULL, '3646cdf0-c5e2-454a-8667-7c2345e0236d'),
  ('02991525-1e3a-4ec9-838c-8a1fcd646b21', '5c665299-9aa4-4108-ab46-608ae6a30329', 95, N'Câu hỏi 95: Gần nếu tôi trong các với giữa nhưng đi đó tự nơi của.?', 0, 2, 0, 0.8327710358293023, NULL, 0, 7, 40, '2025-05-21 18:56:40', NULL, '3646cdf0-c5e2-454a-8667-7c2345e0236d'),
  ('9b889765-c6b6-4799-9b71-a917d4938d5a', '1f89816f-2875-45d4-83b3-075aabe6eb67', 96, N'Câu hỏi 96: Có giống của hoặc đã bạn đang sẽ trong của người và hơn gần của.?', 1, 2, 0, NULL, NULL, 0, 36, 16, '2025-05-15 11:41:30', NULL, '03f09e89-544c-40c3-90c0-1e3994752dde'),
  ('d90ee8c4-d304-409a-a009-55dead8c2cab', 'e2e9c810-52f2-4ce0-acef-d5a9a926a8cd', 97, N'Câu hỏi 97: Với theo trong theo nếu vì khiến bạn cũng nếu nếu tại tại vài các tại bạn số của.?', 0, 5, 0, NULL, NULL, 0, 40, 39, '2025-05-09 20:30:21', NULL, '127e864e-266f-47e4-8dd8-693ee8480f0f'),
  ('d747822c-1be4-4008-85a5-d63bd47a16c7', 'e2e9c810-52f2-4ce0-acef-d5a9a926a8cd', 98, N'Câu hỏi 98: Thế đang hơn với nơi tại gần hơn của và hoặc.?', 0, 2, 0, 0.5259800545277128, NULL, 0, 7, 15, '2025-05-31 12:17:28', NULL, 'c5fa014a-c20a-4ca0-9504-7d3abdd9dabb'),
  ('be5ec8b7-a2ae-4df8-9ce1-c3aa1f272648', 'e2e9c810-52f2-4ce0-acef-d5a9a926a8cd', 99, N'Câu hỏi 99: Của vẫn vẫn như sau chỉ với này chưa từng mỗi chỉ từ đó vậy vậy.?', 0, 2, 0, 0.2538037791293263, NULL, 0, 47, 10, '2025-05-26 17:37:07', NULL, '2c4ed5e3-4798-43df-b957-efe02ddec513'),
  ('e5047326-833b-4cab-8b2a-416e2685ba4b', 'f6317ea7-4be7-4fbf-ba82-8afe5cb13272', 100, N'Câu hỏi 100: Bạn cũng từ từ người và như lớn người bên số này vậy tại.?', 1, 4, 0, 0.5046723182411911, NULL, 0, 50, 30, '2025-05-09 16:09:44', NULL, '127e864e-266f-47e4-8dd8-693ee8480f0f'),
  ('9eb49285-9709-47af-abe6-c211f3d66b9d', 'f6317ea7-4be7-4fbf-ba82-8afe5cb13272', 101, N'Câu hỏi 101: Đó đã về vẫn cho thì hơn cũng có bên khi cách vậy được giống như vậy không bạn.?', 0, 5, 0, NULL, NULL, 0, 13, 22, '2025-05-26 21:12:27', NULL, '0beb7b4a-5a02-4706-af66-9c428b386d55'),
  ('6c74e0fc-30fe-4979-8596-fafe28756c2c', 'f6317ea7-4be7-4fbf-ba82-8afe5cb13272', 102, N'Câu hỏi 102: Số từng về dưới tại hơn sau cũng hơn cũng với đi như giống thế để như người thì giữa.?', 0, 5, 0, NULL, NULL, 0, 15, 0, '2025-05-22 01:46:34', NULL, '2c4ed5e3-4798-43df-b957-efe02ddec513'),
  ('776594c1-81b5-4c82-94ca-2f0e00ce4886', 'd733d251-aecc-4e1f-948a-d9fc769e1028', 103, N'Câu hỏi 103: Giữa cách nếu thì đã của tại cái vài chưa đã mỗi từ dưới khiến có sẽ từ của thì.?', 1, 4, 0, 0.9762057923795435, NULL, 0, 49, 23, '2025-05-29 09:12:32', NULL, 'b0569d34-77c5-436c-b39e-83691f3e7edb'),
  ('6ff9323f-0c81-4104-9b81-a86dc17f631b', 'd733d251-aecc-4e1f-948a-d9fc769e1028', 104, N'Câu hỏi 104: Hoặc hoặc về sau tại cái vẫn có giữa cách từ.?', 0, 5, 0, 0.37536005268939976, NULL, 0, 40, 13, '2025-06-03 14:46:20', NULL, '5f2a5ef9-6277-4de7-8038-06ffd91e9e7c'),
  ('24a9bd45-98e7-4440-95cb-3e4beb17153c', 'd733d251-aecc-4e1f-948a-d9fc769e1028', 105, N'Câu hỏi 105: Nào thế làm đang vẫn đến hơn dưới cũng nhưng bạn hơn các điều.?', 0, 4, 0, NULL, NULL, 0, 17, 34, '2025-05-17 07:26:39', NULL, '6a41525a-abc2-45b6-ad6f-fc85f2e3a846'),
  ('46bba31d-38fc-46f0-bd3c-db93cd640d58', '4ad9f931-18ae-445a-a40c-b043ba701f96', 106, N'Câu hỏi 106: Rất là từ giống thế như tôi giống nơi là mà cũng.?', 0, 2, 0, 0.7441660749662773, NULL, 0, 5, 39, '2025-05-29 16:53:40', NULL, '6a41525a-abc2-45b6-ad6f-fc85f2e3a846'),
  ('9065a2c5-1b44-4932-b9f5-8fbdece09c8f', '4ad9f931-18ae-445a-a40c-b043ba701f96', 107, N'Câu hỏi 107: Cho vẫn đến từng các nơi sẽ tôi gần giữa nhiều người có đúng của vài đến nhiều đang.?', 1, 5, 0, 0.42519950713343724, NULL, 0, 48, 12, '2025-05-31 13:45:27', NULL, '5dbcc441-f086-4d20-b9e3-a8c752b568eb'),
  ('b8dfe8c4-559d-485e-9ed6-39beac86f7ce', '4ad9f931-18ae-445a-a40c-b043ba701f96', 108, N'Câu hỏi 108: Cũng có từng đã rất được cũng nhiều dưới vẫn để trong cũng vẫn như như để.?', 0, 2, 0, NULL, NULL, 0, 40, 36, '2025-05-23 15:31:17', NULL, '5dbcc441-f086-4d20-b9e3-a8c752b568eb'),
  ('a483e57d-f84c-4d90-8923-77598f00db0f', '4ad9f931-18ae-445a-a40c-b043ba701f96', 109, N'Câu hỏi 109: Đi về sẽ tự thế của dưới hoặc nếu điều cho tại với chỉ số.?', 0, 1, 0, 0.4555651973571132, NULL, 1, 35, 3, '2025-05-27 04:37:32', NULL, '454badf1-fc75-4412-a44f-dc892469403c'),
  ('d90d97b6-0ce1-4fbd-8954-7462f3ab4026', '00e67a6e-73ae-4d81-843b-4784c111f94b', 110, N'Câu hỏi 110: Chỉ như mỗi làm đang của mà trong để tại từ.?', 0, 2, 0, NULL, NULL, 0, 27, 23, '2025-06-01 23:14:53', NULL, '1be01648-5b69-4ba0-9621-590d1f201b23'),
  ('6a501949-08b3-4982-ac61-e4e46fa69de6', '00e67a6e-73ae-4d81-843b-4784c111f94b', 111, N'Câu hỏi 111: Các rất thế về một chỉ người vì trong.?', 0, 1, 0, NULL, NULL, 0, 20, 37, '2025-05-27 09:55:48', NULL, 'd36cba05-7191-45dd-81ba-a8e5055c8518'),
  ('d932262a-8d3b-4b80-abf2-c0cd6942c4f7', '00e67a6e-73ae-4d81-843b-4784c111f94b', 112, N'Câu hỏi 112: Nhiều có này cách về tự nhiều đến cách giữa nơi giữa này các cũng khi chưa giữa chỉ.?', 0, 3, 0, 0.4996458076979262, NULL, 0, 36, 31, '2025-05-14 13:53:37', NULL, '15198e43-6e93-4705-ab99-848ac75a5fc5'),
  ('876e70cc-6402-4d87-b4d0-0137c90143c7', 'a375b71c-c057-4e9b-b801-840ecaf1f69a', 113, N'Câu hỏi 113: Về người với vậy các và của vài tự.?', 1, 3, 0, NULL, NULL, 0, 15, 24, '2025-05-08 19:31:01', NULL, '32ad40ac-383d-4274-a36c-7f61fc2d55eb'),
  ('a0205c94-5e7c-459f-bb4d-096d25d4b00b', 'a375b71c-c057-4e9b-b801-840ecaf1f69a', 114, N'Câu hỏi 114: Cũng các các đang này với bạn để có của vậy bên.?', 1, 3, 0, 0.6854846111318167, NULL, 1, 7, 13, '2025-05-26 22:27:46', NULL, '8976cffb-bfb4-428a-914e-d4a81c5f8c6c'),
  ('15259baa-bf99-4f36-ac38-3e4011f71bea', 'a375b71c-c057-4e9b-b801-840ecaf1f69a', 115, N'Câu hỏi 115: Dưới đúng chỉ nhiều của với mà bên hơn làm điều vẫn của như các cho đã được.?', 0, 4, 0, NULL, NULL, 0, 34, 13, '2025-05-15 05:17:43', NULL, '8976cffb-bfb4-428a-914e-d4a81c5f8c6c'),
  ('1d069544-abc6-4e24-84c5-850aafc5372d', 'c87a7e9e-3570-4bc9-980f-2f4c32d01785', 116, N'Câu hỏi 116: Tại của lớn như về với từng và tôi chỉ bên.?', 1, 3, 0, NULL, NULL, 1, 33, 23, '2025-05-28 04:14:47', NULL, 'd36cba05-7191-45dd-81ba-a8e5055c8518'),
  ('15c2aa97-5447-49ac-bbb0-192856113055', 'c87a7e9e-3570-4bc9-980f-2f4c32d01785', 117, N'Câu hỏi 117: Đã lớn cái theo rất như nhiều được nếu từ không mà vì đã thay vẫn một này để mỗi.?', 1, 2, 0, 0.8447289952914652, NULL, 0, 46, 24, '2025-05-12 07:10:13', NULL, 'd36cba05-7191-45dd-81ba-a8e5055c8518'),
  ('d29edba2-450a-4b43-96a0-506b66a7dcb3', '321b6efb-5a07-43ed-83a2-84f68d60562e', 118, N'Câu hỏi 118: Trong đang giống hơn nào cách này này như cái từng khi tự.?', 1, 5, 0, 0.7795035296991157, NULL, 0, 39, 26, '2025-05-18 09:12:15', NULL, 'ff75a40e-bfcd-43a5-9827-4f0fd9ad95ca'),
  ('543839cb-9469-4ded-bb7d-9336275da377', '321b6efb-5a07-43ed-83a2-84f68d60562e', 119, N'Câu hỏi 119: Được vẫn cũng giống của làm theo rất chỉ giữa vẫn khi.?', 1, 2, 0, 0.3854009443988319, NULL, 0, 17, 0, '2025-05-27 05:45:35', NULL, 'ff75a40e-bfcd-43a5-9827-4f0fd9ad95ca'),
  ('42573edb-eacf-494a-b1b8-a1e8aaded33a', '321b6efb-5a07-43ed-83a2-84f68d60562e', 120, N'Câu hỏi 120: Số khi để và là rất đến có hoặc giống nếu đang mà cái.?', 0, 1, 0, NULL, NULL, 0, 4, 14, '2025-06-02 02:13:04', NULL, 'ff75a40e-bfcd-43a5-9827-4f0fd9ad95ca'),
  ('40134c14-5609-450b-9cee-3a6f70ff5d4f', '93606434-129e-4a8c-ab27-85d0f9e97568', 121, N'Câu hỏi 121: Rất trong với rất nào để đến và giữa về để cho.?', 0, 1, 0, NULL, NULL, 0, 33, 13, '2025-06-04 01:04:25', NULL, '89fb0d88-106a-4673-8ffb-c9cd4648c53f'),
  ('1df7dcf3-66a0-4205-b717-5178fba84430', '5700c81d-1a41-47c6-a0d4-83d704283766', 122, N'Câu hỏi 122: Này như nếu người không để của nhiều có nào cái hơn nào không hơn như rất của để.?', 0, 3, 0, 0.7673417846996031, NULL, 0, 6, 34, '2025-05-19 10:56:15', NULL, '1873a651-2fcf-456b-a0e1-5b5c33ba1460'),
  ('f8bf3fe0-9ae0-4228-9a6e-cc2a902dc3c9', '5700c81d-1a41-47c6-a0d4-83d704283766', 123, N'Câu hỏi 123: Số cách một từng về được các một đó cách là đúng.?', 1, 1, 0, NULL, NULL, 0, 24, 6, '2025-05-19 15:00:35', NULL, 'ec7ecd71-607a-4903-90db-b1b57f7800d0'),
  ('9bd2348f-b623-44ea-8b38-1eb6185bf6b5', '5700c81d-1a41-47c6-a0d4-83d704283766', 124, N'Câu hỏi 124: Của như với hoặc vẫn một đó bạn của với khi hơn mà đến chưa.?', 0, 3, 0, NULL, NULL, 0, 49, 18, '2025-05-11 17:50:05', NULL, '23db1642-709b-4534-805d-66412d9b0ed1'),
  ('95edda72-94f4-4211-bb4d-e52c05a45261', '5700c81d-1a41-47c6-a0d4-83d704283766', 125, N'Câu hỏi 125: Làm vẫn thay được như khiến sẽ mỗi như vậy chưa có vẫn để.?', 1, 2, 0, NULL, NULL, 0, 39, 31, '2025-05-31 08:34:54', NULL, '1873a651-2fcf-456b-a0e1-5b5c33ba1460'),
  ('446c7631-b034-4a0f-80e7-8192d1f1177f', 'fe92161a-838e-4034-8018-06c503f8edb8', 126, N'Câu hỏi 126: Như cho nhưng nào cách để đã cũng nơi như đã tại và chưa.?', 0, 4, 0, 0.7922648502378422, NULL, 0, 19, 38, '2025-05-17 14:39:01', NULL, 'dad2f8b6-13d7-4b8c-b806-bbd32606ecf1'),
  ('1fd4a228-4d7f-4dab-8303-6376ba6cb62e', '73afbc0f-7215-4c5f-af2f-cd1c72d16c60', 127, N'Câu hỏi 127: Vì với bên chỉ trong theo rất sẽ rất của sẽ này tại tôi theo đó nếu đi.?', 0, 5, 0, NULL, NULL, 0, 27, 6, '2025-05-29 09:16:44', NULL, '98318967-b426-4cfa-a60c-5cf4ea28da06'),
  ('42daed83-e3c5-47f5-b19d-eb183c27df3a', '73afbc0f-7215-4c5f-af2f-cd1c72d16c60', 128, N'Câu hỏi 128: Cách thì đã nơi bên được có có không hơn cũng đó trong có để như mỗi của.?', 1, 1, 0, NULL, NULL, 0, 22, 11, '2025-06-02 10:13:48', NULL, 'c0a09d5f-546f-4a11-b32b-4e72620151f1'),
  ('54f95a5f-2c57-4d1e-9a0b-92f5e82a557f', '9bd377d9-b532-43df-8d86-5eec8e3b6542', 129, N'Câu hỏi 129: Số cũng như để có tại từ đang nếu trong.?', 0, 4, 0, 0.21872576851776734, NULL, 0, 1, 2, '2025-05-26 23:53:03', NULL, 'fb1999f5-0cb8-456f-9c0e-9dfba2adea4b'),
  ('2dd14729-b5e9-44ad-b74c-ba3cffd915ce', '9bd377d9-b532-43df-8d86-5eec8e3b6542', 130, N'Câu hỏi 130: Trong đúng cũng với để vậy giống tôi nếu khi với để chỉ trong số chưa vì thế.?', 0, 3, 0, 0.418229634986642, NULL, 1, 20, 29, '2025-05-16 21:13:51', NULL, '05d2ac37-ace2-4675-a210-7a8b3cd149c6'),
  ('32dbfb42-f92b-4d3a-9fd6-b5ce2309baa9', '8c7cccfe-2492-4ca2-9cd4-f13a83e31e6c', 131, N'Câu hỏi 131: Nơi nào đúng mà đi có vì thế vài từng bạn trong của từng không thế.?', 0, 3, 0, NULL, NULL, 0, 36, 4, '2025-05-27 13:26:35', NULL, '89162841-a389-4f4a-96f6-68906aed48d3'),
  ('4e402a11-bf63-47c7-b624-32039e0e80a5', '8c7cccfe-2492-4ca2-9cd4-f13a83e31e6c', 132, N'Câu hỏi 132: Tự vì cho tự tại từ vậy giống bạn sau cách cho để mà hơn thế nào khiến có như giữa.?', 1, 2, 0, 0.3861538269825079, NULL, 0, 40, 4, '2025-05-10 20:12:52', NULL, '89162841-a389-4f4a-96f6-68906aed48d3'),
  ('d70fba5b-b02b-4b56-8894-7cd355019f09', '8c7cccfe-2492-4ca2-9cd4-f13a83e31e6c', 133, N'Câu hỏi 133: Không thay mà cái nhiều một nơi bạn như để thay làm lớn không của.?', 0, 4, 0, NULL, NULL, 0, 33, 1, '2025-05-24 15:40:05', NULL, 'af34bc88-8e6c-4e0c-8cce-9e9ba5eef2ed'),
  ('fbf02b12-9faf-42f8-99aa-02bab591d23e', '8cc5c23e-09e3-424c-bfa9-7b6527124b9e', 134, N'Câu hỏi 134: Theo không vậy để hoặc cũng nhưng đang như của.?', 0, 5, 0, 0.6680286416716941, NULL, 1, 15, 31, '2025-06-03 20:07:01', NULL, '16641fc6-0539-45d6-a95d-1f730074bc01'),
  ('022dfbf4-800b-435b-87b0-3acf04276cd6', '20aac786-8fd7-43c4-aa34-cbe4c1320d42', 135, N'Câu hỏi 135: Gần đến tự dưới của cho vậy bên điều nơi đúng đang cũng vài điều.?', 0, 5, 0, 0.2259206396664527, NULL, 0, 47, 25, '2025-05-16 13:27:38', NULL, '4a82ae45-590e-4d41-a2fc-ebebdf385916'),
  ('e8e62313-fb95-4ae5-be65-1efbc89e1603', '8d2ed809-cb1f-4198-b914-d51c679e4b6b', 136, N'Câu hỏi 136: Cách hơn như giữa của đi giữa với cách đã này rất để và.?', 0, 2, 0, 0.452294505103346, NULL, 0, 9, 0, '2025-05-31 05:50:12', NULL, '4a82ae45-590e-4d41-a2fc-ebebdf385916'),
  ('6fe0dd86-077f-448f-b077-cb3a6d244f61', '8d2ed809-cb1f-4198-b914-d51c679e4b6b', 137, N'Câu hỏi 137: Như thế tự vài và bạn nơi thế trong nhiều.?', 0, 2, 0, 0.5369940329294096, NULL, 0, 50, 21, '2025-06-02 12:26:14', NULL, '16641fc6-0539-45d6-a95d-1f730074bc01'),
  ('d46e6608-91f5-48dd-b11a-027cabb27066', '8d2ed809-cb1f-4198-b914-d51c679e4b6b', 138, N'Câu hỏi 138: Thay bạn sẽ dưới bên của chưa giống từng để được thế với vài cho có.?', 0, 5, 0, NULL, NULL, 0, 5, 10, '2025-05-13 22:29:42', NULL, '4a82ae45-590e-4d41-a2fc-ebebdf385916'),
  ('c822309b-dd07-4f15-8494-a371ea117f2b', 'd933e76a-2dd2-4777-b78b-f46efe5dc141', 139, N'Câu hỏi 139: Nào hoặc khi nếu nhiều vậy người tại hơn được tại làm.?', 1, 2, 0, NULL, NULL, 0, 44, 7, '2025-05-31 07:22:22', NULL, 'f38c16c0-56e3-48dd-8f25-3846a0fba042'),
  ('7934f2d6-0abb-4d3c-bb4e-caccbd7538d3', '7c71315a-9c30-40d0-a31e-4a91454e022e', 140, N'Câu hỏi 140: Về trong tự số hơn cũng thay đã số của từng của trong.?', 0, 3, 0, 0.2773526161390075, NULL, 0, 15, 35, '2025-05-10 17:26:28', NULL, '08499539-7357-4bdb-884b-8c8e582d1420'),
  ('c102ac89-ea54-4109-a6dc-2908bca744a0', '7c71315a-9c30-40d0-a31e-4a91454e022e', 141, N'Câu hỏi 141: Tại của thế là không chỉ một đến vì tại số tôi.?', 1, 1, 0, 0.11176605650473415, NULL, 0, 38, 27, '2025-05-23 23:42:52', NULL, '610d6c23-22fb-41c0-bc25-793e07d706f0'),
  ('9dc995b5-d0f4-4d88-a31b-62e89bd779ac', '0032e09f-14ba-4dfc-bb6f-cbed75dec0f6', 142, N'Câu hỏi 142: Điều các theo đó các đúng để dưới để có.?', 0, 1, 0, 0.8344826956552258, NULL, 0, 9, 5, '2025-05-10 20:11:14', NULL, 'b3261283-3e51-42ea-b50e-46ab20562e4e'),
  ('1258b4cf-aa35-43bc-889c-102f785e9f59', 'd5139adb-81f8-490e-9e9a-55cee2d51712', 143, N'Câu hỏi 143: Từng và của với cách một bên cũng tôi nhưng.?', 0, 5, 0, NULL, NULL, 1, 14, 33, '2025-05-17 15:55:41', NULL, '87b6adc5-a9e6-4401-953d-4f0b0a630f88'),
  ('821da45d-644f-4640-8712-2f67148ab976', 'd5139adb-81f8-490e-9e9a-55cee2d51712', 144, N'Câu hỏi 144: Số đó được khiến đến cũng vì có đúng tự cũng đã cũng hoặc từ.?', 0, 3, 0, NULL, NULL, 0, 26, 23, '2025-05-25 02:30:31', NULL, '87b6adc5-a9e6-4401-953d-4f0b0a630f88'),
  ('02f12b68-e239-49fd-b361-65f34d9fd11c', 'd5139adb-81f8-490e-9e9a-55cee2d51712', 145, N'Câu hỏi 145: Là gần đúng vài nhiều điều từ như của người để vì gần số trong từ mà vài trong đó.?', 1, 3, 0, 0.2487935697465519, NULL, 1, 16, 32, '2025-05-06 19:39:17', NULL, '87b6adc5-a9e6-4401-953d-4f0b0a630f88'),
  ('8d3b47fa-ed93-4bc9-9fb7-70845cdfd38f', 'd5139adb-81f8-490e-9e9a-55cee2d51712', 146, N'Câu hỏi 146: Và để và như cũng với sau đó lớn làm.?', 1, 4, 0, 0.10363195155090359, NULL, 0, 8, 6, '2025-05-08 21:58:29', NULL, '87b6adc5-a9e6-4401-953d-4f0b0a630f88'),
  ('445d3bee-0235-4589-9782-99659eed4a35', '4b22a320-8393-49dc-88cb-3753596f7bb7', 147, N'Câu hỏi 147: Theo dưới về về mỗi tự của thế như với và.?', 0, 3, 0, NULL, NULL, 0, 25, 26, '2025-05-11 15:49:41', NULL, '3d71ec58-a171-41e4-9bc8-29407b336751'),
  ('6800fa59-2356-47b5-9607-5988b4de556e', 'f45b55af-67e9-41a8-b797-c0c089720b03', 148, N'Câu hỏi 148: Trong từ bạn chưa như nào với như tại cách.?', 0, 2, 0, NULL, NULL, 0, 48, 29, '2025-05-24 14:51:05', NULL, '3d71ec58-a171-41e4-9bc8-29407b336751'),
  ('41adb2ad-11cb-4bd3-9c9d-846a5dd74cdf', 'f45b55af-67e9-41a8-b797-c0c089720b03', 149, N'Câu hỏi 149: Tự tự sau có vậy nhiều và như gần đã thế tại lớn tại cái.?', 1, 4, 0, NULL, NULL, 0, 28, 17, '2025-06-02 09:19:28', NULL, '3d71ec58-a171-41e4-9bc8-29407b336751'),
  ('b7131f6c-8818-41b5-99f9-2a3369e9a013', 'd1bc9173-7882-45fe-827a-7a8d6d1c6464', 150, N'Câu hỏi 150: Khi hơn nhưng mà đó các từ giữa với theo người từ của từ đến.?', 0, 1, 0, NULL, NULL, 0, 36, 22, '2025-05-23 20:24:16', NULL, '5aa1fd93-bd73-4116-8a26-de2af053b92a'),
  ('ac5dc39b-0c5b-42b1-9266-18d2f54db228', 'eafefd64-9b86-47ae-a6c5-32529152df3a', 151, N'Câu hỏi 151: Chưa để tự chỉ cũng bên đúng hoặc là với.?', 0, 3, 0, NULL, NULL, 0, 39, 1, '2025-05-17 15:42:52', NULL, '13bcefe2-7397-4cb1-a736-a8e94dfd00a4'),
  ('bedb0af5-a341-440e-9963-f8305e0e2334', 'eafefd64-9b86-47ae-a6c5-32529152df3a', 152, N'Câu hỏi 152: Có với từ vì có tự như không đã khiến đang này sau với tự cũng tại không một.?', 0, 4, 0, NULL, NULL, 0, 44, 8, '2025-05-26 23:55:44', NULL, '9f2a39d9-0e54-41a7-8e2b-bbba6891dd15'),
  ('b2db582e-a092-47aa-addb-c8e60c43405b', '3ecb4b12-9252-4b03-bb7b-a86fc1a9f35f', 153, N'Câu hỏi 153: Như tôi như chỉ cái của về từng nào từng tại chỉ khiến cách vậy nào bạn chỉ là.?', 0, 4, 0, 0.2979681524900174, NULL, 0, 44, 27, '2025-05-11 10:49:57', NULL, '126b48c2-3c8a-42fc-985f-18f3b1a4b924'),
  ('2fb73679-030d-4d96-aa28-7043d1488a74', '3ecb4b12-9252-4b03-bb7b-a86fc1a9f35f', 154, N'Câu hỏi 154: Mỗi vậy để trong tại theo từ tự như lớn cách từng mỗi nhiều đúng đó chưa khiến.?', 0, 4, 0, NULL, NULL, 0, 24, 15, '2025-05-17 06:04:40', NULL, '26db953b-6381-4bb7-9f0d-ed91ae859b4e'),
  ('34e8b7fb-78c0-4ec7-be65-354b4e0a2ced', '3ecb4b12-9252-4b03-bb7b-a86fc1a9f35f', 155, N'Câu hỏi 155: Vài có tại khiến của lớn nào về trong nhưng được lớn được cách nhiều khi cũng như.?', 1, 3, 0, NULL, NULL, 0, 17, 35, '2025-05-26 10:54:45', NULL, 'd260a825-225c-48f6-9ff1-df47587427ef'),
  ('ea078a7d-b044-48a6-b9e6-4174722b7789', '290a04e0-eff0-46e8-97e0-28a9ddb203d0', 156, N'Câu hỏi 156: Người tự cũng nào mỗi của về nếu hoặc từ tại sẽ đến tại hơn đến đang tự tại nào.?', 1, 3, 0, NULL, NULL, 0, 44, 33, '2025-05-29 10:20:11', NULL, '54f1b1dd-24d1-4c00-846b-a83dd42898db'),
  ('ccbd01ad-9b85-4582-9643-75960a87bfac', 'efbff41a-31b4-4435-8dee-ecbf408543c1', 157, N'Câu hỏi 157: Làm khiến hơn điều khiến tôi đúng mỗi từ rất cái.?', 0, 3, 0, 0.10105490620445509, NULL, 0, 34, 15, '2025-05-31 14:06:39', NULL, '6eff016e-5b70-4d89-a1c1-fa31104679ee'),
  ('651a9cd9-5be4-4588-9547-5c39907ba2be', 'efbff41a-31b4-4435-8dee-ecbf408543c1', 158, N'Câu hỏi 158: Nào bạn điều đúng nhưng làm cũng từng thì các giữa của hoặc cái đi không của vài có không.?', 0, 3, 0, 0.30087192527750173, NULL, 0, 2, 24, '2025-05-23 22:50:08', NULL, '674d69cb-0fc1-4545-828d-4b2d857df51a'),
  ('c1273c6a-37af-4198-9d01-771ef3af7eee', '283860bb-61e0-42d2-8b6b-0d851fb38391', 159, N'Câu hỏi 159: Khiến của rất nếu thì khiến mà của như cũng giống có điều nào với.?', 0, 2, 0, 0.375539072315631, NULL, 0, 36, 25, '2025-05-25 16:03:48', NULL, '56b5c38e-b26f-43e9-b536-16c5cd78ad91'),
  ('67742b57-8ed5-440b-8d56-69ce21c66280', '283860bb-61e0-42d2-8b6b-0d851fb38391', 160, N'Câu hỏi 160: Từ sau thì cũng theo trong dưới khiến về của mà cái đang để tại.?', 1, 5, 0, 0.2979280380137176, NULL, 0, 37, 12, '2025-05-11 01:42:32', NULL, '6eff016e-5b70-4d89-a1c1-fa31104679ee'),
  ('f5a43423-cdd6-4b4d-8198-34100441d234', '283860bb-61e0-42d2-8b6b-0d851fb38391', 161, N'Câu hỏi 161: Giữa của như thế vài chỉ như hơn nào vẫn một và từ thì người.?', 0, 1, 0, 0.5881748356954233, NULL, 0, 1, 8, '2025-05-08 01:55:11', NULL, '6eff016e-5b70-4d89-a1c1-fa31104679ee'),
  ('3928f8dc-08ff-406f-8c19-76693bc88c79', '283860bb-61e0-42d2-8b6b-0d851fb38391', 162, N'Câu hỏi 162: Như đang một cũng có để cho giữa vì một.?', 0, 3, 0, NULL, NULL, 0, 21, 14, '2025-05-21 10:32:24', NULL, '54f1b1dd-24d1-4c00-846b-a83dd42898db'),
  ('c3f891e7-f49e-4c20-b546-1924ae56eded', '4e16a1a7-f500-4c5c-8d26-262a1374eea0', 163, N'Câu hỏi 163: Để được hơn với hơn chỉ để từng như hơn tự điều gần cái mà đúng vẫn cũng về.?', 0, 3, 0, 0.29642999494004724, NULL, 0, 46, 37, '2025-05-10 08:13:19', NULL, 'f458cb6d-9a95-496c-9bcf-fa6c74e67e25'),
  ('2836394e-ca1b-4461-b8ec-f799045afa0c', '4e16a1a7-f500-4c5c-8d26-262a1374eea0', 164, N'Câu hỏi 164: Như dưới về khiến đến và bạn thì cũng nào cách giữa dưới tại người.?', 0, 2, 0, 0.8733408634019421, NULL, 1, 38, 1, '2025-05-17 05:12:23', NULL, 'e02f49e5-8a37-4fc1-b59d-50d5ce97b8ec'),
  ('fd2be757-bb13-47b1-9393-928a99b6f9ed', '4e16a1a7-f500-4c5c-8d26-262a1374eea0', 165, N'Câu hỏi 165: Nhiều đã về cái hơn làm từ sẽ với cho vài người trong thế dưới chưa.?', 0, 4, 0, 0.11210843257343246, NULL, 1, 42, 30, '2025-05-22 13:12:49', NULL, 'e02f49e5-8a37-4fc1-b59d-50d5ce97b8ec'),
  ('0ff858ba-24fb-4826-a421-11b5fdb5194e', '4e16a1a7-f500-4c5c-8d26-262a1374eea0', 166, N'Câu hỏi 166: Thì nơi dưới sau thay bên tự được làm không cách từng thế khiến.?', 0, 5, 0, 0.6122492999621624, NULL, 0, 1, 20, '2025-05-07 03:35:51', NULL, '71de9151-4a25-414e-ad06-fcbd757eb7d3'),
  ('8c4b1e49-3f46-4917-9914-7567c6d6bf9a', '8687ea13-ccfb-4da8-9afb-fbd377c03f12', 167, N'Câu hỏi 167: Rất cho vì hơn bên điều tôi nhiều hoặc về hoặc đi để của thay sau gần.?', 0, 4, 0, 0.7063254543254271, NULL, 0, 0, 13, '2025-05-28 18:43:30', NULL, 'e02f49e5-8a37-4fc1-b59d-50d5ce97b8ec'),
  ('ad683bf0-2a65-42b7-99c1-0228fee1e35c', '8687ea13-ccfb-4da8-9afb-fbd377c03f12', 168, N'Câu hỏi 168: Thì các với vậy đã thay như từ thay như cũng nào tôi cũng giống.?', 0, 4, 0, 0.9520375887615922, NULL, 1, 3, 39, '2025-05-25 09:51:19', NULL, '3eef4ed5-772b-4c62-a033-2ad4c76599ed'),
  ('00f0725b-69ee-4091-93ee-5c52233f8b6e', 'a8e8bd8a-e4f0-4599-baba-e513ebde19fd', 169, N'Câu hỏi 169: Tại với để từng đã điều với khi cũng tự điều nơi.?', 0, 4, 0, NULL, NULL, 1, 14, 18, '2025-05-23 12:42:16', NULL, 'f458cb6d-9a95-496c-9bcf-fa6c74e67e25'),
  ('2597673d-7e43-4c01-a16f-32c0075171fd', '5d3ab394-38f7-42e1-be97-16e7eb720e04', 170, N'Câu hỏi 170: Của vì có không chỉ lớn như của các tại thì từ cái tại của như.?', 1, 4, 0, NULL, NULL, 0, 40, 25, '2025-05-20 15:21:41', NULL, 'e57f3636-237b-4552-841f-5bd046ab88a5'),
  ('a2ee64a7-74b5-48be-a783-970a5f8f2426', '5d3ab394-38f7-42e1-be97-16e7eb720e04', 171, N'Câu hỏi 171: Trong để sẽ làm của cũng nơi sẽ của từ thay một.?', 1, 3, 0, 0.6835927731891958, NULL, 0, 7, 13, '2025-05-27 21:02:53', NULL, '7d349d53-0bbe-4026-9681-49fa78d06f45'),
  ('bbb823ad-71c7-42cf-9d8e-ffa57757692e', '88002f38-05d7-4898-8ffd-2bc4809ca3b4', 172, N'Câu hỏi 172: Một từ cũng như như để tại vài nơi tại vậy trong như đó làm có số chưa trong.?', 0, 1, 0, 0.13164766007542172, NULL, 0, 3, 23, '2025-05-15 13:21:21', NULL, '6d1791d2-0755-4dfa-aa26-5d99749c1cb1'),
  ('7d58d488-fbcb-4602-8bed-6e1e83413a0b', '88002f38-05d7-4898-8ffd-2bc4809ca3b4', 173, N'Câu hỏi 173: Nhưng thế bên mỗi là vậy nào để sau và bên đi rất nhiều của cũng để.?', 0, 1, 0, NULL, NULL, 0, 50, 32, '2025-06-03 08:44:12', NULL, 'e9f2018b-1d4b-432a-8640-70c6b3c99bf2'),
  ('c2535685-b074-45f9-90db-22898b1debc3', '88002f38-05d7-4898-8ffd-2bc4809ca3b4', 174, N'Câu hỏi 174: Với như gần từ thế đó nào thay như từ về gần chỉ từ bên tôi trong mỗi rất cái.?', 0, 3, 0, 0.5513200536013498, NULL, 1, 19, 5, '2025-05-15 09:56:29', NULL, '6d1791d2-0755-4dfa-aa26-5d99749c1cb1'),
  ('e978a551-4f85-4b7d-8987-b6ab2e4b35ae', 'a6104cf7-824f-4374-8d74-d88df5011b6a', 175, N'Câu hỏi 175: Cái theo mà để làm vài của khiến dưới như làm khi số dưới của khi vài đi theo.?', 0, 2, 0, NULL, NULL, 0, 20, 38, '2025-05-29 08:26:01', NULL, '6d1791d2-0755-4dfa-aa26-5d99749c1cb1'),
  ('0cd2411a-6f24-4ae7-b26b-e46b0fe51aba', 'a6104cf7-824f-4374-8d74-d88df5011b6a', 176, N'Câu hỏi 176: Người vậy như đúng với sau bạn chỉ chỉ như cái một thay nhưng mà cũng rất.?', 1, 4, 0, NULL, NULL, 0, 50, 14, '2025-05-19 11:50:26', NULL, '3268a4d1-479b-4da0-947a-b303c4d7616e'),
  ('74626c3d-ed0d-42af-9494-603d999506df', 'a6104cf7-824f-4374-8d74-d88df5011b6a', 177, N'Câu hỏi 177: Của từ từ không lớn cũng thay cũng và nhiều đi đang từ là.?', 1, 4, 0, NULL, NULL, 0, 31, 13, '2025-05-18 06:14:08', NULL, 'e57c022f-9781-4a46-b854-2c5ca04d5e4a'),
  ('e053fa77-cfda-4430-a2ad-f3e1a8fb57fc', '703c45ff-a52c-481a-8e8d-26c7380af902', 178, N'Câu hỏi 178: Đó nếu mỗi từng cũng nơi trong khi và.?', 1, 1, 0, 0.7318046845295335, NULL, 0, 11, 29, '2025-05-23 12:32:51', NULL, '24c626a7-9f54-4e92-9638-9d076603a1e2'),
  ('75cee0da-a661-45f7-a8b8-c8d319fd7131', '703c45ff-a52c-481a-8e8d-26c7380af902', 179, N'Câu hỏi 179: Vẫn hơn khi khi vài này một bên cũng lớn để nếu cách một hơn.?', 0, 1, 0, NULL, NULL, 0, 5, 0, '2025-05-25 06:58:06', NULL, '78ee4266-7366-4b55-8c7b-38b0929dd67e'),
  ('a12213fe-6bca-4a87-942b-e15adb2c2df9', '703c45ff-a52c-481a-8e8d-26c7380af902', 180, N'Câu hỏi 180: Sau đã đúng về thay của của của có nhưng vài như bạn chỉ từ trong từ.?', 0, 2, 0, NULL, NULL, 1, 14, 3, '2025-05-31 23:29:45', NULL, '24c626a7-9f54-4e92-9638-9d076603a1e2'),
  ('995989d7-faef-48b4-b590-e2571dc81265', '703c45ff-a52c-481a-8e8d-26c7380af902', 181, N'Câu hỏi 181: Từ tôi tại bên như gần trong về khiến tôi như thế.?', 1, 2, 0, 0.5249061003405393, NULL, 0, 26, 16, '2025-05-30 04:39:49', NULL, '78ee4266-7366-4b55-8c7b-38b0929dd67e'),
  ('238d6124-665c-41d2-8560-c2c668f6a700', '770c7981-b103-4024-9ddd-67f72503f1a8', 182, N'Câu hỏi 182: Của nào trong như của là nếu thế theo của từ đang từ với và thay như nhưng.?', 0, 3, 0, NULL, NULL, 0, 42, 11, '2025-05-09 00:10:09', NULL, 'b0a18c8c-5c48-430c-8d4d-1acebb610f88'),
  ('be6df1ca-b650-413f-9ab7-6d977a1718c2', '770c7981-b103-4024-9ddd-67f72503f1a8', 183, N'Câu hỏi 183: Với cái nhưng như như vẫn cái thì đến chỉ mỗi nhưng nơi tại chưa để trong.?', 0, 4, 0, 0.2822554227180346, NULL, 0, 23, 22, '2025-05-15 00:24:32', NULL, '5f0cff58-8f3b-4db9-b9c8-3a2d996c0770'),
  ('c4a6ffe0-4b26-4bb6-9991-c51805878852', '770c7981-b103-4024-9ddd-67f72503f1a8', 184, N'Câu hỏi 184: Cũng mỗi trong vẫn hơn vậy trong đến tại với vài người để bạn từ thế.?', 1, 3, 0, NULL, NULL, 0, 24, 36, '2025-06-02 09:39:10', NULL, 'b0a18c8c-5c48-430c-8d4d-1acebb610f88'),
  ('e5bd41eb-fde1-4fc1-be23-505f92d51c98', '770c7981-b103-4024-9ddd-67f72503f1a8', 185, N'Câu hỏi 185: Cũng vậy như đi các hơn rất cũng của.?', 0, 4, 0, NULL, NULL, 0, 28, 20, '2025-05-24 06:22:44', NULL, 'b0a18c8c-5c48-430c-8d4d-1acebb610f88'),
  ('0baefdc3-b038-4a8a-bf3d-646d8af68a0a', '16506026-9a62-4ca5-a1e7-68dc09cc6eb4', 186, N'Câu hỏi 186: Mà từ một làm tự giống vì từ vậy chưa từ nơi như là một từ và tại.?', 0, 5, 0, 0.6038555932481411, NULL, 0, 3, 23, '2025-05-21 13:54:24', NULL, '24c626a7-9f54-4e92-9638-9d076603a1e2'),
  ('dda842f2-86b5-4037-aeb4-fcb7e11f637b', '16506026-9a62-4ca5-a1e7-68dc09cc6eb4', 187, N'Câu hỏi 187: Của điều của đến vài tự chưa khi hơn từng là.?', 1, 5, 0, NULL, NULL, 0, 19, 8, '2025-05-15 18:18:33', NULL, '24c626a7-9f54-4e92-9638-9d076603a1e2'),
  ('980ac4ef-198c-4b2d-830e-32f248b8821f', '16506026-9a62-4ca5-a1e7-68dc09cc6eb4', 188, N'Câu hỏi 188: Như tự đó như đúng vì có lớn dưới trong là như giữa là của rất thế.?', 1, 1, 0, NULL, NULL, 0, 9, 15, '2025-06-04 01:51:17', NULL, 'b0a18c8c-5c48-430c-8d4d-1acebb610f88'),
  ('1a9bab90-bd3a-414c-b16b-392c5aafc5b9', '238dd719-1c56-453b-a94b-969247026319', 189, N'Câu hỏi 189: Về có bên của chỉ từng và bạn các giống nhiều có từ nhưng của nào giống của.?', 1, 2, 0, 0.9170054699976518, NULL, 1, 1, 20, '2025-05-20 11:59:43', NULL, 'f37ec1ed-99f7-4833-bd21-f5490ef5ad79'),
  ('e3ffa768-4d73-4ea9-922e-fc631306d986', '238dd719-1c56-453b-a94b-969247026319', 190, N'Câu hỏi 190: Trong điều tôi từ điều từng dưới cái đến theo người và nào nếu với từ mỗi sẽ tại.?', 0, 2, 0, NULL, NULL, 0, 11, 31, '2025-05-30 01:48:35', NULL, 'bd709dc4-b529-4bcd-abfc-8c5691a2a105'),
  ('02a5ffd8-e002-42ae-8b87-2248b479eae4', 'ecba4279-b325-4469-9d95-1a2465ddaf34', 191, N'Câu hỏi 191: Tự mà đang làm cho về với vậy cũng của cách nơi về nơi không cũng với vậy.?', 0, 2, 0, NULL, NULL, 0, 27, 27, '2025-05-31 05:27:57', NULL, '0c0993f7-f019-4da6-9a7a-f2cb45786cd7'),
  ('e6c938d8-4a7d-4a86-8e72-0501974b0479', '6851099d-fa7f-4850-8602-7e93e5899337', 192, N'Câu hỏi 192: Đến dưới vẫn thay giống vậy cho đúng sau khi hơn khi lớn sau chưa trong vài.?', 0, 2, 0, 0.6376163312294294, NULL, 0, 9, 15, '2025-06-03 19:08:33', NULL, 'eee93766-d00c-4eb5-bbba-1c9d479727b2'),
  ('9c836c13-3397-4e40-87e2-80f1b86f84f6', '6851099d-fa7f-4850-8602-7e93e5899337', 193, N'Câu hỏi 193: Thay nơi của gần khiến làm mỗi như của thế điều có như.?', 1, 3, 0, 0.1963136162025068, NULL, 0, 47, 30, '2025-05-25 20:56:55', NULL, 'eee93766-d00c-4eb5-bbba-1c9d479727b2'),
  ('c89cdaa1-5e78-49d7-8caf-b59b4b4b7311', '6851099d-fa7f-4850-8602-7e93e5899337', 194, N'Câu hỏi 194: Tại đi như về tự được hoặc đúng như và như có trong.?', 1, 4, 0, NULL, NULL, 1, 10, 4, '2025-05-19 21:28:04', NULL, '9f9b8742-c230-4db0-b485-fbf6741b2e5b'),
  ('1f3e6543-22dc-44fc-8c48-258315710056', '9f965956-b078-4b55-a762-dd14a05076e7', 195, N'Câu hỏi 195: Chỉ làm hơn vẫn và không với vì đi đến giữa làm.?', 0, 1, 0, 0.17861650721326572, NULL, 0, 28, 15, '2025-05-25 09:43:14', NULL, '83e319e4-f263-4605-9e08-6b18b0a917fd'),
  ('172cdf06-7213-425c-abd5-57cd4c8f0d99', '9f965956-b078-4b55-a762-dd14a05076e7', 196, N'Câu hỏi 196: Hơn từ bên hoặc với các như như có.?', 0, 5, 0, NULL, NULL, 0, 31, 9, '2025-05-29 19:33:28', NULL, '83e319e4-f263-4605-9e08-6b18b0a917fd'),
  ('d6f44f74-1bf6-4854-9dc1-49db0a4e52bf', 'd28363df-85c9-4a35-a7aa-4c8af23f266f', 197, N'Câu hỏi 197: Có tại đã để thế cho được từng để nơi lớn cũng này cũng như.?', 0, 2, 0, 0.13299485035871617, NULL, 0, 33, 11, '2025-05-24 19:06:14', NULL, '6319ca9b-de74-4def-9936-5658bbe83e33'),
  ('d3ad1800-f20e-4992-8a6d-12f6f252a712', 'd28363df-85c9-4a35-a7aa-4c8af23f266f', 198, N'Câu hỏi 198: Đó bên dưới khiến được khi chỉ như được khi để vẫn.?', 0, 4, 0, 0.34197432701427677, NULL, 0, 41, 20, '2025-05-28 16:29:18', NULL, '933b6e1d-e2ad-4b57-aeb2-18028469d35b'),
  ('ff6e4040-e06b-482f-86f5-95d13a6330f1', 'd28363df-85c9-4a35-a7aa-4c8af23f266f', 199, N'Câu hỏi 199: Có mà dưới hơn từ bên này trong đến.?', 0, 4, 0, NULL, NULL, 0, 23, 22, '2025-05-11 12:24:04', NULL, 'b095a068-1a22-452d-b5f2-113fd734cfa4'),
  ('2f5f43c5-3b29-45db-985f-029f97c58b23', 'dd76e1fb-bbaf-4d78-a2fc-cb383f8d0368', 200, N'Câu hỏi 200: Hơn hơn có gần đúng sẽ nhiều có đã để đến chưa thay.?', 0, 4, 0, 0.2183718450388254, NULL, 0, 16, 29, '2025-05-30 12:44:36', NULL, 'b095a068-1a22-452d-b5f2-113fd734cfa4'),
  ('8323009d-9ee8-41fe-9c48-2c0b08d1aa85', 'dd76e1fb-bbaf-4d78-a2fc-cb383f8d0368', 201, N'Câu hỏi 201: Về của để cái rất nhưng nơi của như và thì.?', 1, 1, 0, NULL, NULL, 1, 32, 1, '2025-05-21 00:17:47', NULL, '46ed0b31-40d3-40ea-b28c-5e25ab79189e'),
  ('3f0366a6-6fc9-4936-b1b5-031125a187d7', 'e9980448-5670-438e-bafc-a1dc0726ad1f', 202, N'Câu hỏi 202: Lớn của thay hoặc mỗi của có đã tự chỉ vài nhiều đã chưa theo.?', 1, 2, 0, 0.3867307483886899, NULL, 1, 47, 6, '2025-05-26 04:54:36', NULL, 'bbefbd45-8841-489a-bb55-024e4aa780d0'),
  ('fc1c916d-3f0a-4067-baa8-40362526d497', 'e9980448-5670-438e-bafc-a1dc0726ad1f', 203, N'Câu hỏi 203: Của tại đó một số với thay hơn cái vậy chưa vài từng nếu.?', 0, 4, 0, NULL, NULL, 0, 48, 33, '2025-05-12 03:20:28', NULL, '493f5917-3d86-4d9d-bc7a-55ade6d72cc7'),
  ('1de76636-7d46-4aa9-b6cb-d4c7c8594d0f', 'e9980448-5670-438e-bafc-a1dc0726ad1f', 204, N'Câu hỏi 204: Giữa bạn tự giống nếu nhưng tôi tự lớn lớn thì.?', 0, 1, 0, 0.44419242071870746, NULL, 0, 21, 23, '2025-05-14 19:04:54', NULL, '8a515a9e-268f-4ca8-afca-a6027e060950'),
  ('b7622711-9b93-4735-97f1-d8884bd6e010', 'e9980448-5670-438e-bafc-a1dc0726ad1f', 205, N'Câu hỏi 205: Rất về tôi lớn trong chỉ gần một là bên nào giữa dưới cái gần nào và điều thì có.?', 1, 1, 0, NULL, NULL, 0, 9, 17, '2025-06-01 22:13:32', NULL, '33d1a0a7-c792-4719-b101-e5784a1890f2'),
  ('f5a5f69b-a811-4479-a413-767ad14841e0', '23b7b4de-6e99-414a-a368-52a742833f7c', 206, N'Câu hỏi 206: Như tại sẽ bên cái cách cái như cách nếu thế chỉ các vì rất bạn như.?', 1, 2, 0, 0.7490704993895214, NULL, 0, 45, 36, '2025-05-10 17:38:35', NULL, 'bbefbd45-8841-489a-bb55-024e4aa780d0'),
  ('b985be44-1fe8-45c2-a804-73fda685a836', '23b7b4de-6e99-414a-a368-52a742833f7c', 207, N'Câu hỏi 207: Như nhưng này sau mỗi vậy rất tại để nơi một vẫn giữa đang.?', 1, 3, 0, NULL, NULL, 0, 45, 16, '2025-06-03 20:16:24', NULL, 'd3d2fd4a-bfb7-45a9-ba96-9f123697c4aa'),
  ('3f0639e8-a57e-4657-8a10-f48285f99874', '23b7b4de-6e99-414a-a368-52a742833f7c', 208, N'Câu hỏi 208: Để vậy dưới nhưng có như mỗi của không mỗi khi hoặc đang tôi hơn vẫn này sẽ đang tôi.?', 1, 3, 0, NULL, NULL, 0, 13, 11, '2025-05-16 23:21:04', NULL, 'bbefbd45-8841-489a-bb55-024e4aa780d0'),
  ('be381845-0676-41a9-8c86-ae6a65156ac6', '583392db-e39d-4bfb-adc6-06e605eaf522', 209, N'Câu hỏi 209: Hơn hơn của rất hoặc có theo điều mỗi trong thế khi trong gần với từng cái có gần.?', 0, 1, 0, NULL, NULL, 0, 0, 21, '2025-06-03 11:30:19', NULL, '8cc5cab7-ad7b-4303-a481-71832267019d'),
  ('334052ca-b0d9-4194-8b7a-d0210ce30c80', '583392db-e39d-4bfb-adc6-06e605eaf522', 210, N'Câu hỏi 210: Khiến mà như không thì đi tự điều tại khiến mỗi.?', 0, 3, 0, NULL, NULL, 0, 37, 30, '2025-05-08 05:44:12', NULL, 'f2f2334a-af01-4495-a27c-5c7c61790f33'),
  ('bbba62fe-61b1-4a1c-84a6-c87ff130352a', '583392db-e39d-4bfb-adc6-06e605eaf522', 211, N'Câu hỏi 211: Được sẽ cũng theo vài này vài cái thế.?', 0, 5, 0, NULL, NULL, 0, 3, 9, '2025-06-02 22:29:35', NULL, 'e344b3aa-9f16-4e5b-8cd5-a7104daa77be'),
  ('9a4a9d1b-5a95-4eeb-86ab-70a14166a9fe', 'a6924148-44e5-4884-b083-a8606c357d39', 212, N'Câu hỏi 212: Để điều từng đã nếu từng của dưới nhiều vậy hoặc vì khiến sau như chưa thì.?', 0, 5, 0, 0.7250292639366196, NULL, 1, 43, 5, '2025-06-03 19:30:56', NULL, '1e0de279-489c-404e-bf94-88959dee3522'),
  ('c3f911b1-d718-4a3c-a180-4bd760456607', 'a6924148-44e5-4884-b083-a8606c357d39', 213, N'Câu hỏi 213: Với mà như nhiều cái thay khi lớn khiến đi bên nơi rất thay trong nhưng.?', 0, 4, 0, 0.49413319854057103, NULL, 1, 16, 27, '2025-05-18 13:31:53', NULL, '64f47eee-49da-4b26-ab7b-dad7d8df36eb'),
  ('2bd83aed-cc8f-4c60-b343-74e012c52879', 'a6924148-44e5-4884-b083-a8606c357d39', 214, N'Câu hỏi 214: Có nhưng tự làm nhiều như từ một theo sau khiến.?', 0, 4, 0, 0.32933730869390976, NULL, 0, 44, 18, '2025-05-30 11:42:51', NULL, '64f47eee-49da-4b26-ab7b-dad7d8df36eb'),
  ('4a8ae0bb-b91b-4665-b145-6f50fad4d2e2', 'a6924148-44e5-4884-b083-a8606c357d39', 215, N'Câu hỏi 215: Từng các vì sau chỉ và người đi của như sau chưa trong.?', 0, 5, 0, 0.5216906386196258, NULL, 0, 8, 17, '2025-05-11 15:23:20', NULL, '1e0de279-489c-404e-bf94-88959dee3522'),
  ('65b4a8e5-1ce3-417a-9527-2d6c6c04a280', 'e276681b-e1c9-46bf-a85f-297cc5bbddff', 216, N'Câu hỏi 216: Giống được chưa điều để nhưng đến từ tự giống khi vẫn có như vậy đúng chưa gần nào.?', 1, 5, 0, NULL, NULL, 0, 19, 8, '2025-05-23 09:41:48', NULL, '8cc5cab7-ad7b-4303-a481-71832267019d'),
  ('f0f2e8cf-ad00-4fba-987d-48db411357b2', 'e276681b-e1c9-46bf-a85f-297cc5bbddff', 217, N'Câu hỏi 217: Dưới có rất thì làm đang và thì có vì từ đúng.?', 1, 4, 0, NULL, NULL, 0, 1, 21, '2025-05-21 18:33:07', NULL, 'f2f2334a-af01-4495-a27c-5c7c61790f33'),
  ('5433f748-beba-4268-b29b-14e6ce95fa4d', 'e276681b-e1c9-46bf-a85f-297cc5bbddff', 218, N'Câu hỏi 218: Với thay của cho hơn của để như cũng từ trong và.?', 0, 4, 0, 0.9397769285060286, NULL, 1, 45, 38, '2025-05-26 12:05:53', NULL, 'f2f2334a-af01-4495-a27c-5c7c61790f33'),
  ('da9be198-1816-4f4e-bb96-490591070434', 'e276681b-e1c9-46bf-a85f-297cc5bbddff', 219, N'Câu hỏi 219: Sau được không hoặc như đang tại của trong nếu hơn gần theo hơn nơi đã giữa nơi.?', 0, 5, 0, NULL, NULL, 1, 8, 40, '2025-05-26 19:43:38', NULL, '64f47eee-49da-4b26-ab7b-dad7d8df36eb'),
  ('5acf0e7b-bcf2-439a-9f8d-d5f61c588b5b', '566a810e-ccb2-4ab8-98c7-9f616c615cd8', 220, N'Câu hỏi 220: Đúng bên cái đang đi và như đi không có mỗi có các.?', 0, 4, 0, NULL, NULL, 0, 13, 24, '2025-05-25 23:29:42', NULL, 'add57130-3b32-493d-b6b1-f1e925ac62b3'),
  ('1a5b3085-2909-4dc2-9b44-1875af3d538a', '566a810e-ccb2-4ab8-98c7-9f616c615cd8', 221, N'Câu hỏi 221: Gần nơi và vậy được với hoặc sẽ mỗi thay như.?', 0, 5, 0, 0.5536971079924659, NULL, 0, 23, 13, '2025-06-02 21:59:13', NULL, 'db50439b-4182-40b9-871c-5b8b44b94b54'),
  ('dffa1522-2d8a-43c5-b3cb-65f150146785', '82d4cae4-42ed-4e85-b7c0-d0840ef9d960', 222, N'Câu hỏi 222: Này trong chưa gần của chỉ với điều từ để một nếu tại bạn thay vậy đi vì đi.?', 1, 3, 0, NULL, NULL, 0, 34, 0, '2025-05-27 02:40:18', NULL, '54716fdc-5545-4f5a-9ead-dbafc60212cc'),
  ('6c727fc8-037f-4916-9d69-840a21044dac', '82d4cae4-42ed-4e85-b7c0-d0840ef9d960', 223, N'Câu hỏi 223: Nào được tại không bên đó từng hoặc hoặc đi.?', 1, 4, 0, 0.3176880416396418, NULL, 0, 32, 16, '2025-05-17 06:17:41', NULL, '54716fdc-5545-4f5a-9ead-dbafc60212cc'),
  ('6cfec6e0-6d82-4705-9218-5670b0c1e266', '82d4cae4-42ed-4e85-b7c0-d0840ef9d960', 224, N'Câu hỏi 224: Để gần nào người mà như hơn cách đi.?', 0, 1, 0, NULL, NULL, 0, 1, 7, '2025-05-15 13:56:15', NULL, '54716fdc-5545-4f5a-9ead-dbafc60212cc'),
  ('ef057c8f-b255-43ea-9377-19e91ac2d0f8', 'afec303f-f6c8-4555-9f70-97777b07dc11', 225, N'Câu hỏi 225: Giống tự tại không vậy vài nếu từng của cũng khi.?', 0, 4, 0, 0.8093253529020096, NULL, 0, 11, 36, '2025-05-24 06:50:07', NULL, '24c57c8f-1411-44f4-89e3-a399545febcf'),
  ('4f68395a-7f16-4926-a923-ecf842392e44', 'ba3a72b3-0c6b-4af9-b0b0-11021730091b', 226, N'Câu hỏi 226: Này như khiến vậy nơi chỉ bạn dưới dưới nhiều.?', 1, 1, 0, NULL, NULL, 0, 17, 40, '2025-05-18 06:48:11', NULL, '24c57c8f-1411-44f4-89e3-a399545febcf'),
  ('e91e0627-4de0-466c-a2e4-0eea3d2264c2', 'ba3a72b3-0c6b-4af9-b0b0-11021730091b', 227, N'Câu hỏi 227: Với bạn có lớn này trong hơn với cũng từ đến các làm một.?', 0, 2, 0, 0.18266907497724505, NULL, 0, 31, 10, '2025-05-18 01:15:03', NULL, '6d12cd27-d90d-4440-8322-15b2af62ee36'),
  ('da469db5-3e65-4bd2-a966-f1d107ddde08', 'ba3a72b3-0c6b-4af9-b0b0-11021730091b', 228, N'Câu hỏi 228: Lớn lớn đang cho có mà mà đó vẫn rất đã nào đến khi nhiều nếu các.?', 0, 4, 0, NULL, NULL, 0, 13, 29, '2025-05-27 16:19:47', NULL, '252c0bf1-b0f1-4685-ae91-1d0a0affc2c6');
GO

-- Data for CauTraLoi
INSERT INTO [dbo].[CauTraLoi] ([MaCauTraLoi], [MaCauHoi], [NoiDung], [ThuTu], [LaDapAn], [HoanVi]) VALUES
  ('3b0bb888-b76f-44c4-a1e1-534ea98e2bad', '207fef0d-43e3-4a70-8611-1da922221952', N'Lựa chọn A: Cũng trong là thì khiến như dưới từ vậy này.', 1, 0, 0),
  ('9eb151f4-c548-4038-8768-de5ab089a21e', '207fef0d-43e3-4a70-8611-1da922221952', N'Lựa chọn B: Vì đến dưới khi thì rất.', 2, 1, 0),
  ('e4dff41f-8557-4cdb-814a-a4ada739aad2', '207fef0d-43e3-4a70-8611-1da922221952', N'Lựa chọn C: Vài đi như khi vì nào điều đã.', 3, 0, 0),
  ('4f67f976-479a-43cf-be01-35500f21aca7', '207fef0d-43e3-4a70-8611-1da922221952', N'Lựa chọn D: Như và người từng của khiến tại sau.', 4, 0, 0),
  ('09acf2ec-10fb-46cb-98c8-bbe0bec6446e', 'cd460b3f-efc7-4f68-a9c6-527edf6cf283', N'Lựa chọn A: Như của vài hoặc rất gần.', 1, 0, 1),
  ('b633750f-ec90-4515-865e-d29338d0e2cf', 'cd460b3f-efc7-4f68-a9c6-527edf6cf283', N'Lựa chọn B: Với có mà và để thay thay.', 2, 1, 1),
  ('241eba21-a7d7-40ea-8cb2-6ef98ae99f4b', 'cd460b3f-efc7-4f68-a9c6-527edf6cf283', N'Lựa chọn C: Giữa chưa bên điều đi của.', 3, 0, 1),
  ('988a2201-407b-4ac9-8cce-cda96b03ba2a', 'cd460b3f-efc7-4f68-a9c6-527edf6cf283', N'Lựa chọn D: Giống khiến và vài nhưng.', 4, 0, 1),
  ('b7a91081-0a3c-4a3a-bb04-e15fc56da87c', '450c88b3-86d6-4e13-a0e9-41df4d1e3e42', N'Lựa chọn A: Cách giữa đi trong thế của hơn một thì tôi tại.', 1, 0, 1),
  ('a684b705-bdc9-458d-853a-73a1d4306824', '450c88b3-86d6-4e13-a0e9-41df4d1e3e42', N'Lựa chọn B: Sẽ vẫn giống của cái điều dưới rất.', 2, 0, 1),
  ('a6da5b61-0360-41a1-bc3d-6c31dab91bc4', '450c88b3-86d6-4e13-a0e9-41df4d1e3e42', N'Lựa chọn C: Với từ với cũng hơn chưa các thế mỗi nhiều.', 3, 0, 1),
  ('58ca5068-00a2-4a6c-9a5f-6c9113cc151f', '450c88b3-86d6-4e13-a0e9-41df4d1e3e42', N'Lựa chọn D: Vì với cách để như.', 4, 1, 1),
  ('7d30bb51-778a-4da4-9bc7-adf9c47a0787', 'c44f0d86-0ae1-4a4c-a632-be723573f521', N'Lựa chọn A: Thế như mỗi về vài với.', 1, 0, 1),
  ('1f09d959-eb80-450d-835a-f74d5e93827b', 'c44f0d86-0ae1-4a4c-a632-be723573f521', N'Lựa chọn B: Cũng hơn khiến nhiều nhiều tôi.', 2, 0, 1),
  ('a55f103e-45f8-4f69-a9b0-aee9776e5bdf', 'c44f0d86-0ae1-4a4c-a632-be723573f521', N'Lựa chọn C: Thế như bạn không để để chưa là.', 3, 0, 1),
  ('c65d4c36-f708-4ebf-a1c6-8104408b3d1f', 'c44f0d86-0ae1-4a4c-a632-be723573f521', N'Lựa chọn D: Như để trong có như về chưa.', 4, 1, 1),
  ('dfc3ccdb-6bfb-429b-a9fb-a7fbf40dd492', '1bbd28a7-8565-4d34-a550-69b0e0d0c945', N'Lựa chọn A: Bạn bạn từ như nào để như.', 1, 0, 0),
  ('72022d81-e9c4-4208-b9b0-204a9b326e44', '1bbd28a7-8565-4d34-a550-69b0e0d0c945', N'Lựa chọn B: Tôi thay chưa chưa có.', 2, 0, 0),
  ('bb310dbe-4855-454c-9ca6-a25cb0cc4505', '1bbd28a7-8565-4d34-a550-69b0e0d0c945', N'Lựa chọn C: Với này trong và không như thì như.', 3, 1, 0),
  ('54fdfbe9-344d-43f7-b7bd-7e637b399459', '1bbd28a7-8565-4d34-a550-69b0e0d0c945', N'Lựa chọn D: Thế vậy không của cái số đã giữa đúng.', 4, 0, 0),
  ('87942f3c-3dce-4b36-9942-faec22aaf067', '38c60a41-94d9-4073-8504-01c7cceeb82f', N'Lựa chọn A: Vậy từ từ với như.', 1, 1, 1),
  ('4b46e4f7-9334-4e0c-b629-200fbbf11b33', '38c60a41-94d9-4073-8504-01c7cceeb82f', N'Lựa chọn B: Dưới như chỉ và với vẫn hơn nếu.', 2, 0, 1),
  ('9f280157-950f-4141-bd99-f17e74489513', '38c60a41-94d9-4073-8504-01c7cceeb82f', N'Lựa chọn C: Với dưới điều tự chưa sau.', 3, 0, 1),
  ('320d6cfc-f572-4659-8490-b56cfdcb14d2', '38c60a41-94d9-4073-8504-01c7cceeb82f', N'Lựa chọn D: Vậy rất về tự cái lớn cũng với.', 4, 0, 1),
  ('1734d20f-f35d-4c54-87d0-96c5957f8dbb', '3aa9e22f-2a0c-4177-990b-7571f4843441', N'Lựa chọn A: Từ đó của tại rất giống chưa.', 1, 1, 1),
  ('eabef32a-9bc7-4a9c-aaa9-c0de4d6dbf53', '3aa9e22f-2a0c-4177-990b-7571f4843441', N'Lựa chọn B: Từ theo của nơi.', 2, 0, 1),
  ('53822506-c04c-4437-8186-6665e8f260e8', '3aa9e22f-2a0c-4177-990b-7571f4843441', N'Lựa chọn C: Tại các như như.', 3, 0, 1),
  ('f434463e-da24-4293-ad4f-a7f57868209c', '3aa9e22f-2a0c-4177-990b-7571f4843441', N'Lựa chọn D: Trong với đã các thay khiến tại không của cũng.', 4, 0, 1),
  ('50bb4059-cd23-4b6e-9145-7ac3e661e6bc', '5a251da4-3670-494c-afb9-e7149efc5c79', N'Lựa chọn A: Bên như bên thì đi hoặc đã cũng giữa.', 1, 0, 0),
  ('3944e351-cc44-4eac-85ec-6c241610a37f', '5a251da4-3670-494c-afb9-e7149efc5c79', N'Lựa chọn B: Chỉ bên theo nào đã nếu để từ gần.', 2, 0, 0),
  ('c1797b8a-64ea-4813-b174-3cee41d8f1ad', '5a251da4-3670-494c-afb9-e7149efc5c79', N'Lựa chọn C: Của điều có đang để trong cũng nhưng.', 3, 1, 0),
  ('36e43047-905a-4e61-a69e-d02ad2a40d40', '5a251da4-3670-494c-afb9-e7149efc5c79', N'Lựa chọn D: Hơn để bạn để có.', 4, 0, 0),
  ('b73e5749-bd3d-45f2-b8dd-445a74221a11', 'a994ef1c-22c0-41cb-a746-fc15bddb1351', N'Lựa chọn A: Nơi cái rất cũng cũng.', 1, 0, 1),
  ('2a3d4c70-bc93-41cf-94e5-115fb713a320', 'a994ef1c-22c0-41cb-a746-fc15bddb1351', N'Lựa chọn B: Tự không và này số theo chưa cho tôi số.', 2, 0, 1),
  ('84dae691-c2df-4074-8a76-e87ee4d1b11b', 'a994ef1c-22c0-41cb-a746-fc15bddb1351', N'Lựa chọn C: Tại cũng thế cũng từ nhưng.', 3, 0, 1),
  ('a3e5e0a8-9df1-4382-8d7f-ec8f77907e5f', 'a994ef1c-22c0-41cb-a746-fc15bddb1351', N'Lựa chọn D: Đúng để này tôi bạn để làm sẽ về.', 4, 1, 1),
  ('a0e61086-df14-48b7-9c9f-62d9a87cd46e', 'a8f6486b-4f88-431b-bf3e-30b65d108221', N'Lựa chọn A: Để không chưa thì có nào để tự đúng theo.', 1, 0, 1),
  ('8f2f6c82-c705-4fa5-b4a4-4f91a965ecf7', 'a8f6486b-4f88-431b-bf3e-30b65d108221', N'Lựa chọn B: Của không bạn chưa vẫn.', 2, 0, 1),
  ('d6b5ad86-9698-4ab7-aec7-b7bd99ee875d', 'a8f6486b-4f88-431b-bf3e-30b65d108221', N'Lựa chọn C: Đang đã nơi và như để.', 3, 1, 1),
  ('05d84610-4229-4369-a560-3d9dcdf7f292', 'a8f6486b-4f88-431b-bf3e-30b65d108221', N'Lựa chọn D: Với tự như chỉ tại có thế có về.', 4, 0, 1),
  ('6c82344f-4c81-4e32-8b4e-09dbf4e5eed9', '57cebe28-972a-42f1-b076-74b9e8d3ed17', N'Lựa chọn A: Tại hoặc hoặc số nào chưa lớn để.', 1, 1, 1),
  ('4a35c624-d8fc-40c1-aef6-09f50c04b5e1', '57cebe28-972a-42f1-b076-74b9e8d3ed17', N'Lựa chọn B: Thay nhưng mà của bên để để như mỗi.', 2, 0, 1),
  ('4b3288e1-7c2e-4a13-a1c6-9ac6db946a4d', '57cebe28-972a-42f1-b076-74b9e8d3ed17', N'Lựa chọn C: Cho người để cái chưa để sẽ để.', 3, 0, 1),
  ('05b72028-af6b-4afc-a386-ce801343fa01', '57cebe28-972a-42f1-b076-74b9e8d3ed17', N'Lựa chọn D: Nhiều chỉ bên tại vì.', 4, 0, 1),
  ('6fbd6090-d069-4c69-b920-5e1541ffb26d', '61540b91-1297-42c6-82a9-98808109f6a1', N'Lựa chọn A: Đi với theo vậy mỗi.', 1, 0, 0),
  ('ebe35e81-a8b8-48a7-a6d2-4d3b9d16abdd', '61540b91-1297-42c6-82a9-98808109f6a1', N'Lựa chọn B: Như thế nơi vì theo làm.', 2, 0, 0),
  ('d6610003-270d-4af3-80db-7bc43391a488', '61540b91-1297-42c6-82a9-98808109f6a1', N'Lựa chọn C: Lớn nào với vì vậy đi tôi.', 3, 1, 0),
  ('b395108a-68cc-444e-a64c-7f7c04344095', '61540b91-1297-42c6-82a9-98808109f6a1', N'Lựa chọn D: Của có vẫn về từng.', 4, 0, 0),
  ('07f89e72-7747-41ec-bc31-52bd0b8cbbff', '0290bc4f-c663-4c63-8eb3-c16194e08cb2', N'Lựa chọn A: Nhiều đó hơn gần.', 1, 1, 1),
  ('fdd774e1-63bb-4961-8c07-bc5fad078202', '0290bc4f-c663-4c63-8eb3-c16194e08cb2', N'Lựa chọn B: Từ đến của nhiều giữa đúng của thế mà tại để.', 2, 0, 1),
  ('d2cf4e1f-5e48-4278-a03b-2b4a70beff93', '0290bc4f-c663-4c63-8eb3-c16194e08cb2', N'Lựa chọn C: Đang vài trong tôi số.', 3, 0, 1),
  ('f5d29e8a-1ae0-40ed-a88b-341565c9be71', '0290bc4f-c663-4c63-8eb3-c16194e08cb2', N'Lựa chọn D: Tại cái đã sẽ gần.', 4, 0, 1),
  ('d8acaf46-0d1a-4ace-b1cc-42c22e93b126', '658c68fc-cee4-47f9-a026-d2434d14d057', N'Lựa chọn A: Thay sẽ từng vậy vì nếu để giống để.', 1, 0, 0),
  ('48d935bf-a9e7-4560-9943-cdf78bd1720d', '658c68fc-cee4-47f9-a026-d2434d14d057', N'Lựa chọn B: Thay cái với nơi dưới là cho cũng.', 2, 1, 0),
  ('1a189756-9af1-427c-9424-128efb35d316', '658c68fc-cee4-47f9-a026-d2434d14d057', N'Lựa chọn C: Giống tại có đó đang này vì.', 3, 0, 0),
  ('dfa0043d-d48a-4936-8246-8f8cf6d9c6e7', '658c68fc-cee4-47f9-a026-d2434d14d057', N'Lựa chọn D: Có nếu bạn là sẽ nơi có đi.', 4, 0, 0),
  ('25c124e5-3c64-4281-a9a2-b8b1a38abf04', 'b8836a33-54d6-4721-9daf-8e7a178a1bc5', N'Lựa chọn A: Lớn nhưng tại người có cho vài vài.', 1, 0, 1),
  ('d3d1676d-6635-4c66-b493-c7aa334cdae3', 'b8836a33-54d6-4721-9daf-8e7a178a1bc5', N'Lựa chọn B: Như của của các của khiến đi này.', 2, 0, 1),
  ('21e1a57f-0232-4e09-ac45-9b811813d51b', 'b8836a33-54d6-4721-9daf-8e7a178a1bc5', N'Lựa chọn C: Điều như lớn thế giữa hoặc với như này sẽ tự.', 3, 0, 1),
  ('a3e61e53-643a-434a-97b9-1315e535bbf9', 'b8836a33-54d6-4721-9daf-8e7a178a1bc5', N'Lựa chọn D: Các cách cũng như của đang đang của như.', 4, 1, 1),
  ('f2f1f4e3-b44f-4331-9493-7ece3813a16a', 'f33595d0-55de-4bd3-964f-23119c3dac2d', N'Lựa chọn A: Về để theo hoặc nơi với trong hoặc đúng.', 1, 0, 0),
  ('92ac941e-dd37-4cf3-971b-6c1dfa243b95', 'f33595d0-55de-4bd3-964f-23119c3dac2d', N'Lựa chọn B: Gần này đúng của có tại để với đi cái.', 2, 0, 0),
  ('f5316b02-5ee4-4ccb-bc7b-4fe3b10f4f4c', 'f33595d0-55de-4bd3-964f-23119c3dac2d', N'Lựa chọn C: Từ nào hơn thế đã thì.', 3, 0, 0),
  ('2f097fc0-0b90-4143-8775-b7853cfde978', 'f33595d0-55de-4bd3-964f-23119c3dac2d', N'Lựa chọn D: Giữa tại sẽ để không cũng từ cách tự sau.', 4, 1, 0),
  ('f2ec5746-7018-4102-89d1-d3a738a74a54', '22ad009a-fab4-43fe-a090-146a16dd4bf1', N'Lựa chọn A: Với là khiến về có nào hơn được nhưng.', 1, 0, 0),
  ('94b46da7-ddf2-4f94-a613-f8caf5753fcd', '22ad009a-fab4-43fe-a090-146a16dd4bf1', N'Lựa chọn B: Mỗi được và từ và.', 2, 0, 0),
  ('4aa318cd-eb45-4ad7-9ae3-068fd0948afc', '22ad009a-fab4-43fe-a090-146a16dd4bf1', N'Lựa chọn C: Sẽ một nhưng khiến vẫn các đi bạn là.', 3, 0, 0),
  ('c27ecbc6-5fee-476c-9c95-fedf67a651e6', '22ad009a-fab4-43fe-a090-146a16dd4bf1', N'Lựa chọn D: Các thì từng số này mà hơn để nào.', 4, 1, 0),
  ('894cab7e-c24c-4576-94c7-202bc8242b92', 'c21062de-81b1-4b7e-a68a-818770fbcd87', N'Lựa chọn A: Để tôi tại một gần với.', 1, 1, 1),
  ('979277d1-1c6f-4e3c-9649-2d502058d44e', 'c21062de-81b1-4b7e-a68a-818770fbcd87', N'Lựa chọn B: Khi nơi nhiều từ với cũng.', 2, 0, 1),
  ('a0158698-db48-491f-bff1-73517e6d37bd', 'c21062de-81b1-4b7e-a68a-818770fbcd87', N'Lựa chọn C: Của như mỗi như hơn này để giống.', 3, 0, 1),
  ('e48d06e5-5f0a-42c9-b667-0862853aaa34', 'c21062de-81b1-4b7e-a68a-818770fbcd87', N'Lựa chọn D: Vì nếu không có thì vì.', 4, 0, 1),
  ('fb04923c-e821-4050-ad00-92beaebf4b55', '25552419-db4f-46fe-abb5-6c36fd2aaf5e', N'Lựa chọn A: Để số đang điều đến.', 1, 1, 1),
  ('6ecbe36a-d27f-4c9c-9b90-787ec9702a10', '25552419-db4f-46fe-abb5-6c36fd2aaf5e', N'Lựa chọn B: Từ đó chưa nơi.', 2, 0, 1),
  ('4752a934-827e-4cb2-a3cf-a6173cd9d332', '25552419-db4f-46fe-abb5-6c36fd2aaf5e', N'Lựa chọn C: Đang cũng gần không với số lớn vậy với để.', 3, 0, 1),
  ('cdb5fb7f-1173-4947-bb8c-816a0938e689', '25552419-db4f-46fe-abb5-6c36fd2aaf5e', N'Lựa chọn D: Để và nhưng cũng như để số dưới.', 4, 0, 1),
  ('531f7671-02ad-48da-8716-200748a79362', '2cc84c5d-a2ce-4a06-88e2-838fcba32c54', N'Lựa chọn A: Thế nhưng bên thay thế khi giữa.', 1, 0, 1),
  ('a9a522e4-679b-458b-b567-6e8eaf6a6164', '2cc84c5d-a2ce-4a06-88e2-838fcba32c54', N'Lựa chọn B: Có từ tự cũng là giống.', 2, 1, 1),
  ('0cb477b4-b7d0-4a55-a1a2-91612bcb6ceb', '2cc84c5d-a2ce-4a06-88e2-838fcba32c54', N'Lựa chọn C: Cũng giống có với như giữa cũng với nào.', 3, 0, 1),
  ('3de057d0-d697-4c21-8973-613ed6dff3e1', '2cc84c5d-a2ce-4a06-88e2-838fcba32c54', N'Lựa chọn D: Rất bạn nơi giống cho có.', 4, 0, 1),
  ('57ea5ed4-8ea2-4019-a501-719cb494da85', 'c7d7b49c-12d0-46eb-beb0-0cc095541f7c', N'Lựa chọn A: Tự cái là hơn lớn.', 1, 0, 0),
  ('c8380a13-011e-40f2-aa49-079e5c807e21', 'c7d7b49c-12d0-46eb-beb0-0cc095541f7c', N'Lựa chọn B: Của rất đi không từng.', 2, 0, 0),
  ('6d9721c5-3996-4c37-8c90-95c6aedc7172', 'c7d7b49c-12d0-46eb-beb0-0cc095541f7c', N'Lựa chọn C: Cái vậy đang khiến để của giữa và.', 3, 1, 0),
  ('90609727-8cd2-46da-accc-9c0297c57d66', 'c7d7b49c-12d0-46eb-beb0-0cc095541f7c', N'Lựa chọn D: Để bạn của để như rất tự từ.', 4, 0, 0),
  ('1c7eff24-9d44-459b-84a7-fa94cd659888', '7b127b3e-e1f0-486e-9ead-de8cb6c9ee52', N'Lựa chọn A: Cái tại sau vì có để nào vậy thì.', 1, 0, 0),
  ('23be8a20-0c92-429f-a922-2b9fb3001266', '7b127b3e-e1f0-486e-9ead-de8cb6c9ee52', N'Lựa chọn B: Với giống thì cái bên cũng.', 2, 0, 0),
  ('ba71bd4e-fcb3-440e-a9dd-0774ca64eaec', '7b127b3e-e1f0-486e-9ead-de8cb6c9ee52', N'Lựa chọn C: Rất tại với này của.', 3, 1, 0),
  ('348f37c1-206f-48d5-9779-e135ca54274c', '7b127b3e-e1f0-486e-9ead-de8cb6c9ee52', N'Lựa chọn D: Như của thế với từ tự.', 4, 0, 0),
  ('1a12596d-c56e-4ae2-8a20-edd5ddcc821f', 'db822492-331d-4892-8080-4d3490129a4c', N'Lựa chọn A: Rất cách vẫn được từ hoặc đã với.', 1, 0, 0),
  ('b87ab95d-2730-4c55-9182-1c31e698dd63', 'db822492-331d-4892-8080-4d3490129a4c', N'Lựa chọn B: Mỗi với nhưng số đã thay vậy.', 2, 0, 0),
  ('da461724-69be-400a-b389-6f7dd5b58efd', 'db822492-331d-4892-8080-4d3490129a4c', N'Lựa chọn C: Tự đến vài hơn mà cái.', 3, 0, 0),
  ('1dd0a918-ff80-4e63-b67d-6df9ba03b3c5', 'db822492-331d-4892-8080-4d3490129a4c', N'Lựa chọn D: Cũng làm bên để vài với nhiều sau nếu.', 4, 1, 0),
  ('6d983c92-e7fb-404f-b783-e388b89bef4d', '55c619e5-1f2d-49be-86f5-82199f52a208', N'Lựa chọn A: Tại đang đúng gần tự thì cho bạn tôi.', 1, 0, 0),
  ('2c7c1d67-c0b5-477b-b945-2b8958dc5225', '55c619e5-1f2d-49be-86f5-82199f52a208', N'Lựa chọn B: Tôi điều bạn đến.', 2, 1, 0),
  ('2eae4237-f6ca-4c98-a890-b58395f77ddb', '55c619e5-1f2d-49be-86f5-82199f52a208', N'Lựa chọn C: Đúng lớn lớn chỉ có.', 3, 0, 0),
  ('86adfb49-b845-4b04-bbe9-75930af2f728', '55c619e5-1f2d-49be-86f5-82199f52a208', N'Lựa chọn D: Cũng nếu chưa mỗi trong không đi điều.', 4, 0, 0),
  ('4883971c-0eea-41ef-bc4c-c4668494b02d', 'c1186ab4-78fb-4e31-a114-31a2c79aa1f9', N'Lựa chọn A: Đang cách như cách về.', 1, 0, 1),
  ('c3c4d96a-0cd5-4817-9ece-55f95beeeeed', 'c1186ab4-78fb-4e31-a114-31a2c79aa1f9', N'Lựa chọn B: Các về được cho có sau thế nào.', 2, 0, 1),
  ('60ca7fa1-a1ee-431d-bee2-4fe1471ef90a', 'c1186ab4-78fb-4e31-a114-31a2c79aa1f9', N'Lựa chọn C: Giữa tại tự mỗi nhưng như như.', 3, 0, 1),
  ('4603a105-71ac-40d2-b898-05a7738c72fb', 'c1186ab4-78fb-4e31-a114-31a2c79aa1f9', N'Lựa chọn D: Như sau để đến và một.', 4, 1, 1),
  ('405d8b5f-549f-4af5-8f29-0567f53530f8', 'c0be49c0-ab38-4057-be96-67570810eacc', N'Lựa chọn A: Điều đã đã chỉ với đã.', 1, 0, 0),
  ('f137dea7-7d05-48c6-8217-31b61bba621c', 'c0be49c0-ab38-4057-be96-67570810eacc', N'Lựa chọn B: Vì khiến như tại về.', 2, 0, 0),
  ('07297856-0923-4566-a20d-69f275048406', 'c0be49c0-ab38-4057-be96-67570810eacc', N'Lựa chọn C: Thế đang với thì thì có chỉ.', 3, 0, 0),
  ('5aba483d-7a4a-40c1-a88c-a39e999e0bdd', 'c0be49c0-ab38-4057-be96-67570810eacc', N'Lựa chọn D: Chỉ vậy thì điều thì sẽ.', 4, 1, 0),
  ('3ccd4708-0744-4510-a5b3-e27b544df6f8', '13bd6dbd-1911-4ff9-8520-c6e93e50d754', N'Lựa chọn A: Bạn của từ như tại của bạn tại.', 1, 1, 1),
  ('289b4002-295f-41ea-8446-4cb7d31f978a', '13bd6dbd-1911-4ff9-8520-c6e93e50d754', N'Lựa chọn B: Tự bạn từ vẫn với.', 2, 0, 1),
  ('c746f15a-bfb6-42e4-94d8-72ae8b7eb927', '13bd6dbd-1911-4ff9-8520-c6e93e50d754', N'Lựa chọn C: Của không dưới vài điều.', 3, 0, 1),
  ('750510d9-c573-4318-8750-a84f1c56dc97', '13bd6dbd-1911-4ff9-8520-c6e93e50d754', N'Lựa chọn D: Từ để chỉ như vài một thế.', 4, 0, 1),
  ('df35a62b-379a-4113-9f65-85946799ba6b', '17c97da0-8662-4fb9-a2e5-b707795a4568', N'Lựa chọn A: Tại thay thay tôi không nếu bên.', 1, 1, 0),
  ('ea1466ad-7432-4da5-b86c-bc396ee97f9a', '17c97da0-8662-4fb9-a2e5-b707795a4568', N'Lựa chọn B: Vậy cái cho để thay.', 2, 0, 0),
  ('6e62a806-6c32-45f3-a7a8-4dc05420b324', '17c97da0-8662-4fb9-a2e5-b707795a4568', N'Lựa chọn C: Cách điều đã mà điều tại hoặc rất.', 3, 0, 0),
  ('43e274a4-5e74-483b-8556-3eec7b8b2fcc', '17c97da0-8662-4fb9-a2e5-b707795a4568', N'Lựa chọn D: Vẫn có như đến cũng từng bạn này.', 4, 0, 0),
  ('0c3e99ab-2774-4165-82fc-9d591d5a3386', '412f01e5-5ae9-4547-ad6f-178ce868b60f', N'Lựa chọn A: Của để đúng trong vài cho để.', 1, 1, 0),
  ('7af1cafb-bd4d-4bd2-972b-954e35090bab', '412f01e5-5ae9-4547-ad6f-178ce868b60f', N'Lựa chọn B: Cũng khi tại để sau bên gần giống.', 2, 0, 0),
  ('851baa2c-84c2-4df3-89e7-3bfb4d12d518', '412f01e5-5ae9-4547-ad6f-178ce868b60f', N'Lựa chọn C: Các có đi có chỉ gần theo thì vì.', 3, 0, 0),
  ('0a536aaa-0e26-496e-a176-1cdebf026a95', '412f01e5-5ae9-4547-ad6f-178ce868b60f', N'Lựa chọn D: Cho như giữa tại thế nhưng.', 4, 0, 0),
  ('16163854-7232-4358-8721-6d7f1c1e402f', 'c7e2587f-11f3-4c75-adaa-f625f3cb0192', N'Lựa chọn A: Giống bên với chỉ không hoặc sau.', 1, 0, 0),
  ('9b83362f-57be-4a4e-913d-941c18f9c308', 'c7e2587f-11f3-4c75-adaa-f625f3cb0192', N'Lựa chọn B: Nếu tại gần vẫn người.', 2, 0, 0),
  ('8c8932fd-9419-4faf-8d52-e3b4b6033e02', 'c7e2587f-11f3-4c75-adaa-f625f3cb0192', N'Lựa chọn C: Cho rất sau giống về tôi.', 3, 0, 0),
  ('b7850021-a5e0-45f2-8319-97b5d72affc2', 'c7e2587f-11f3-4c75-adaa-f625f3cb0192', N'Lựa chọn D: Như có một gần bên này bên nếu tự.', 4, 1, 0),
  ('19c2406e-d369-45c3-bff2-7da94f8074af', 'e100613f-a57b-4231-9332-3596a1b0fc69', N'Lựa chọn A: Gần tôi của cho.', 1, 0, 1),
  ('12d020fa-9b48-45d3-b657-82bd68271de3', 'e100613f-a57b-4231-9332-3596a1b0fc69', N'Lựa chọn B: Nhiều nơi giống làm của theo cho như của.', 2, 0, 1),
  ('7b405176-b690-433a-8c35-7f8b38856b44', 'e100613f-a57b-4231-9332-3596a1b0fc69', N'Lựa chọn C: Vài hơn hơn chỉ đã vẫn của như hơn.', 3, 0, 1),
  ('fe967a3d-cae2-476c-addf-ebfa9c6cc537', 'e100613f-a57b-4231-9332-3596a1b0fc69', N'Lựa chọn D: Cũng cũng thay các.', 4, 1, 1),
  ('cab3476c-b0cf-46a7-b1f5-3296049a0ec0', '35924f46-4a99-4a9a-89d3-eb6784b52bbe', N'Lựa chọn A: Giữa khi thế về nơi.', 1, 0, 1),
  ('7947d5df-e42e-451a-be9f-492780cee66c', '35924f46-4a99-4a9a-89d3-eb6784b52bbe', N'Lựa chọn B: Làm đi tôi nhiều làm.', 2, 0, 1),
  ('2b0dc52d-8ed0-45d5-b752-a393559fbda3', '35924f46-4a99-4a9a-89d3-eb6784b52bbe', N'Lựa chọn C: Đi các hơn hơn có sau có dưới để.', 3, 0, 1),
  ('5729fb9e-050a-4cce-a9e1-28178fef7245', '35924f46-4a99-4a9a-89d3-eb6784b52bbe', N'Lựa chọn D: Sẽ nhiều như tại của để tôi người của.', 4, 1, 1),
  ('4ffd6768-1a7b-499f-a682-a093c1c88654', '4b0c7cd8-a615-41f7-95d4-8c009b3270d5', N'Lựa chọn A: Nào tôi đang khi này để.', 1, 0, 0),
  ('a54c43ec-5db5-47f5-b61c-00cea6a502e5', '4b0c7cd8-a615-41f7-95d4-8c009b3270d5', N'Lựa chọn B: Từng không điều rất đến vẫn từng nhiều.', 2, 1, 0),
  ('7be32899-016a-45c3-804a-e2ffdaf05a37', '4b0c7cd8-a615-41f7-95d4-8c009b3270d5', N'Lựa chọn C: Như vì cách đi đi được như.', 3, 0, 0),
  ('b5ebf1a8-c1a3-4175-8135-3266b770f94e', '4b0c7cd8-a615-41f7-95d4-8c009b3270d5', N'Lựa chọn D: Đi khiến nếu tại giữa nơi hơn là thế sau.', 4, 0, 0),
  ('bdae7616-accb-48e5-8487-cdbe1a91430c', 'e3f985b4-7106-4fe6-85e4-e8180ee1d84c', N'Lựa chọn A: Cũng vì tự gần với.', 1, 0, 0),
  ('5440266f-de46-4625-a717-55a8ba3c6ade', 'e3f985b4-7106-4fe6-85e4-e8180ee1d84c', N'Lựa chọn B: Khiến từ về như vài hoặc các chưa sẽ cách.', 2, 0, 0),
  ('f6844f0b-2f53-440a-bd6e-7c6c6600f465', 'e3f985b4-7106-4fe6-85e4-e8180ee1d84c', N'Lựa chọn C: Điều nơi nếu về từng như.', 3, 1, 0),
  ('e980787e-c535-4807-85ee-7ed1ca404e36', 'e3f985b4-7106-4fe6-85e4-e8180ee1d84c', N'Lựa chọn D: Cũng thay bên nơi cũng.', 4, 0, 0),
  ('c7918f34-2dcf-4e5d-b762-dcb731832867', '09bfd60a-9bdb-445c-bdd3-c1d5f3065bb8', N'Lựa chọn A: Sẽ với nào cũng là và.', 1, 0, 0),
  ('6ed7163d-b878-4de4-824b-7a7f90857c11', '09bfd60a-9bdb-445c-bdd3-c1d5f3065bb8', N'Lựa chọn B: Nếu với tại nhiều bên có.', 2, 0, 0),
  ('dc9652fb-fd1d-4bb7-9ae6-a4b6292c8767', '09bfd60a-9bdb-445c-bdd3-c1d5f3065bb8', N'Lựa chọn C: Vẫn cách chưa bên tại sẽ theo đúng.', 3, 1, 0),
  ('45e3ee17-43ce-42eb-a413-f799257578d3', '09bfd60a-9bdb-445c-bdd3-c1d5f3065bb8', N'Lựa chọn D: Với đến đang là được nếu vậy mà hơn một.', 4, 0, 0),
  ('0b2f1096-cdf9-4748-94be-21b11dead323', '78a9aa17-c2c3-4217-9c4c-79df6f1a13e7', N'Lựa chọn A: Giữa đó tại rất đó thế.', 1, 0, 0),
  ('126ce6a8-1757-45b5-b495-2b2aac6c693a', '78a9aa17-c2c3-4217-9c4c-79df6f1a13e7', N'Lựa chọn B: Đang như với tự sẽ này cái là.', 2, 0, 0),
  ('2659e0eb-6d0d-4d54-ac2d-6409349623e4', '78a9aa17-c2c3-4217-9c4c-79df6f1a13e7', N'Lựa chọn C: Với khiến từ đã này mỗi từ nào đi lớn.', 3, 0, 0),
  ('e754e5a2-c7c6-41f1-82d8-d36fb79dbf74', '78a9aa17-c2c3-4217-9c4c-79df6f1a13e7', N'Lựa chọn D: Làm của về đúng thay đúng lớn trong sẽ.', 4, 1, 0),
  ('fdfea94f-fcc1-4b47-98d9-f17ed759198a', '54cb01d5-eb61-4216-af47-b3b2331e0326', N'Lựa chọn A: Gần dưới theo của của.', 1, 0, 1),
  ('f32fb2cd-625f-4582-9d74-d513216ae7ce', '54cb01d5-eb61-4216-af47-b3b2331e0326', N'Lựa chọn B: Nơi của có của người trong.', 2, 0, 1),
  ('87584385-7581-494a-8fb5-5b536eba9a10', '54cb01d5-eb61-4216-af47-b3b2331e0326', N'Lựa chọn C: Vì cách mỗi nơi là từ của điều về.', 3, 0, 1),
  ('1feab736-4c31-42a0-9b53-7d38fd06d1d0', '54cb01d5-eb61-4216-af47-b3b2331e0326', N'Lựa chọn D: Cách để được thế của hoặc với.', 4, 1, 1),
  ('07231050-9a3d-47e7-82ce-8117c45219ed', '131f59cd-d41b-4051-ba85-efa9252c38c7', N'Lựa chọn A: Giữa bạn cái đúng bên nhưng đang.', 1, 0, 1),
  ('0338f44f-6ee4-42bd-8a81-723b996b686f', '131f59cd-d41b-4051-ba85-efa9252c38c7', N'Lựa chọn B: Các để trong từng nhưng thế với cho.', 2, 0, 1),
  ('ba6779d6-235f-4ac0-b731-5d5b5cbb94cb', '131f59cd-d41b-4051-ba85-efa9252c38c7', N'Lựa chọn C: Cũng gần để không để vài đúng của.', 3, 0, 1),
  ('eee08249-1695-4229-ae67-a852a3c75445', '131f59cd-d41b-4051-ba85-efa9252c38c7', N'Lựa chọn D: Tại về đang có bên mà nào dưới của.', 4, 1, 1),
  ('fe7b0f6a-c806-4f16-8677-33ce06332ab3', 'ffe3f672-faba-4a57-badf-fe2aa20218d3', N'Lựa chọn A: Từ và không thế hơn của có.', 1, 0, 1),
  ('4f8b254e-e29b-4495-b3c2-cf70f261ec1d', 'ffe3f672-faba-4a57-badf-fe2aa20218d3', N'Lựa chọn B: Như với cũng thay giữa từ hoặc.', 2, 0, 1),
  ('8ab7b541-a6b1-4c26-b445-030d1422723d', 'ffe3f672-faba-4a57-badf-fe2aa20218d3', N'Lựa chọn C: Vì theo vì như tại nhưng nhưng mà.', 3, 1, 1),
  ('97230905-75db-4f1e-9b89-2585f4b62e35', 'ffe3f672-faba-4a57-badf-fe2aa20218d3', N'Lựa chọn D: Nhiều làm mỗi khi đúng thì nhưng hơn.', 4, 0, 1),
  ('1647a971-f5b7-4560-b08a-09aa788178d5', 'c402aa5d-557e-441a-8980-0de34438a85c', N'Lựa chọn A: Nếu như thế lớn hơn.', 1, 0, 1),
  ('ce7648c3-4a2c-42a2-a43f-0e081ff1d216', 'c402aa5d-557e-441a-8980-0de34438a85c', N'Lựa chọn B: Hơn như rất có dưới rất được.', 2, 0, 1),
  ('ef64ac9c-a89c-4b80-a843-9c092eee00ff', 'c402aa5d-557e-441a-8980-0de34438a85c', N'Lựa chọn C: Là về tại người bên từ.', 3, 0, 1),
  ('42c5323a-1d82-4d13-8f63-8caa0dcad77a', 'c402aa5d-557e-441a-8980-0de34438a85c', N'Lựa chọn D: Vẫn rất hơn cách người thì đến.', 4, 1, 1),
  ('0e88c090-8508-4c3b-b516-7a9f70d4bf33', '91dfb384-aba4-4c89-9aee-c6e4889b5eab', N'Lựa chọn A: Trong nào cho điều để cũng như không.', 1, 0, 1),
  ('422a792b-2949-4096-a573-1072a301eb5e', '91dfb384-aba4-4c89-9aee-c6e4889b5eab', N'Lựa chọn B: Thì thay nơi theo chỉ bên một các.', 2, 0, 1),
  ('3b8fc34b-49c4-4b37-a923-9f1482d02f01', '91dfb384-aba4-4c89-9aee-c6e4889b5eab', N'Lựa chọn C: Đến bên vì đang giữa trong các theo giống.', 3, 0, 1),
  ('1c346ce6-6881-42cf-9bba-534a977f6fde', '91dfb384-aba4-4c89-9aee-c6e4889b5eab', N'Lựa chọn D: Mà vẫn để trong đã.', 4, 1, 1),
  ('4645538b-ada8-41e8-bc2c-b1a04c87ff64', '0d7ef7df-4b84-47ac-820c-5e58905898db', N'Lựa chọn A: Có dưới từ dưới nào nơi.', 1, 0, 1),
  ('4c0eaa78-849a-449b-b239-caf11b4dfd59', '0d7ef7df-4b84-47ac-820c-5e58905898db', N'Lựa chọn B: Có số nơi chỉ của tại.', 2, 1, 1),
  ('645fdcb6-45e4-4494-808a-6ff84df62002', '0d7ef7df-4b84-47ac-820c-5e58905898db', N'Lựa chọn C: Số với của vì về nếu có vài tôi như.', 3, 0, 1),
  ('727e8eaa-9141-47b5-bf6d-f2cacd9377a7', '0d7ef7df-4b84-47ac-820c-5e58905898db', N'Lựa chọn D: Bạn đó vì nhưng.', 4, 0, 1),
  ('c126ecd7-e41c-4fbe-a354-343c8285f006', '16917215-35e3-402f-bbd9-535aba2293c8', N'Lựa chọn A: Lớn từng vẫn với làm hơn trong từ đi tự từng.', 1, 0, 0),
  ('78e2d733-f0da-4ed3-b379-8b83dda598b7', '16917215-35e3-402f-bbd9-535aba2293c8', N'Lựa chọn B: Với từng được bạn tự dưới.', 2, 0, 0),
  ('d83f8925-3b27-4cb2-a52b-346a3ac5f573', '16917215-35e3-402f-bbd9-535aba2293c8', N'Lựa chọn C: Với cách một từ điều số của.', 3, 1, 0),
  ('fa379e81-5f64-4e7f-8fe6-8fee399b6f3c', '16917215-35e3-402f-bbd9-535aba2293c8', N'Lựa chọn D: Theo thay chỉ dưới nhiều đã giữa.', 4, 0, 0),
  ('4640506b-17bf-4916-bb0e-7cfcd4d8d783', 'b8278a4d-0446-4c81-95d0-a0a0585e5fe8', N'Lựa chọn A: Đang vài với để từng từ người.', 1, 0, 1),
  ('930ebdd7-4ff8-4f3d-86f2-9ff2fd032053', 'b8278a4d-0446-4c81-95d0-a0a0585e5fe8', N'Lựa chọn B: Về cho vậy tại dưới.', 2, 0, 1),
  ('ab59ab5e-1f8c-4011-ab82-58d96c9bc7cc', 'b8278a4d-0446-4c81-95d0-a0a0585e5fe8', N'Lựa chọn C: Trong đúng này như nào giữa.', 3, 0, 1),
  ('b39d7abb-153c-401c-8b69-3886c02aea2a', 'b8278a4d-0446-4c81-95d0-a0a0585e5fe8', N'Lựa chọn D: Không với thay từ.', 4, 1, 1),
  ('0f83c407-2fab-4ad4-a8dd-d5e6d8af8518', 'd77693f6-733d-4390-afdc-303027d7e798', N'Lựa chọn A: Một nào cho đã khiến.', 1, 0, 1),
  ('7af89f70-e11d-4e1f-8099-a9bdcf467e2e', 'd77693f6-733d-4390-afdc-303027d7e798', N'Lựa chọn B: Nếu từ trong đúng của với đi.', 2, 1, 1),
  ('9ee10133-4018-443e-a7a2-8f8cd0639a1b', 'd77693f6-733d-4390-afdc-303027d7e798', N'Lựa chọn C: Khi thì cho tại có.', 3, 0, 1),
  ('4053ddf1-5621-4f60-bde5-49c25bd2fc8c', 'd77693f6-733d-4390-afdc-303027d7e798', N'Lựa chọn D: Các đã với chỉ nào đó rất thế.', 4, 0, 1),
  ('2da720dc-cc5b-4820-a030-f40330bfca94', '34f4be8f-ed92-4fdd-bfac-d414e74ea6af', N'Lựa chọn A: Mỗi từng nếu để tại với người nơi hoặc khiến.', 1, 0, 1),
  ('2207df14-195b-4b4c-9650-21fa8333fb81', '34f4be8f-ed92-4fdd-bfac-d414e74ea6af', N'Lựa chọn B: Hơn nếu chỉ để để theo nơi có.', 2, 0, 1),
  ('71e6330c-9216-4ce8-9c08-406327e90ae9', '34f4be8f-ed92-4fdd-bfac-d414e74ea6af', N'Lựa chọn C: Từng tại cách rất hơn khiến.', 3, 1, 1),
  ('1d0ca0fc-c0e1-49d0-820d-401b560a06e6', '34f4be8f-ed92-4fdd-bfac-d414e74ea6af', N'Lựa chọn D: Và dưới từ từ về đó hoặc số.', 4, 0, 1),
  ('4e1d8d3f-d955-4a1e-b187-28fd5a243d07', '8e6bf619-fd5e-4354-a9ae-3aa700b7c398', N'Lựa chọn A: Giữa khiến mỗi làm dưới mỗi.', 1, 1, 1),
  ('08314c4f-c1a8-43f7-afbe-513e95465f1e', '8e6bf619-fd5e-4354-a9ae-3aa700b7c398', N'Lựa chọn B: Hoặc thay về của không như từ vẫn chưa.', 2, 0, 1),
  ('e591800d-ba33-4530-83af-0a629844da85', '8e6bf619-fd5e-4354-a9ae-3aa700b7c398', N'Lựa chọn C: Khi như theo sẽ sau một sẽ dưới tôi từng.', 3, 0, 1),
  ('e1ac8576-a632-4f63-b123-d4d2fb1b225b', '8e6bf619-fd5e-4354-a9ae-3aa700b7c398', N'Lựa chọn D: Tại điều mỗi giống bên cũng không vẫn với.', 4, 0, 1),
  ('75f08531-a808-45eb-91cf-d73c2ed58558', '6273e864-7ba6-4ca8-be28-47e3117feaab', N'Lựa chọn A: Người và làm thì lớn thì từ.', 1, 1, 1),
  ('9d3a1c52-0571-4091-90a4-a0ef91022708', '6273e864-7ba6-4ca8-be28-47e3117feaab', N'Lựa chọn B: Theo từng nơi nơi cái.', 2, 0, 1),
  ('3eb22616-3bbd-4d16-a859-46d21c36e5dd', '6273e864-7ba6-4ca8-be28-47e3117feaab', N'Lựa chọn C: Đó giống có về mỗi từ.', 3, 0, 1),
  ('094ed0d5-7dcc-44c6-b543-7681c5cf4382', '6273e864-7ba6-4ca8-be28-47e3117feaab', N'Lựa chọn D: Cũng về bên cái từng bạn.', 4, 0, 1),
  ('0571f7a8-3c09-4eb3-b6b2-a13768156995', '85c594b0-cc9d-442a-9cdc-b6a4323e2098', N'Lựa chọn A: Của cách tại thay bên từ cách như tại theo.', 1, 1, 0),
  ('3cc2eff7-bb9a-414c-9074-15f0bee6d21b', '85c594b0-cc9d-442a-9cdc-b6a4323e2098', N'Lựa chọn B: Bên mà nào tại thay.', 2, 0, 0),
  ('24531513-b51f-4e58-bcca-96566c591c83', '85c594b0-cc9d-442a-9cdc-b6a4323e2098', N'Lựa chọn C: Hoặc lớn chỉ thì từ từng.', 3, 0, 0),
  ('6696f4dd-d288-40bd-98f4-89b91bde157f', '85c594b0-cc9d-442a-9cdc-b6a4323e2098', N'Lựa chọn D: Như tại chỉ không để giữa cách.', 4, 0, 0),
  ('f1ebcb4d-42e1-4e75-8df3-78667dcfed22', 'a5a44171-532a-4555-91ae-f481eadce78c', N'Lựa chọn A: Thế trong đi gần nhiều đó vậy cho làm hơn.', 1, 1, 0),
  ('fa43870a-b6a1-4c21-93bf-7924c531daf6', 'a5a44171-532a-4555-91ae-f481eadce78c', N'Lựa chọn B: Đi về cũng nếu làm rất và.', 2, 0, 0),
  ('31fd189d-9dc8-4dc0-aab8-27c4a025ef91', 'a5a44171-532a-4555-91ae-f481eadce78c', N'Lựa chọn C: Trong tại chưa cách đang tôi mỗi từ nhưng.', 3, 0, 0),
  ('6ba0155d-98b9-462f-975f-f6374bc57df8', 'a5a44171-532a-4555-91ae-f481eadce78c', N'Lựa chọn D: Lớn gần các trong hơn bên từ.', 4, 0, 0),
  ('c6a8845d-4b0c-489b-9ea3-893ea2ac7fe8', '24fb9b61-bc69-4d73-b01e-3298ca610bf5', N'Lựa chọn A: Bên tự hơn gần sau để trong nơi giữa.', 1, 1, 0),
  ('2305f90f-4c19-484e-8158-17d262bf0e3b', '24fb9b61-bc69-4d73-b01e-3298ca610bf5', N'Lựa chọn B: Mỗi khiến rất nhưng của có này.', 2, 0, 0),
  ('f060ea23-fb7a-4048-9c74-d32c0d8589b3', '24fb9b61-bc69-4d73-b01e-3298ca610bf5', N'Lựa chọn C: Cho lớn thì tại này vậy như cách như.', 3, 0, 0),
  ('3636f144-832a-4ee8-8b40-165ef392ba17', '24fb9b61-bc69-4d73-b01e-3298ca610bf5', N'Lựa chọn D: Tôi từng như với cũng.', 4, 0, 0),
  ('04126bae-ca91-4351-a2c6-9c6c7fa39716', '58f29eb5-71c4-4d74-9b44-fa8c236686e1', N'Lựa chọn A: Thì như giống bên khi.', 1, 0, 1),
  ('5ca09bf9-f0c1-492b-bf7b-fbce01ec346b', '58f29eb5-71c4-4d74-9b44-fa8c236686e1', N'Lựa chọn B: Nhiều giữa cũng đến của nơi hơn đó đang.', 2, 0, 1),
  ('9a86fe09-848c-4220-85c5-99f26a3aebbe', '58f29eb5-71c4-4d74-9b44-fa8c236686e1', N'Lựa chọn C: Giữa nào để như cũng người.', 3, 1, 1),
  ('733e3ce6-7197-4124-b1af-b119abeeffb0', '58f29eb5-71c4-4d74-9b44-fa8c236686e1', N'Lựa chọn D: Để vậy từng giống với tại từ nhưng.', 4, 0, 1),
  ('20918d7c-0ca7-4e34-a385-29bba85b2a9b', '2ccaeb8f-144a-4d0a-9138-e89c210c5840', N'Lựa chọn A: Nhưng đến đúng như vẫn trong theo như sau.', 1, 1, 0),
  ('a177c248-c388-4312-92bf-8452ef5cf2fc', '2ccaeb8f-144a-4d0a-9138-e89c210c5840', N'Lựa chọn B: Số đúng mà hơn rất cái các không.', 2, 0, 0),
  ('a58b25c3-42df-4b0a-8193-bc276f5c4e75', '2ccaeb8f-144a-4d0a-9138-e89c210c5840', N'Lựa chọn C: Số theo của sẽ chỉ thay thì.', 3, 0, 0),
  ('70cc759b-8ce1-42a1-9dd6-83ae315b9eeb', '2ccaeb8f-144a-4d0a-9138-e89c210c5840', N'Lựa chọn D: Làm đi tự để tự gần nào điều khiến.', 4, 0, 0),
  ('d34f0b94-40f1-4c78-b085-a6f493848118', '6f640eac-60eb-40a9-85b3-66d460f6558b', N'Lựa chọn A: Điều đang người đúng đã.', 1, 0, 0),
  ('4c25e0f4-86e8-4c3e-ad9d-675104b3ecab', '6f640eac-60eb-40a9-85b3-66d460f6558b', N'Lựa chọn B: Giống tại của vài không.', 2, 1, 0),
  ('0ccf3483-c960-4f9a-a944-2f502eda29f8', '6f640eac-60eb-40a9-85b3-66d460f6558b', N'Lựa chọn C: Từng với đi nơi điều vài nào hơn này.', 3, 0, 0),
  ('0a638b28-2c92-4b35-9828-0ff5ca32a6e7', '6f640eac-60eb-40a9-85b3-66d460f6558b', N'Lựa chọn D: Sẽ gần của từng vậy bên này đi.', 4, 0, 0),
  ('9fdea679-4c1b-4284-ab40-0a5eed252e0f', '56a72c0a-b66e-4e8e-8ce4-1e7a94129276', N'Lựa chọn A: Sẽ thì như hoặc về khi đó.', 1, 0, 1),
  ('e944a8a7-04a0-484c-b2d5-bbd833137c08', '56a72c0a-b66e-4e8e-8ce4-1e7a94129276', N'Lựa chọn B: Như rất giữa cái từ để tại.', 2, 0, 1),
  ('ded905a7-fb6b-4e00-921b-6c996e42fde3', '56a72c0a-b66e-4e8e-8ce4-1e7a94129276', N'Lựa chọn C: Như nếu thay cũng trong mỗi dưới như.', 3, 1, 1),
  ('cddf482d-a236-482e-980b-d8c5aeb3a7eb', '56a72c0a-b66e-4e8e-8ce4-1e7a94129276', N'Lựa chọn D: Cái của này tự tại.', 4, 0, 1),
  ('b89c0d13-216c-4707-93c0-a0dfda5ec8ff', '09974980-b189-422c-b44c-19fe68947434', N'Lựa chọn A: Từ nơi của không nhưng có chỉ từ đúng với.', 1, 1, 1),
  ('7cb8622e-4747-46b5-8a51-06f3803938eb', '09974980-b189-422c-b44c-19fe68947434', N'Lựa chọn B: Hơn tại nơi trong cách trong thì cho này bạn cũng.', 2, 0, 1),
  ('ea36c20b-eff1-451f-bf6e-9aee2be8f847', '09974980-b189-422c-b44c-19fe68947434', N'Lựa chọn C: Sẽ để nhiều với mỗi thế đang đó để sau.', 3, 0, 1),
  ('fd577cb8-b111-45ec-ab91-379a2e84a3e6', '09974980-b189-422c-b44c-19fe68947434', N'Lựa chọn D: Một mà dưới nếu như làm với của cách vậy.', 4, 0, 1),
  ('7b299200-7534-4df5-96e3-a39bf8490709', '36b04f60-a397-4027-af91-50da40fb72c0', N'Lựa chọn A: Mà dưới từng cũng hơn.', 1, 0, 1),
  ('cdb6a4f6-be56-48df-942a-104cc7267f35', '36b04f60-a397-4027-af91-50da40fb72c0', N'Lựa chọn B: Có cái cho hơn có sau là khi.', 2, 0, 1),
  ('8a2e0241-898f-4683-8722-45df0ecbd917', '36b04f60-a397-4027-af91-50da40fb72c0', N'Lựa chọn C: Điều chỉ như để trong tự.', 3, 0, 1),
  ('7a09caf5-f35e-401f-9fc0-5f1fa78755dc', '36b04f60-a397-4027-af91-50da40fb72c0', N'Lựa chọn D: Từng hơn để hơn từ.', 4, 1, 1),
  ('343c42c9-1477-480f-a353-b8c7ba6e3f97', 'c47fdbcc-4736-4e5d-8b0f-69bd8a299029', N'Lựa chọn A: Lớn như không không cách không mà một.', 1, 1, 0),
  ('07edb904-1c00-44a8-93d6-a5b7d6cf210b', 'c47fdbcc-4736-4e5d-8b0f-69bd8a299029', N'Lựa chọn B: Nào nơi để bên cái với.', 2, 0, 0),
  ('7cf82f99-0864-4715-9e28-fb347df4b032', 'c47fdbcc-4736-4e5d-8b0f-69bd8a299029', N'Lựa chọn C: Nơi của gần chưa chỉ nhưng mà hơn khi sau mỗi.', 3, 0, 0),
  ('bd11e7bd-ef10-4afe-8a90-4e0b154c9571', 'c47fdbcc-4736-4e5d-8b0f-69bd8a299029', N'Lựa chọn D: Được đó tại không cách cũng sẽ sau tự có.', 4, 0, 0),
  ('5a5019fe-6243-4daa-8fbb-6c712120a8eb', 'e1aeb5d0-d07e-4810-9595-70a5421e510b', N'Lựa chọn A: Đã với của hoặc đã sau từ tôi các.', 1, 0, 1),
  ('91d27a35-bacb-4d9a-b3cd-2366459736fb', 'e1aeb5d0-d07e-4810-9595-70a5421e510b', N'Lựa chọn B: Tôi người cái điều bạn nào như nhưng.', 2, 1, 1),
  ('91f3d361-f8a2-42f8-b503-a30946a9895c', 'e1aeb5d0-d07e-4810-9595-70a5421e510b', N'Lựa chọn C: Điều của người của tại.', 3, 0, 1),
  ('76e61c41-882a-4b49-bcec-5f3ca27221f2', 'e1aeb5d0-d07e-4810-9595-70a5421e510b', N'Lựa chọn D: Bạn rất vài cái không khi có.', 4, 0, 1),
  ('161496e5-99c4-407f-a1da-2a96db21e292', '045cb7fe-f33f-45f1-ae47-74c470f3ecad', N'Lựa chọn A: Mà bạn nhưng đúng số sau số.', 1, 0, 0),
  ('9845219b-a8d5-4ada-a3bb-992177f3eada', '045cb7fe-f33f-45f1-ae47-74c470f3ecad', N'Lựa chọn B: Tại sau tự sau.', 2, 1, 0),
  ('f5b4a3b9-ccb8-412b-b0b6-1d20d9ac975c', '045cb7fe-f33f-45f1-ae47-74c470f3ecad', N'Lựa chọn C: Cách hơn nhiều nhưng như khi đi giống này của.', 3, 0, 0),
  ('49007baf-cf01-4065-b184-0d354c943199', '045cb7fe-f33f-45f1-ae47-74c470f3ecad', N'Lựa chọn D: Của cũng cho gần đó thì như không hơn.', 4, 0, 0),
  ('d4af71ad-5308-42c5-8949-8b1cb8fe2445', '1fc89e3b-f60c-4c74-8e5a-7dfc43783593', N'Lựa chọn A: Một chưa dưới cái thì chưa là.', 1, 1, 0),
  ('e782756f-6acb-4aad-9767-64ed852991a8', '1fc89e3b-f60c-4c74-8e5a-7dfc43783593', N'Lựa chọn B: Mà cách trong từng tại lớn không như và các.', 2, 0, 0),
  ('96075fa9-e93e-4c8b-a398-8ee7f6e39bad', '1fc89e3b-f60c-4c74-8e5a-7dfc43783593', N'Lựa chọn C: Điều các của vài sau của để là dưới từ.', 3, 0, 0),
  ('8d32cd27-a669-41be-8ae4-7ca3136e1c98', '1fc89e3b-f60c-4c74-8e5a-7dfc43783593', N'Lựa chọn D: Cũng theo theo bạn sẽ điều theo.', 4, 0, 0),
  ('f129ff21-de48-43f9-beb0-6d29217bffc9', '2ce368a5-0287-4cc2-8056-21cc22999e7c', N'Lựa chọn A: Thay đi điều hơn sau.', 1, 0, 1),
  ('52e0ab19-6f9d-4147-a014-b488b16f6ba2', '2ce368a5-0287-4cc2-8056-21cc22999e7c', N'Lựa chọn B: Của như theo đúng người với.', 2, 0, 1),
  ('2b3098f5-cfb7-4add-a4de-965b6ae9ec4c', '2ce368a5-0287-4cc2-8056-21cc22999e7c', N'Lựa chọn C: Thay trong giữa mỗi thế nếu.', 3, 1, 1),
  ('f91a3083-3d71-4b14-bdfd-d73eb5fbe54a', '2ce368a5-0287-4cc2-8056-21cc22999e7c', N'Lựa chọn D: Nhiều nếu khi đi chưa vậy theo một lớn thì.', 4, 0, 1),
  ('47463732-6b9f-4f5f-ae3f-816dffe0ea57', '7812af18-eb1e-4505-8b23-b60780d2f3b7', N'Lựa chọn A: Tôi lớn vì là đang của cách.', 1, 0, 0),
  ('1cbb2ec1-5c91-4ec8-8b5c-ba442432c1d2', '7812af18-eb1e-4505-8b23-b60780d2f3b7', N'Lựa chọn B: Để vẫn tự từ dưới.', 2, 0, 0),
  ('68f59717-0ccc-44db-8075-13901c120243', '7812af18-eb1e-4505-8b23-b60780d2f3b7', N'Lựa chọn C: Vẫn cách mà để.', 3, 1, 0),
  ('521edf20-04ea-4742-a4f4-bc8afc5fb3c7', '7812af18-eb1e-4505-8b23-b60780d2f3b7', N'Lựa chọn D: Với mà giữa nếu chỉ thay.', 4, 0, 0),
  ('ff40787b-2944-4a50-835f-4bc1c86cefe3', '09d18a31-7da7-4b8a-940a-79c60a416571', N'Lựa chọn A: Một khiến thì với như đi nhiều.', 1, 0, 0),
  ('aacf997d-da19-4564-963a-4812f951ab98', '09d18a31-7da7-4b8a-940a-79c60a416571', N'Lựa chọn B: Các để làm như tại cho mà của tôi đã.', 2, 0, 0),
  ('795175ca-1a90-4e08-b844-cf6032bbd1f6', '09d18a31-7da7-4b8a-940a-79c60a416571', N'Lựa chọn C: Từ về vài vì không với như.', 3, 1, 0),
  ('278ff783-7c6a-4fa6-9cff-f7ae9ad19be8', '09d18a31-7da7-4b8a-940a-79c60a416571', N'Lựa chọn D: Về khi mà cách từ với cái.', 4, 0, 0),
  ('af678022-8fca-4a23-8396-14765b970e9a', '05d60844-c546-4689-91f3-98bdcc0e4373', N'Lựa chọn A: Số rất với của trong đó giống.', 1, 0, 0),
  ('bb6b8462-1716-41e6-b53b-7dadd0eafeda', '05d60844-c546-4689-91f3-98bdcc0e4373', N'Lựa chọn B: Sau nơi với nhưng từ vậy như sau chỉ nhưng của.', 2, 0, 0),
  ('fceed143-a17e-4fe3-bcb8-62b8d56479a8', '05d60844-c546-4689-91f3-98bdcc0e4373', N'Lựa chọn C: Và hơn được của gần thế trong chỉ của hoặc.', 3, 0, 0),
  ('cfed93bf-c887-495b-94e5-05dc25f7746c', '05d60844-c546-4689-91f3-98bdcc0e4373', N'Lựa chọn D: Để người như các nhưng có cho đi.', 4, 1, 0),
  ('73efb57a-70c4-4cb6-9f13-aee1244379d9', '1af0d93f-b729-469b-9751-c1dfcd512b0c', N'Lựa chọn A: Đó hoặc trong hơn được cũng hơn.', 1, 0, 1),
  ('13558563-62a5-4121-9fa6-1d3b0eb4507c', '1af0d93f-b729-469b-9751-c1dfcd512b0c', N'Lựa chọn B: Cho thế cho mà.', 2, 1, 1),
  ('a06a21f1-da00-435b-8753-707576e43501', '1af0d93f-b729-469b-9751-c1dfcd512b0c', N'Lựa chọn C: Có đó đã như vẫn.', 3, 0, 1),
  ('62cabd17-8e4a-40ce-aaf6-10c7e434f43b', '1af0d93f-b729-469b-9751-c1dfcd512b0c', N'Lựa chọn D: Vậy và chưa hơn giống để để cũng với.', 4, 0, 1),
  ('7b78193c-4be1-46d5-a4b1-5cb3bdf6448c', 'c144cac1-939a-4fe2-bd9f-7e19736526da', N'Lựa chọn A: Giống chưa lớn từ đang có cho.', 1, 0, 1),
  ('408ab656-a391-4beb-bffd-3c8c2a31fc1a', 'c144cac1-939a-4fe2-bd9f-7e19736526da', N'Lựa chọn B: Nếu trong nhưng tự nhưng giống.', 2, 0, 1),
  ('62c7deab-7d73-490b-a911-d1acbc3c2548', 'c144cac1-939a-4fe2-bd9f-7e19736526da', N'Lựa chọn C: Vài là cách được để đến hơn từ.', 3, 0, 1),
  ('6681e4f4-0d6a-4d4e-b534-5b1ba6032c69', 'c144cac1-939a-4fe2-bd9f-7e19736526da', N'Lựa chọn D: Dưới đó là nhưng bạn số đã.', 4, 1, 1),
  ('1295b1b7-23a1-40bc-a435-4a1fc06f5e4f', 'f646f042-2371-46aa-90c0-c06565e6c213', N'Lựa chọn A: Thì hoặc mỗi như rất của tự.', 1, 1, 0),
  ('1158725a-ea2a-4f85-b537-ec51327523d5', 'f646f042-2371-46aa-90c0-c06565e6c213', N'Lựa chọn B: Nơi để vẫn làm trong từ từ về làm từ.', 2, 0, 0),
  ('725ecd7c-9e82-455e-a793-52d5d0ca3e70', 'f646f042-2371-46aa-90c0-c06565e6c213', N'Lựa chọn C: Thế hơn chỉ thay nơi dưới như nào có như.', 3, 0, 0),
  ('f780290e-3c20-4133-939d-2af472719f0f', 'f646f042-2371-46aa-90c0-c06565e6c213', N'Lựa chọn D: Như mỗi vài từ đến nhưng.', 4, 0, 0),
  ('2389e64d-f23b-4e41-b278-49b353d9d2eb', '76d46d8e-db7f-42c2-8b1a-e992219380e4', N'Lựa chọn A: Vẫn từ số sau các cũng.', 1, 0, 0),
  ('54f9d9d1-9d3b-4dea-b83c-002c4c3ea928', '76d46d8e-db7f-42c2-8b1a-e992219380e4', N'Lựa chọn B: Vài giữa tại giữa người đang dưới.', 2, 0, 0),
  ('d5140cce-a1c0-440e-8bc2-54f06cf088d9', '76d46d8e-db7f-42c2-8b1a-e992219380e4', N'Lựa chọn C: Của như một số nhưng nào.', 3, 0, 0),
  ('12519851-fc14-4bce-8a70-3a27bd6ee210', '76d46d8e-db7f-42c2-8b1a-e992219380e4', N'Lựa chọn D: Như sau chỉ chỉ nơi làm đúng một.', 4, 1, 0),
  ('dc6a4b0d-454b-4e2b-8ea2-be9cdeefc47c', '75f8a9c6-2ccd-4a59-938a-a6d3f1702bb9', N'Lựa chọn A: Rất rất cách tại khi điều nhiều giữa.', 1, 0, 1),
  ('d5b1874a-5179-4196-89f8-c7dbcd404ae8', '75f8a9c6-2ccd-4a59-938a-a6d3f1702bb9', N'Lựa chọn B: Như bên cách của từ hơn.', 2, 0, 1),
  ('be94c83f-689d-4aaa-b7be-5674ec44144f', '75f8a9c6-2ccd-4a59-938a-a6d3f1702bb9', N'Lựa chọn C: Đến như đúng của lớn rất nhưng thì.', 3, 1, 1),
  ('26ff8e46-8163-49a1-88c1-b009c3edc503', '75f8a9c6-2ccd-4a59-938a-a6d3f1702bb9', N'Lựa chọn D: Của và tại này.', 4, 0, 1),
  ('bb27ced4-9d6b-43b3-bd3d-43feb2d3786c', '4bd22627-a1b4-490f-b049-357001889394', N'Lựa chọn A: Cái như như đi hơn.', 1, 0, 1),
  ('59d4695c-b78b-4a29-9775-025bbe053f34', '4bd22627-a1b4-490f-b049-357001889394', N'Lựa chọn B: Có nơi đúng nhưng đến điều chỉ chỉ không.', 2, 1, 1),
  ('106ca996-35d9-442b-9a96-686bdcf51d68', '4bd22627-a1b4-490f-b049-357001889394', N'Lựa chọn C: Rất được vài nếu hoặc vài.', 3, 0, 1),
  ('f3f44c9f-a58f-4bd5-9f1f-d81f77d36f8e', '4bd22627-a1b4-490f-b049-357001889394', N'Lựa chọn D: Như khi được cách không tại như hoặc như để.', 4, 0, 1),
  ('2bc897f0-d455-49bc-a0e3-d4cc23f2e0bc', 'b85d3c3d-fc55-4ebd-b491-17b26c4fe943', N'Lựa chọn A: Chưa tại để gần tại.', 1, 1, 1),
  ('d769325d-f502-49d5-995b-7b28863f0ba5', 'b85d3c3d-fc55-4ebd-b491-17b26c4fe943', N'Lựa chọn B: Nhưng giống giống với từng về người trong.', 2, 0, 1),
  ('d6d28715-500d-41b6-afdf-4e1260e825de', 'b85d3c3d-fc55-4ebd-b491-17b26c4fe943', N'Lựa chọn C: Làm tại này các tự.', 3, 0, 1),
  ('5ce6a7b2-74b5-4de9-ba68-321245929473', 'b85d3c3d-fc55-4ebd-b491-17b26c4fe943', N'Lựa chọn D: Mà vẫn hơn như chưa đã.', 4, 0, 1),
  ('c3f23e72-49b8-4b8d-89c8-0ebed13888d4', '69c6e484-dedb-4938-b230-e16aeaaef062', N'Lựa chọn A: Như đó trong nếu tại.', 1, 0, 1),
  ('635bf917-fc41-4dae-af08-ffe89127c33c', '69c6e484-dedb-4938-b230-e16aeaaef062', N'Lựa chọn B: Về thì đang để tại vẫn để khi với.', 2, 0, 1),
  ('4eb6b066-012b-4478-a7b4-528d79c813b7', '69c6e484-dedb-4938-b230-e16aeaaef062', N'Lựa chọn C: Từng về đến thì lớn các để từng một.', 3, 1, 1),
  ('b0f5ad56-689a-4aba-b14a-606d7d11a24e', '69c6e484-dedb-4938-b230-e16aeaaef062', N'Lựa chọn D: Có chỉ để để để.', 4, 0, 1),
  ('4e9b4da1-b591-40fc-8ad1-dad0df0edb3c', 'f8f47ffa-1c06-418d-9435-404f6214bc90', N'Lựa chọn A: Hơn để mà cái trong không.', 1, 1, 1),
  ('f61cef98-6f7a-4f64-b7a1-80cdf3ad4211', 'f8f47ffa-1c06-418d-9435-404f6214bc90', N'Lựa chọn B: Khiến nhiều một vậy tại bạn vì.', 2, 0, 1),
  ('b4367141-849c-4bf2-b596-b8fa022cf58b', 'f8f47ffa-1c06-418d-9435-404f6214bc90', N'Lựa chọn C: Đúng số lớn từ đúng theo.', 3, 0, 1),
  ('4a943638-ebb6-4407-a17b-f864ad8baac3', 'f8f47ffa-1c06-418d-9435-404f6214bc90', N'Lựa chọn D: Có như bạn cái mỗi.', 4, 0, 1),
  ('c14d1010-1794-4a4b-91d2-62a8dd4f9813', 'eaae908e-b250-46d8-9ca8-558ea622705d', N'Lựa chọn A: Từ tại vài không nào để.', 1, 0, 1),
  ('45e02158-c459-4be7-9945-588b3e058ce8', 'eaae908e-b250-46d8-9ca8-558ea622705d', N'Lựa chọn B: Hơn nhiều đó vì cũng vậy nhưng mà chỉ.', 2, 0, 1),
  ('d95a6e88-c803-4cf8-bc88-1badc371764b', 'eaae908e-b250-46d8-9ca8-558ea622705d', N'Lựa chọn C: Từng như chưa cách được với thì cho hoặc từ.', 3, 0, 1),
  ('8e311bca-5add-4c14-91ce-2593886e6ca9', 'eaae908e-b250-46d8-9ca8-558ea622705d', N'Lựa chọn D: Cho có thế vẫn người như.', 4, 1, 1),
  ('1b4141f4-c3af-4b71-a6c0-7ce58a6c11d6', '080b0bb5-0acb-42f0-bb9f-045d31085a0d', N'Lựa chọn A: Từng giống một có cách bên làm nếu.', 1, 0, 0),
  ('4da81c38-3678-4b11-9431-39dcabcbc0b1', '080b0bb5-0acb-42f0-bb9f-045d31085a0d', N'Lựa chọn B: Cho khi hơn hoặc và.', 2, 0, 0),
  ('b1f1a66f-b908-499a-8079-b3533b72f4d4', '080b0bb5-0acb-42f0-bb9f-045d31085a0d', N'Lựa chọn C: Vì tôi của thế như số của từng thì để.', 3, 1, 0),
  ('886a6a7c-1313-49f7-83a5-bb9edcd4ddd7', '080b0bb5-0acb-42f0-bb9f-045d31085a0d', N'Lựa chọn D: Rất cách làm cũng giống vì trong như dưới.', 4, 0, 0),
  ('dba1228c-4ec4-436a-9fa9-ff37b54434f0', 'e465931a-57e5-4dc4-9aca-e7d4822c0577', N'Lựa chọn A: Như rất hơn đang.', 1, 0, 0),
  ('cafc318e-5c12-4dec-98bb-5457b76a4ac7', 'e465931a-57e5-4dc4-9aca-e7d4822c0577', N'Lựa chọn B: Với nhiều để giữa nhiều.', 2, 1, 0),
  ('c9170fa6-06a7-4b97-8c7b-a11cb80d03e0', 'e465931a-57e5-4dc4-9aca-e7d4822c0577', N'Lựa chọn C: Nhưng từ người đến bạn có về tại có.', 3, 0, 0),
  ('8dd799df-4e3a-457f-95b7-1e0e3836c853', 'e465931a-57e5-4dc4-9aca-e7d4822c0577', N'Lựa chọn D: Từng từ đã tại đi.', 4, 0, 0),
  ('5cabd94d-c4c7-4220-9062-a3f4dd2bc6b9', '7dc1f5a8-bfc0-4920-a5ed-65e0a5e3d091', N'Lựa chọn A: Số được và đến lớn người đi chỉ mà có.', 1, 0, 0),
  ('ad3aa5fd-c530-4953-a6cf-3380a206d8b3', '7dc1f5a8-bfc0-4920-a5ed-65e0a5e3d091', N'Lựa chọn B: Có từ không chỉ là tại tôi vài.', 2, 0, 0),
  ('ed79ba4d-d64d-4993-92cd-1516b5ae3bc8', '7dc1f5a8-bfc0-4920-a5ed-65e0a5e3d091', N'Lựa chọn C: Đã vài hơn rất tự nào sau.', 3, 1, 0),
  ('6697d425-4427-41a4-acb8-efbf9e80ab12', '7dc1f5a8-bfc0-4920-a5ed-65e0a5e3d091', N'Lựa chọn D: Người người dưới cho tại hơn này thế đúng như người.', 4, 0, 0),
  ('2409bbfa-6937-4435-9e5f-f096e5418762', 'fb21ca88-76eb-498d-9205-a306a4e1c4bd', N'Lựa chọn A: Các nào này một với.', 1, 0, 1),
  ('f473d4ba-0a98-409c-b536-66f905e66b59', 'fb21ca88-76eb-498d-9205-a306a4e1c4bd', N'Lựa chọn B: Như đúng thay đó gần như để cũng.', 2, 0, 1),
  ('49700c3d-bfb2-4734-8120-6b599b1969a7', 'fb21ca88-76eb-498d-9205-a306a4e1c4bd', N'Lựa chọn C: Vì của hơn tôi tự hoặc vậy cũng như giống.', 3, 1, 1),
  ('74890943-10f5-416c-a0b9-1bd5575f057e', 'fb21ca88-76eb-498d-9205-a306a4e1c4bd', N'Lựa chọn D: Với như có cũng gần tự vậy.', 4, 0, 1),
  ('36b77bdc-6a03-4a17-b0fb-f54e0f399462', 'd6ded1a7-4713-4571-b276-4d18bab75824', N'Lựa chọn A: Số giữa giữa được của tự bên vài cách mà.', 1, 0, 0),
  ('1739d03a-f936-462d-8393-0855de0814eb', 'd6ded1a7-4713-4571-b276-4d18bab75824', N'Lựa chọn B: Đi như đến tại thay giống bạn cách.', 2, 1, 0),
  ('8aca1014-2ff0-4c21-a1a1-9a1ab46ee364', 'd6ded1a7-4713-4571-b276-4d18bab75824', N'Lựa chọn C: Thay hơn thế thay khi nếu dưới số đó.', 3, 0, 0),
  ('d8a78546-ec4f-46e2-8bf4-f1683590f048', 'd6ded1a7-4713-4571-b276-4d18bab75824', N'Lựa chọn D: Vẫn vì người cũng tôi.', 4, 0, 0),
  ('50dd8508-899b-48db-9a8f-3535b2a8dbed', '3a366bce-0905-43cc-b542-a973be15f26d', N'Lựa chọn A: Nhiều điều bên về vì là của giữa cũng.', 1, 0, 1),
  ('63f9dfda-eaf8-479b-aebf-9cc14b6b7600', '3a366bce-0905-43cc-b542-a973be15f26d', N'Lựa chọn B: Với điều một đang giữa có đang đã hơn.', 2, 1, 1),
  ('76356307-d55d-45cf-8a9c-8402e636934f', '3a366bce-0905-43cc-b542-a973be15f26d', N'Lựa chọn C: Có vậy vài tự tại được vì như khi.', 3, 0, 1),
  ('ea43b67e-0bba-4eca-8c2a-5fd818cf1699', '3a366bce-0905-43cc-b542-a973be15f26d', N'Lựa chọn D: Giữa cũng nếu các của cũng tự rất nhưng.', 4, 0, 1),
  ('ef926fce-cd66-41d8-9e46-598e8344cfc4', '3103d09f-edfc-4213-82f7-8bf1afc12751', N'Lựa chọn A: Cái được các chưa số nhiều bạn.', 1, 0, 1),
  ('8a1897ce-b6e3-4bb1-9cc2-a44a9cdda8dc', '3103d09f-edfc-4213-82f7-8bf1afc12751', N'Lựa chọn B: Để khiến có nhưng tại trong của số trong.', 2, 0, 1),
  ('3895c66a-f336-4b1a-95e9-11c45f3d78ed', '3103d09f-edfc-4213-82f7-8bf1afc12751', N'Lựa chọn C: Như điều của và thay chỉ một như.', 3, 1, 1),
  ('5b88e92a-3833-445f-97b1-59080226bba5', '3103d09f-edfc-4213-82f7-8bf1afc12751', N'Lựa chọn D: Số vì cũng nơi trong đi.', 4, 0, 1),
  ('f510d819-280a-4a4b-87c9-60431f9817bc', 'a3df7345-6013-4b63-81a3-18ad64e061ad', N'Lựa chọn A: Gần nơi thì dưới mà của tôi rất cũng.', 1, 0, 1),
  ('bb59415f-d54a-438e-a7ba-e8badb5a88d5', 'a3df7345-6013-4b63-81a3-18ad64e061ad', N'Lựa chọn B: Tại hơn đi để cũng tại đến.', 2, 0, 1),
  ('259caea7-eb52-4a96-9bc8-cf1276ee81a4', 'a3df7345-6013-4b63-81a3-18ad64e061ad', N'Lựa chọn C: Đi cách rất sau như để cho đúng từng hoặc.', 3, 1, 1),
  ('21c8422d-7bf0-41ad-b811-e372d8f1c685', 'a3df7345-6013-4b63-81a3-18ad64e061ad', N'Lựa chọn D: Đang về gần như cho các từng.', 4, 0, 1),
  ('769eba83-5af4-4b66-8f58-c5550a83f891', 'bd2afb7a-f6be-4b0f-abd2-383689cb28bd', N'Lựa chọn A: Đúng chưa lớn đã nhiều.', 1, 0, 0),
  ('70ce7ca6-9187-4d6b-b585-cd2d37ab352f', 'bd2afb7a-f6be-4b0f-abd2-383689cb28bd', N'Lựa chọn B: Đó có thay đó chưa vẫn.', 2, 0, 0),
  ('fe202fd2-b7a2-481a-91ff-7c674b4603ac', 'bd2afb7a-f6be-4b0f-abd2-383689cb28bd', N'Lựa chọn C: Của làm của của theo của.', 3, 1, 0),
  ('19cac37d-8a5c-44a5-b717-e0a10fbd4c03', 'bd2afb7a-f6be-4b0f-abd2-383689cb28bd', N'Lựa chọn D: Không như của hoặc như mỗi.', 4, 0, 0),
  ('29ea0a66-4cb5-4ec6-b1c4-9899305b377b', 'd8a17925-bec6-469d-85f6-d32a8642a8e4', N'Lựa chọn A: Đúng với không để cái hơn hơn dưới.', 1, 0, 0),
  ('b90b3460-45d8-41e3-b1bd-bd254c0b0a34', 'd8a17925-bec6-469d-85f6-d32a8642a8e4', N'Lựa chọn B: Giống giống vậy đi của làm của từng tại.', 2, 0, 0),
  ('cb8d6ff7-9952-4fc7-bc3d-51114bb6a4f5', 'd8a17925-bec6-469d-85f6-d32a8642a8e4', N'Lựa chọn C: Đã mà mà cũng từ nhưng về bên.', 3, 1, 0),
  ('6e48a649-f233-4785-9bb9-afd2b9984bc6', 'd8a17925-bec6-469d-85f6-d32a8642a8e4', N'Lựa chọn D: Đúng làm hoặc của sẽ.', 4, 0, 0),
  ('c601b2c0-85fe-4a80-be24-d280b5ad2dd7', '02a9bef6-8792-4647-b0ba-57f40454bbcc', N'Lựa chọn A: Thay khiến hơn chưa sau để đi hơn một.', 1, 0, 0),
  ('695fa53b-372b-4332-9bde-4f8db088498a', '02a9bef6-8792-4647-b0ba-57f40454bbcc', N'Lựa chọn B: Bạn rất tôi như điều có.', 2, 1, 0),
  ('a49bfb6c-7549-4c1a-9c06-bf7c716f94aa', '02a9bef6-8792-4647-b0ba-57f40454bbcc', N'Lựa chọn C: Về với mỗi nơi tại điều.', 3, 0, 0),
  ('6d70f83a-56bf-4a02-a277-73e93c379107', '02a9bef6-8792-4647-b0ba-57f40454bbcc', N'Lựa chọn D: Khiến hơn từng thì lớn.', 4, 0, 0),
  ('b33a5e30-9998-4b4d-9d25-e905176183de', '7f92e887-b82a-4313-ab6d-8edda6e615aa', N'Lựa chọn A: Thế gần như nếu tại nhưng một.', 1, 1, 1),
  ('229eb804-47cb-4d11-a702-090d175c48ed', '7f92e887-b82a-4313-ab6d-8edda6e615aa', N'Lựa chọn B: Số đang hơn một chỉ của để như.', 2, 0, 1),
  ('ce22d04e-de28-464e-8db8-7a77b051ce97', '7f92e887-b82a-4313-ab6d-8edda6e615aa', N'Lựa chọn C: Trong với bạn tại trong trong thế.', 3, 0, 1),
  ('60ed6f4a-08a0-4661-8d5e-fc17ecdb4aa0', '7f92e887-b82a-4313-ab6d-8edda6e615aa', N'Lựa chọn D: Từ rất khiến từ vài thay không trong.', 4, 0, 1),
  ('7c563bc6-9e15-44ad-a443-dd2c6081330a', '385a1a21-9ff3-483d-89b3-7d68ab6a33c9', N'Lựa chọn A: Cách đó mà theo khi đã trong đang giống nào.', 1, 0, 0),
  ('2a33900d-370b-41fc-98d2-8f299f5071b4', '385a1a21-9ff3-483d-89b3-7d68ab6a33c9', N'Lựa chọn B: Đó không đó nơi này của số.', 2, 1, 0),
  ('825a2b9a-36f0-4fd5-aa9d-59a2a162e003', '385a1a21-9ff3-483d-89b3-7d68ab6a33c9', N'Lựa chọn C: Tự và từ làm và thay sau gần cái.', 3, 0, 0),
  ('00e14b12-4aab-4f2d-adb6-98ff9e59b98b', '385a1a21-9ff3-483d-89b3-7d68ab6a33c9', N'Lựa chọn D: Vài từng thì thì vì mà bạn để đó đó.', 4, 0, 0),
  ('bf37f0b9-37b1-49a9-ac23-0b1ddff0361a', '1cdc2c53-83b1-4b25-b612-4aed4e669989', N'Lựa chọn A: Để như nếu cái như của nơi.', 1, 0, 0),
  ('0a4d636a-8548-4481-bd0c-bfd07cad65a4', '1cdc2c53-83b1-4b25-b612-4aed4e669989', N'Lựa chọn B: Tại nhiều mà chỉ tự của tại của.', 2, 1, 0),
  ('d0c0c2f0-5902-4a0a-af18-3e69081087f6', '1cdc2c53-83b1-4b25-b612-4aed4e669989', N'Lựa chọn C: Theo người nếu nơi chỉ.', 3, 0, 0),
  ('300d2a22-9f6b-4c7e-ba62-f114159d95dd', '1cdc2c53-83b1-4b25-b612-4aed4e669989', N'Lựa chọn D: Tôi của lớn của giữa vì thì đến khiến.', 4, 0, 0),
  ('463ba678-20cc-4c90-b90d-c2e75a2a18ff', 'be843629-9f3c-4925-a6fe-ce9cb44ccfb7', N'Lựa chọn A: Tự vài để dưới.', 1, 0, 0),
  ('acb6bd4c-c8df-42b5-a70f-00fe27bcaaef', 'be843629-9f3c-4925-a6fe-ce9cb44ccfb7', N'Lựa chọn B: Vài từng sau từ bạn mà của dưới dưới.', 2, 1, 0),
  ('42b77718-82a9-4660-9905-dcf777228401', 'be843629-9f3c-4925-a6fe-ce9cb44ccfb7', N'Lựa chọn C: Sẽ nhiều rất như như cách vài mà thì số.', 3, 0, 0),
  ('7ce2cff9-44b1-481e-acdd-b53a642d2d7b', 'be843629-9f3c-4925-a6fe-ce9cb44ccfb7', N'Lựa chọn D: Theo từ được như nhiều có mỗi đang.', 4, 0, 0),
  ('22163418-46cc-405c-9a81-cd91bf1201bb', 'e9b6586c-aa50-4ac0-98fc-e2b4aea03f40', N'Lựa chọn A: Đúng dưới các trong cũng.', 1, 0, 0),
  ('891c33e1-e7cb-4460-bbb4-4f83142a81f3', 'e9b6586c-aa50-4ac0-98fc-e2b4aea03f40', N'Lựa chọn B: Như giống mỗi tại nếu nơi này của.', 2, 0, 0),
  ('fc4024c5-ec08-418e-968f-32a870d8ac3b', 'e9b6586c-aa50-4ac0-98fc-e2b4aea03f40', N'Lựa chọn C: Một là bạn một về tự.', 3, 0, 0),
  ('6aa5fadd-da4a-43b5-b4a0-18366f06d42f', 'e9b6586c-aa50-4ac0-98fc-e2b4aea03f40', N'Lựa chọn D: Đúng trong tại bên thế mỗi.', 4, 1, 0),
  ('fee12d0e-aeaa-45c4-9f47-dd5e112083f3', '066ff1e5-dd6e-4d0a-8893-ddc7a986e94d', N'Lựa chọn A: Giữa số vậy từng cho mà thay tại tại.', 1, 0, 1),
  ('f020f4fd-e1df-43c2-b341-eb3f093a19c7', '066ff1e5-dd6e-4d0a-8893-ddc7a986e94d', N'Lựa chọn B: Của thế cho nhiều đến vẫn để không đúng giữa cách.', 2, 0, 1),
  ('6c6dce63-6fe4-42bf-be1c-01b733a859b8', '066ff1e5-dd6e-4d0a-8893-ddc7a986e94d', N'Lựa chọn C: Gần đó cách bạn gần nhưng nếu từng thì người mà.', 3, 1, 1),
  ('3117f94d-c1c1-423d-8c03-63c37c5c85c5', '066ff1e5-dd6e-4d0a-8893-ddc7a986e94d', N'Lựa chọn D: Như tại vậy đang hơn các.', 4, 0, 1),
  ('7bf593e4-11f5-4e05-9c72-a7f0ce9eb84e', '4afaba97-f225-4c3e-bb32-4d0f33b14621', N'Lựa chọn A: Cho bạn số với bạn thế với đó thì với chỉ.', 1, 0, 0),
  ('7d8e445d-c8a4-4011-ac6d-be3b44373a49', '4afaba97-f225-4c3e-bb32-4d0f33b14621', N'Lựa chọn B: Mà bên cũng từ là đến được hoặc.', 2, 0, 0),
  ('22dbaf1b-12d2-4d6e-aa96-b8b82543b248', '4afaba97-f225-4c3e-bb32-4d0f33b14621', N'Lựa chọn C: Là lớn nơi từng nếu từ.', 3, 1, 0),
  ('4ed509cc-6e99-44f7-9231-d57d1ab4b7b8', '4afaba97-f225-4c3e-bb32-4d0f33b14621', N'Lựa chọn D: Đã đó vẫn của với nào nào tại với cho.', 4, 0, 0),
  ('4d7025b8-bc17-4214-8029-61801dfe9dfd', 'c7025297-ef86-4092-85ef-37d135fd0de7', N'Lựa chọn A: Thay khi sẽ vậy hơn làm nếu của là nơi.', 1, 0, 1),
  ('2660f26e-81c3-4477-b387-a112e7d8c8f0', 'c7025297-ef86-4092-85ef-37d135fd0de7', N'Lựa chọn B: Từ nhưng đó đang giữa giống tại đi.', 2, 0, 1),
  ('790aced4-bca9-43f2-a110-b2e334aef636', 'c7025297-ef86-4092-85ef-37d135fd0de7', N'Lựa chọn C: Nhưng và trong bạn nào hơn trong.', 3, 0, 1),
  ('d460d9c3-a58c-4fb5-acb5-cd8a08f6e44c', 'c7025297-ef86-4092-85ef-37d135fd0de7', N'Lựa chọn D: Dưới nào lớn khi từ trong sẽ là.', 4, 1, 1),
  ('be795595-a5d5-4ecb-8d2c-cc56c7107d44', '02991525-1e3a-4ec9-838c-8a1fcd646b21', N'Lựa chọn A: Như thay giữa gần như cho giống và.', 1, 0, 0),
  ('15d7e446-27b8-48f1-8501-78be44b3f80f', '02991525-1e3a-4ec9-838c-8a1fcd646b21', N'Lựa chọn B: Lớn trong giữa mà như một với của bên các.', 2, 0, 0),
  ('b0510f63-d35a-433d-8758-45b10b48ce1f', '02991525-1e3a-4ec9-838c-8a1fcd646b21', N'Lựa chọn C: Của của trong gần các hơn điều cũng vẫn thế.', 3, 1, 0),
  ('cbda31b4-ca6c-4192-8591-d47710113649', '02991525-1e3a-4ec9-838c-8a1fcd646b21', N'Lựa chọn D: Chưa với cái trong tự như trong giữa để.', 4, 0, 0),
  ('f990ad87-5d54-4066-9af9-90f3d0d4914b', '9b889765-c6b6-4799-9b71-a917d4938d5a', N'Lựa chọn A: Trong một và nếu vì chỉ gần tại rất.', 1, 0, 1),
  ('3d16a3b2-7d45-48ce-be5f-02237629fb80', '9b889765-c6b6-4799-9b71-a917d4938d5a', N'Lựa chọn B: Của trong mà điều đã.', 2, 0, 1),
  ('0f884820-f867-42cd-83e1-7a969d034cdc', '9b889765-c6b6-4799-9b71-a917d4938d5a', N'Lựa chọn C: Cho từng như sau tự cũng có dưới.', 3, 0, 1),
  ('a5edad88-1843-4d60-8616-69bc5b994f6e', '9b889765-c6b6-4799-9b71-a917d4938d5a', N'Lựa chọn D: Về hoặc gần hoặc số nơi đó bạn đến.', 4, 1, 1),
  ('f26d6f1a-2feb-4a87-8bf1-831a280a3f96', 'd90ee8c4-d304-409a-a009-55dead8c2cab', N'Lựa chọn A: Của như tôi cũng dưới trong giữa.', 1, 0, 0),
  ('f13e0b29-06c4-4969-8c1d-158d101b7e94', 'd90ee8c4-d304-409a-a009-55dead8c2cab', N'Lựa chọn B: Gần cũng vì cũng đến cũng người giữa thay của.', 2, 0, 0),
  ('c3a8d7c1-1b87-48a5-a2ed-bf566906a8ba', 'd90ee8c4-d304-409a-a009-55dead8c2cab', N'Lựa chọn C: Như cũng sau mỗi bên tôi đang.', 3, 0, 0),
  ('24382af7-b802-46d1-9813-10551499c695', 'd90ee8c4-d304-409a-a009-55dead8c2cab', N'Lựa chọn D: Như thế với và được tôi để bạn đi.', 4, 1, 0),
  ('f7d27e12-0f66-4fc7-9a08-d4b7bf321cb4', 'd747822c-1be4-4008-85a5-d63bd47a16c7', N'Lựa chọn A: Từng cũng với về dưới giữa đúng vài.', 1, 0, 0),
  ('39f8bf05-89e5-4c60-aaf9-12ed78aec8d7', 'd747822c-1be4-4008-85a5-d63bd47a16c7', N'Lựa chọn B: Các như đúng để mỗi và có thay giữa hơn.', 2, 0, 0),
  ('b93e3c1c-ea83-4c4e-91af-41f8e4fb6ba6', 'd747822c-1be4-4008-85a5-d63bd47a16c7', N'Lựa chọn C: Tại chưa của này tại của một khi chỉ.', 3, 0, 0),
  ('76039436-a429-4cd7-8bd2-e70bbe8ec669', 'd747822c-1be4-4008-85a5-d63bd47a16c7', N'Lựa chọn D: Tôi này của đó chỉ bên.', 4, 1, 0),
  ('c56f1224-74f6-4380-9716-e9ba61bb3943', 'be5ec8b7-a2ae-4df8-9ce1-c3aa1f272648', N'Lựa chọn A: Có lớn như về trong nào nào khiến.', 1, 0, 0),
  ('da226834-86e0-4584-855f-0009e71e28e3', 'be5ec8b7-a2ae-4df8-9ce1-c3aa1f272648', N'Lựa chọn B: Người mà chỉ của từng như cũng trong không cái.', 2, 0, 0),
  ('257d1ef5-0dd4-4abf-b4f6-abad761cdda5', 'be5ec8b7-a2ae-4df8-9ce1-c3aa1f272648', N'Lựa chọn C: Vẫn hơn cũng mà làm điều trong một.', 3, 1, 0),
  ('0be2e727-3258-49a5-87c9-b3e6d6bcbb4f', 'be5ec8b7-a2ae-4df8-9ce1-c3aa1f272648', N'Lựa chọn D: Tại sẽ cũng lớn rất của gần.', 4, 0, 0),
  ('50fa6d4e-9244-493e-9e66-d75926652b01', 'e5047326-833b-4cab-8b2a-416e2685ba4b', N'Lựa chọn A: Vẫn từ chưa từng giống không như.', 1, 0, 1),
  ('6d926826-e3ec-4e10-9ebb-ff28edc293a8', 'e5047326-833b-4cab-8b2a-416e2685ba4b', N'Lựa chọn B: Từng và gần thì làm như điều.', 2, 0, 1),
  ('a16c1778-73c3-4026-a8ad-97028aab3522', 'e5047326-833b-4cab-8b2a-416e2685ba4b', N'Lựa chọn C: Tại đã vì làm sẽ từ được bên trong.', 3, 0, 1),
  ('57ef5e3b-317a-46cd-8f6b-b0e1bf412b74', 'e5047326-833b-4cab-8b2a-416e2685ba4b', N'Lựa chọn D: Chỉ chưa như bên cho.', 4, 1, 1),
  ('43dcf12a-bb53-467d-92f2-f2e724ff8b66', '9eb49285-9709-47af-abe6-c211f3d66b9d', N'Lựa chọn A: Của từ có người như nhưng và có nào.', 1, 1, 0),
  ('1e8d5ef3-3d67-4318-a578-cf0b57af8355', '9eb49285-9709-47af-abe6-c211f3d66b9d', N'Lựa chọn B: Khiến đang và từ là.', 2, 0, 0),
  ('fa2333b3-ce6e-4df4-a713-2c4d64b3daa2', '9eb49285-9709-47af-abe6-c211f3d66b9d', N'Lựa chọn C: Vì bên khiến từ đang số tự của lớn như.', 3, 0, 0),
  ('a39d7ef6-1071-46ab-a326-99301e904184', '9eb49285-9709-47af-abe6-c211f3d66b9d', N'Lựa chọn D: Hơn mỗi cũng không nào như của của vì.', 4, 0, 0),
  ('845bb8ee-8278-4ebd-aa4a-0acf2f6dc399', '6c74e0fc-30fe-4979-8596-fafe28756c2c', N'Lựa chọn A: Bạn người như giữa vậy hoặc gần.', 1, 0, 0),
  ('b721ca71-6e07-4799-83ad-600e529bdbdf', '6c74e0fc-30fe-4979-8596-fafe28756c2c', N'Lựa chọn B: Tại nhiều là chỉ thay với của đó với tôi.', 2, 0, 0),
  ('48e24ce8-843f-4e7a-afb7-2fd64961335a', '6c74e0fc-30fe-4979-8596-fafe28756c2c', N'Lựa chọn C: Từ có sau tại điều trong dưới dưới khi rất.', 3, 0, 0),
  ('b6181d63-50bc-41bc-974b-7e7a7fc3ebc3', '6c74e0fc-30fe-4979-8596-fafe28756c2c', N'Lựa chọn D: Như nhiều hoặc nhiều.', 4, 1, 0),
  ('6f16c59b-4b0d-4b53-a9c7-da613cd42d6f', '776594c1-81b5-4c82-94ca-2f0e00ce4886', N'Lựa chọn A: Như tại vậy vậy của giữa khiến khiến mỗi như như.', 1, 0, 1),
  ('c25d559c-af16-4f4e-ba1c-fd479a501ea8', '776594c1-81b5-4c82-94ca-2f0e00ce4886', N'Lựa chọn B: Cách sau đã đi khiến thì khiến vẫn.', 2, 0, 1),
  ('d2b46fa4-7de3-4dfc-a309-53c267a3ef90', '776594c1-81b5-4c82-94ca-2f0e00ce4886', N'Lựa chọn C: Rất rất trong cũng sau.', 3, 1, 1),
  ('15ea67af-83a1-483e-9e81-39415b535738', '776594c1-81b5-4c82-94ca-2f0e00ce4886', N'Lựa chọn D: Khi cũng thế này mỗi lớn vài từ để nào.', 4, 0, 1),
  ('7edc46b9-8116-4ba9-bc44-dd75f343af64', '6ff9323f-0c81-4104-9b81-a86dc17f631b', N'Lựa chọn A: Cách vẫn bên đó nhiều như đến.', 1, 0, 0),
  ('5c6bf955-e3e8-4c31-a5fe-edba35f36024', '6ff9323f-0c81-4104-9b81-a86dc17f631b', N'Lựa chọn B: Cách cái bạn là từng từ.', 2, 0, 0),
  ('edb29032-f2b1-40bb-bbd8-be2d93151cb9', '6ff9323f-0c81-4104-9b81-a86dc17f631b', N'Lựa chọn C: Theo bên cũng không tôi của nào.', 3, 0, 0),
  ('d2e5d450-1956-405c-b989-6d6978a0f950', '6ff9323f-0c81-4104-9b81-a86dc17f631b', N'Lựa chọn D: Đang thì là tự trong.', 4, 1, 0),
  ('59305919-213d-4efa-a4a4-1dd41984a572', '24a9bd45-98e7-4440-95cb-3e4beb17153c', N'Lựa chọn A: Để vậy theo có như theo.', 1, 0, 0),
  ('6607a18c-4094-4e5d-8671-f6634e45d7a6', '24a9bd45-98e7-4440-95cb-3e4beb17153c', N'Lựa chọn B: Gần tôi nào tự đến cũng gần chưa.', 2, 0, 0),
  ('93ea16bc-a03a-4b89-b464-208f1506f783', '24a9bd45-98e7-4440-95cb-3e4beb17153c', N'Lựa chọn C: Để của như vẫn có như.', 3, 0, 0),
  ('851546ea-24ca-4a1b-9e68-6b058a66a97f', '24a9bd45-98e7-4440-95cb-3e4beb17153c', N'Lựa chọn D: Như tại của vài đang không.', 4, 1, 0),
  ('4acacf49-1aef-4410-a34a-6d60f33f2e89', '46bba31d-38fc-46f0-bd3c-db93cd640d58', N'Lựa chọn A: Hơn vì chỉ làm bạn nhưng dưới của.', 1, 0, 0),
  ('18d91926-d93d-4858-8e0f-6a4097418d93', '46bba31d-38fc-46f0-bd3c-db93cd640d58', N'Lựa chọn B: Có sau vậy cho tại số.', 2, 0, 0),
  ('1a2514d5-7058-4c8d-b6c9-20c0732d34b0', '46bba31d-38fc-46f0-bd3c-db93cd640d58', N'Lựa chọn C: Được hoặc bên làm hoặc.', 3, 1, 0),
  ('5e6e7bd6-d6f3-437c-8ef0-58bb95cbe16a', '46bba31d-38fc-46f0-bd3c-db93cd640d58', N'Lựa chọn D: Giống của trong tại tự từ để khiến tại.', 4, 0, 0),
  ('c4033ab8-507b-4990-976b-b096487a393e', '9065a2c5-1b44-4932-b9f5-8fbdece09c8f', N'Lựa chọn A: Này thì của của như không.', 1, 0, 1),
  ('13c0dce1-b4a3-488a-a621-7f9a72d70fa1', '9065a2c5-1b44-4932-b9f5-8fbdece09c8f', N'Lựa chọn B: Cách thay mà từ cũng như thay vài sẽ các.', 2, 0, 1),
  ('1d1d0023-9a06-478f-b176-b34535324992', '9065a2c5-1b44-4932-b9f5-8fbdece09c8f', N'Lựa chọn C: Thế mà tôi thế có với trong sau nhưng.', 3, 0, 1),
  ('9d634a93-b436-4be0-ad03-517ddcb0ed45', '9065a2c5-1b44-4932-b9f5-8fbdece09c8f', N'Lựa chọn D: Cái bạn số giữa đến đi.', 4, 1, 1),
  ('7552aa75-627d-4b3a-886e-cb8e5842b6ca', 'b8dfe8c4-559d-485e-9ed6-39beac86f7ce', N'Lựa chọn A: Với thì khiến như nếu.', 1, 0, 0),
  ('3bfd6ea4-6e4b-4dd5-bd3c-6e27b478e887', 'b8dfe8c4-559d-485e-9ed6-39beac86f7ce', N'Lựa chọn B: Hơn gần từng thay từ vẫn.', 2, 1, 0),
  ('0c67ecde-f460-4f66-bb3a-187c25adeb25', 'b8dfe8c4-559d-485e-9ed6-39beac86f7ce', N'Lựa chọn C: Từ trong rất đó tại hơn mỗi hoặc thế.', 3, 0, 0),
  ('bec9fa1a-c2b4-4c8e-be4b-6bd9e8bf42c9', 'b8dfe8c4-559d-485e-9ed6-39beac86f7ce', N'Lựa chọn D: Tôi để đi sẽ sau sau khiến của tại để.', 4, 0, 0),
  ('756d8bf1-6086-4e80-84f0-f9886064eb3c', 'a483e57d-f84c-4d90-8923-77598f00db0f', N'Lựa chọn A: Cũng cũng để chưa đúng không.', 1, 0, 0),
  ('44c61728-6716-42a6-98a5-1f7c2f2efcce', 'a483e57d-f84c-4d90-8923-77598f00db0f', N'Lựa chọn B: Như để rất sau tại sau mà như vì nơi.', 2, 1, 0),
  ('e3eac476-75f8-47c4-8a77-7cdd5d524bfb', 'a483e57d-f84c-4d90-8923-77598f00db0f', N'Lựa chọn C: Một đó cũng các đến như sau chưa.', 3, 0, 0),
  ('ac9b85ad-f903-466a-bd1b-0c7f83020b45', 'a483e57d-f84c-4d90-8923-77598f00db0f', N'Lựa chọn D: Nơi rất với như.', 4, 0, 0),
  ('4c7288e3-00db-4746-aca8-425acce84a3b', 'd90d97b6-0ce1-4fbd-8954-7462f3ab4026', N'Lựa chọn A: Số làm bạn đúng các.', 1, 0, 0),
  ('5997fdde-9c95-41a7-9a36-60dc1d78447b', 'd90d97b6-0ce1-4fbd-8954-7462f3ab4026', N'Lựa chọn B: Chỉ dưới với vẫn như hoặc điều có số đi.', 2, 0, 0),
  ('dee7cc15-82a7-4396-8b05-81128b593a38', 'd90d97b6-0ce1-4fbd-8954-7462f3ab4026', N'Lựa chọn C: Hơn cho khi như thì nếu đang.', 3, 1, 0),
  ('36b58dbe-961c-4080-a56d-33ad309f1ece', 'd90d97b6-0ce1-4fbd-8954-7462f3ab4026', N'Lựa chọn D: Cũng có hơn mà hơn trong.', 4, 0, 0),
  ('acb0b5c8-b70f-419b-8f5c-88049012e65b', '6a501949-08b3-4982-ac61-e4e46fa69de6', N'Lựa chọn A: Trong nhưng cho để đó.', 1, 1, 0),
  ('68bc02d4-ec22-44c0-8eeb-619cb2152590', '6a501949-08b3-4982-ac61-e4e46fa69de6', N'Lựa chọn B: Đã hoặc của cũng nơi nếu của đúng tôi thế.', 2, 0, 0),
  ('3b463947-33f8-4bd4-a098-ad43705727ad', '6a501949-08b3-4982-ac61-e4e46fa69de6', N'Lựa chọn C: Khi dưới nào dưới đi về.', 3, 0, 0),
  ('f8e54f8a-7faf-4aec-b723-b970f5023c59', '6a501949-08b3-4982-ac61-e4e46fa69de6', N'Lựa chọn D: Lớn về vài vì dưới mà và là nhiều điều.', 4, 0, 0),
  ('ccb7f25c-64c2-411d-ae40-aa187c7daa12', 'd932262a-8d3b-4b80-abf2-c0cd6942c4f7', N'Lựa chọn A: Đang cho về nhưng trong đi chưa để đang.', 1, 0, 0),
  ('047aa0b2-e874-4d0b-b6fb-83241d988271', 'd932262a-8d3b-4b80-abf2-c0cd6942c4f7', N'Lựa chọn B: Và bạn sẽ với tại nhiều có từng hơn tại.', 2, 1, 0),
  ('1cec5e83-6c19-4824-93e7-d192516ff161', 'd932262a-8d3b-4b80-abf2-c0cd6942c4f7', N'Lựa chọn C: Là lớn vài nhiều sau một hơn.', 3, 0, 0),
  ('f4d17634-2833-40a2-9680-d36bf9042f05', 'd932262a-8d3b-4b80-abf2-c0cd6942c4f7', N'Lựa chọn D: Chỉ thế khiến bên này cho không.', 4, 0, 0),
  ('57aa2b6f-a591-46f3-9474-8e25c59f2efb', '876e70cc-6402-4d87-b4d0-0137c90143c7', N'Lựa chọn A: Hoặc thay như sẽ để.', 1, 1, 1),
  ('3f42a337-cf44-4efa-9c13-998e08201c08', '876e70cc-6402-4d87-b4d0-0137c90143c7', N'Lựa chọn B: Tại một sau cái từ như giữa vì sẽ với.', 2, 0, 1),
  ('24959d4b-724e-486c-8041-4acc75bf9fa9', '876e70cc-6402-4d87-b4d0-0137c90143c7', N'Lựa chọn C: Trong chỉ vậy hơn về với để.', 3, 0, 1),
  ('98e5c158-6ba7-465a-85d3-c058aa0b6a1c', '876e70cc-6402-4d87-b4d0-0137c90143c7', N'Lựa chọn D: Trong có dưới đã có chưa cũng đó.', 4, 0, 1),
  ('e53cad09-b4b8-46a2-a882-3bb59aa007e8', 'a0205c94-5e7c-459f-bb4d-096d25d4b00b', N'Lựa chọn A: Như với nào đó trong sẽ tự tại mỗi bạn.', 1, 0, 1),
  ('8873924d-8d2c-43db-a032-1662e74bd59c', 'a0205c94-5e7c-459f-bb4d-096d25d4b00b', N'Lựa chọn B: Đến khi dưới là của rất cũng.', 2, 0, 1),
  ('6cf8aa19-a88c-4296-a06a-a559fef95578', 'a0205c94-5e7c-459f-bb4d-096d25d4b00b', N'Lựa chọn C: Các để cho số cái.', 3, 0, 1),
  ('605b4c15-0185-45b0-8890-2458ec3b5876', 'a0205c94-5e7c-459f-bb4d-096d25d4b00b', N'Lựa chọn D: Số để tại vì đang về thế lớn để sau đi.', 4, 1, 1),
  ('c2a35e65-35e2-4870-8823-c09db7954964', '15259baa-bf99-4f36-ac38-3e4011f71bea', N'Lựa chọn A: Của là có mỗi tại tôi vậy thì tại hơn.', 1, 0, 0),
  ('a11b6300-f6b6-4cb6-960e-45c616dd1eee', '15259baa-bf99-4f36-ac38-3e4011f71bea', N'Lựa chọn B: Mỗi như bạn của bên của cũng tại rất.', 2, 0, 0),
  ('528b181f-84a6-4496-8cfe-0059d0422eda', '15259baa-bf99-4f36-ac38-3e4011f71bea', N'Lựa chọn C: Vì giống theo đã sau hơn.', 3, 1, 0),
  ('a4d320ee-3f18-42f4-adbd-e47e68e43315', '15259baa-bf99-4f36-ac38-3e4011f71bea', N'Lựa chọn D: Tự đã và hơn này sau tôi đi không như.', 4, 0, 0),
  ('ec6aaaee-577c-4ad7-ab0d-f61c4c014398', '1d069544-abc6-4e24-84c5-850aafc5372d', N'Lựa chọn A: Chưa nhưng chưa tôi cũng dưới cho giữa đã.', 1, 0, 1),
  ('42371edb-8911-4d53-b03c-7ce7b2b0a8cb', '1d069544-abc6-4e24-84c5-850aafc5372d', N'Lựa chọn B: Cũng mà khiến vài điều để đến.', 2, 0, 1),
  ('511befa9-a1cf-4592-b7fc-6dfa17fad2e9', '1d069544-abc6-4e24-84c5-850aafc5372d', N'Lựa chọn C: Để cái giống dưới như có từ chỉ này người không.', 3, 1, 1),
  ('084baa1e-f98f-417e-8bdd-206198adf778', '1d069544-abc6-4e24-84c5-850aafc5372d', N'Lựa chọn D: Và đúng tôi tại vài hơn.', 4, 0, 1),
  ('f01e2529-d808-4b8c-8f1a-8d3cfcb32bbf', '15c2aa97-5447-49ac-bbb0-192856113055', N'Lựa chọn A: Từng nếu chưa gần gần đến thì nếu gần.', 1, 0, 1),
  ('9c678c94-43cc-4936-ba62-42b6f8dd8831', '15c2aa97-5447-49ac-bbb0-192856113055', N'Lựa chọn B: Sau làm nhưng tôi đã.', 2, 1, 1),
  ('40893965-79be-4f4b-bcbe-3782357864fb', '15c2aa97-5447-49ac-bbb0-192856113055', N'Lựa chọn C: Mà như cũng tôi thế một đang của.', 3, 0, 1),
  ('ca967bc3-15cf-412b-98ba-a0c4b44f6166', '15c2aa97-5447-49ac-bbb0-192856113055', N'Lựa chọn D: Từng đúng mà khi hơn chỉ với từ thay.', 4, 0, 1),
  ('1d356ecc-d606-4dfd-be66-820ad461d6f3', 'd29edba2-450a-4b43-96a0-506b66a7dcb3', N'Lựa chọn A: Nếu thay và chưa cách.', 1, 0, 1),
  ('4c7e1305-f1bb-4788-aa6c-5027f8652d40', 'd29edba2-450a-4b43-96a0-506b66a7dcb3', N'Lựa chọn B: Tôi làm vậy nào tôi như nào nào có nhiều.', 2, 0, 1),
  ('3cae559a-e903-44de-80a7-b9cd2300174d', 'd29edba2-450a-4b43-96a0-506b66a7dcb3', N'Lựa chọn C: Lớn nào cũng từng trong.', 3, 0, 1),
  ('47063c98-189f-4be4-8d4c-4509cb68fd97', 'd29edba2-450a-4b43-96a0-506b66a7dcb3', N'Lựa chọn D: Đang từng không thay cách tôi dưới như.', 4, 1, 1),
  ('46e3a7f9-6e1f-4235-a159-81e6273ee370', '543839cb-9469-4ded-bb7d-9336275da377', N'Lựa chọn A: Để giống số của để như.', 1, 0, 1),
  ('1145648e-b93a-4ec3-a2bf-16dc7d8cef37', '543839cb-9469-4ded-bb7d-9336275da377', N'Lựa chọn B: Mà và cái hoặc chỉ cũng các chỉ.', 2, 1, 1),
  ('79ba4b43-eba8-4bc2-aa17-8cc104442f39', '543839cb-9469-4ded-bb7d-9336275da377', N'Lựa chọn C: Sẽ để để hơn điều đến tại.', 3, 0, 1),
  ('9aaf6f36-ac0c-4463-8194-491059b18ab3', '543839cb-9469-4ded-bb7d-9336275da377', N'Lựa chọn D: Nào rất vài về được số để số đó từ.', 4, 0, 1),
  ('3119de3f-7b01-488a-897b-372c8646f2ac', '42573edb-eacf-494a-b1b8-a1e8aaded33a', N'Lựa chọn A: Đi vài giống bên sẽ nơi thế.', 1, 0, 0),
  ('39ac0236-58ba-4627-aa09-2f4a7d8417e1', '42573edb-eacf-494a-b1b8-a1e8aaded33a', N'Lựa chọn B: Bạn tôi như có bạn chỉ đã được của.', 2, 0, 0),
  ('d686e8bf-1d25-4d5e-a0a3-29c3fc3b6859', '42573edb-eacf-494a-b1b8-a1e8aaded33a', N'Lựa chọn C: Vài các người giữa của.', 3, 0, 0),
  ('9bb156c6-b379-415d-b2c6-0dba74fd490f', '42573edb-eacf-494a-b1b8-a1e8aaded33a', N'Lựa chọn D: Cái cũng sẽ của có một khiến vẫn.', 4, 1, 0),
  ('0ef71d9a-7f67-43cb-8439-db372092e5d5', '40134c14-5609-450b-9cee-3a6f70ff5d4f', N'Lựa chọn A: Và đã nhưng nhiều khiến.', 1, 0, 0),
  ('df751b02-69f5-4d5a-8beb-36068a2b754e', '40134c14-5609-450b-9cee-3a6f70ff5d4f', N'Lựa chọn B: Thì chưa điều các.', 2, 0, 0),
  ('e65dc3d6-0252-4dab-b8d9-a775cb2f518d', '40134c14-5609-450b-9cee-3a6f70ff5d4f', N'Lựa chọn C: Đi để bên mà từng cũng nào cái tại được.', 3, 1, 0),
  ('6949294c-edba-4da4-881b-5ac7dd85c7d8', '40134c14-5609-450b-9cee-3a6f70ff5d4f', N'Lựa chọn D: Tự với để đến có giữa thế cho điều cũng.', 4, 0, 0),
  ('fe63e74b-5db8-433b-a62b-2328147fa74d', '1df7dcf3-66a0-4205-b717-5178fba84430', N'Lựa chọn A: Một cách khiến hoặc vì nào đi.', 1, 0, 0),
  ('f33d53fb-7c19-45e8-aac1-a1c9ec34566c', '1df7dcf3-66a0-4205-b717-5178fba84430', N'Lựa chọn B: Gần với số theo về đang trong để chỉ.', 2, 0, 0),
  ('0e0c483a-0801-4621-82b4-462d29320811', '1df7dcf3-66a0-4205-b717-5178fba84430', N'Lựa chọn C: Này trong gần và là.', 3, 0, 0),
  ('c09cfd62-7f6e-4ab4-b1a3-3d5523263a12', '1df7dcf3-66a0-4205-b717-5178fba84430', N'Lựa chọn D: Bên đến với nếu hơn là tại điều.', 4, 1, 0),
  ('5d191c3e-3dca-4be8-a47a-87c1d448e8f2', 'f8bf3fe0-9ae0-4228-9a6e-cc2a902dc3c9', N'Lựa chọn A: Các đi người để khiến dưới chưa cách.', 1, 0, 1),
  ('9f315bdd-f2d9-4a0f-9182-42d162d3673e', 'f8bf3fe0-9ae0-4228-9a6e-cc2a902dc3c9', N'Lựa chọn B: Không hơn nơi lớn chỉ về đó hơn vậy.', 2, 0, 1),
  ('9eff3fcd-7206-4d94-ba2b-611095ba378c', 'f8bf3fe0-9ae0-4228-9a6e-cc2a902dc3c9', N'Lựa chọn C: Đang tự lớn vẫn hơn tại cái bạn bên sau.', 3, 0, 1),
  ('a5853891-d7fe-44ca-80e5-498fc8224753', 'f8bf3fe0-9ae0-4228-9a6e-cc2a902dc3c9', N'Lựa chọn D: Cũng tôi như cũng vẫn.', 4, 1, 1),
  ('96d5fbb9-11c2-4d58-9f12-1e7b8da4e14a', '9bd2348f-b623-44ea-8b38-1eb6185bf6b5', N'Lựa chọn A: Vẫn từ đã như đi cũng số đến.', 1, 0, 0),
  ('162f0b37-7bad-47b7-bf71-af6a634ab8a7', '9bd2348f-b623-44ea-8b38-1eb6185bf6b5', N'Lựa chọn B: Sẽ cũng trong cách rất.', 2, 0, 0),
  ('56006843-2320-45f6-89a1-0ed9cb4ba7ee', '9bd2348f-b623-44ea-8b38-1eb6185bf6b5', N'Lựa chọn C: Nào vì đó và không.', 3, 0, 0),
  ('05fc47b2-cf58-4d81-b908-bb16529d1d91', '9bd2348f-b623-44ea-8b38-1eb6185bf6b5', N'Lựa chọn D: Đó theo đã vì nhiều có chưa tại nhưng gần.', 4, 1, 0),
  ('f30d6b37-984d-4a3c-a709-b49db992db15', '95edda72-94f4-4211-bb4d-e52c05a45261', N'Lựa chọn A: Vài với cái đang và hoặc cách mỗi nếu.', 1, 0, 1),
  ('dd6734bf-82e8-41c3-8330-6f0da880f477', '95edda72-94f4-4211-bb4d-e52c05a45261', N'Lựa chọn B: Sẽ các với khiến hoặc đến lớn rất làm trong.', 2, 0, 1),
  ('0b14c89a-4972-491f-ba1b-f1e64b5ca88a', '95edda72-94f4-4211-bb4d-e52c05a45261', N'Lựa chọn C: Tại không chưa có khi để.', 3, 0, 1),
  ('920b7115-f48d-45c2-ad75-c50cfb8370b9', '95edda72-94f4-4211-bb4d-e52c05a45261', N'Lựa chọn D: Cho của đã tôi không rất bên thế.', 4, 1, 1),
  ('a0bfdc0c-3888-4460-8337-25715ef8c57d', '446c7631-b034-4a0f-80e7-8192d1f1177f', N'Lựa chọn A: Không không có một vẫn.', 1, 0, 0),
  ('ce4deee8-0565-42e7-b5b7-81c41f1f1442', '446c7631-b034-4a0f-80e7-8192d1f1177f', N'Lựa chọn B: Tại không dưới của cái như vài tại.', 2, 0, 0),
  ('6d098709-18f1-44c2-94e0-5dfd477271a5', '446c7631-b034-4a0f-80e7-8192d1f1177f', N'Lựa chọn C: Theo khiến chưa theo giữa tôi có trong.', 3, 0, 0),
  ('e60934e0-b067-4364-b585-6cea6325b438', '446c7631-b034-4a0f-80e7-8192d1f1177f', N'Lựa chọn D: Nào từ hơn điều để có với tại.', 4, 1, 0),
  ('bc670649-61c6-4e47-a33f-2a0361c16581', '1fd4a228-4d7f-4dab-8303-6376ba6cb62e', N'Lựa chọn A: Cũng gần nơi được từ.', 1, 0, 0),
  ('924fa4c0-bc89-4653-bd2a-c7ad9499eb8d', '1fd4a228-4d7f-4dab-8303-6376ba6cb62e', N'Lựa chọn B: Tôi được thì nào hơn với tại.', 2, 1, 0),
  ('6693f5ba-a342-4b6a-b04a-b297e4c6a8c2', '1fd4a228-4d7f-4dab-8303-6376ba6cb62e', N'Lựa chọn C: Là đã các từng như từ với được.', 3, 0, 0),
  ('2cd6552b-fb01-405c-8438-77fbf2b469a6', '1fd4a228-4d7f-4dab-8303-6376ba6cb62e', N'Lựa chọn D: Từ nào cái cho vậy giữa mà điều.', 4, 0, 0),
  ('1f6d94fa-61bf-4150-ba5d-2950c65e08b8', '42daed83-e3c5-47f5-b19d-eb183c27df3a', N'Lựa chọn A: Khiến điều trong cái vì bạn giống giống.', 1, 1, 1),
  ('4b62f932-d8e9-44fe-ac5c-1776e5424955', '42daed83-e3c5-47f5-b19d-eb183c27df3a', N'Lựa chọn B: Thay tại chỉ về số hơn thế được.', 2, 0, 1),
  ('dca52383-2ce8-4d42-8ca1-50a4375ca1d4', '42daed83-e3c5-47f5-b19d-eb183c27df3a', N'Lựa chọn C: Được vì thay làm người sau.', 3, 0, 1),
  ('a3b008e7-533d-489f-a6ff-282505d9eceb', '42daed83-e3c5-47f5-b19d-eb183c27df3a', N'Lựa chọn D: Rất giữa sau đi tại nhiều mỗi bên điều số.', 4, 0, 1),
  ('534187d2-0b2b-4883-9f6e-824e9f4a0bb3', '54f95a5f-2c57-4d1e-9a0b-92f5e82a557f', N'Lựa chọn A: Đi như khiến dưới đang giữa lớn tại các nhiều.', 1, 0, 0),
  ('a6b5bef7-ebb3-449b-9de9-e0b8938cab7a', '54f95a5f-2c57-4d1e-9a0b-92f5e82a557f', N'Lựa chọn B: Tại của bạn rất như.', 2, 1, 0),
  ('d42c7604-b3c7-4355-8792-6f344414ce2c', '54f95a5f-2c57-4d1e-9a0b-92f5e82a557f', N'Lựa chọn C: Từ gần gần để số.', 3, 0, 0),
  ('85018e6b-43d7-4f44-a233-e54c8590a49e', '54f95a5f-2c57-4d1e-9a0b-92f5e82a557f', N'Lựa chọn D: Từ chỉ đang nơi cho.', 4, 0, 0),
  ('4849f88e-b209-4f09-9995-ef4e5e57967e', '2dd14729-b5e9-44ad-b74c-ba3cffd915ce', N'Lựa chọn A: Có đang với mà mỗi sẽ các cái.', 1, 1, 0),
  ('4524cfd5-278f-4894-a06e-e03e0588a153', '2dd14729-b5e9-44ad-b74c-ba3cffd915ce', N'Lựa chọn B: Nào điều nếu theo các bạn vẫn này các.', 2, 0, 0),
  ('beca72d6-f851-405b-8cf2-00a06b4b5935', '2dd14729-b5e9-44ad-b74c-ba3cffd915ce', N'Lựa chọn C: Với của bạn sau vì như về gần với thế.', 3, 0, 0),
  ('157b7a16-0a08-4fe7-b735-18fbc9e2f074', '2dd14729-b5e9-44ad-b74c-ba3cffd915ce', N'Lựa chọn D: Của của mỗi chỉ đúng đó của có nhiều.', 4, 0, 0),
  ('32aa1ceb-aad8-4241-bc4b-9fdb226102bf', '32dbfb42-f92b-4d3a-9fd6-b5ce2309baa9', N'Lựa chọn A: Nếu không gần của có.', 1, 0, 0),
  ('f97d3bb1-9e17-4d21-add0-a4d3f955475c', '32dbfb42-f92b-4d3a-9fd6-b5ce2309baa9', N'Lựa chọn B: Thay hơn chỉ một cũng này để tại như đi.', 2, 0, 0),
  ('ec5a5f6c-0a74-4567-a12d-605d24930615', '32dbfb42-f92b-4d3a-9fd6-b5ce2309baa9', N'Lựa chọn C: Làm của đó người để sẽ.', 3, 1, 0),
  ('a8be04e4-6565-41dc-a60a-2eb7fce7d06f', '32dbfb42-f92b-4d3a-9fd6-b5ce2309baa9', N'Lựa chọn D: Khi như tại để rất cách cách vẫn chỉ.', 4, 0, 0),
  ('179aba79-7e64-4423-bfe5-784fa0bf5a22', '4e402a11-bf63-47c7-b624-32039e0e80a5', N'Lựa chọn A: Cách nhưng đang hơn từng và các.', 1, 0, 1),
  ('afc8feb4-50f6-47e3-ac2b-0bea212a9a97', '4e402a11-bf63-47c7-b624-32039e0e80a5', N'Lựa chọn B: Và dưới mỗi nơi vẫn một là rất trong.', 2, 0, 1),
  ('0c3599cb-a197-4c45-9171-ece1294894e5', '4e402a11-bf63-47c7-b624-32039e0e80a5', N'Lựa chọn C: Để một nhưng các này mỗi.', 3, 1, 1),
  ('c73b1bea-dc7d-4fb2-b0c6-f7982e35c188', '4e402a11-bf63-47c7-b624-32039e0e80a5', N'Lựa chọn D: Đang hoặc điều vì hơn chỉ nhưng giống.', 4, 0, 1),
  ('07f1aa47-58f6-4fe2-94c3-1fb7b9aa8e27', 'd70fba5b-b02b-4b56-8894-7cd355019f09', N'Lựa chọn A: Nhiều là vậy dưới giữa từ thế.', 1, 1, 0),
  ('cec53d59-51cd-40ef-a535-7fbc3090bf60', 'd70fba5b-b02b-4b56-8894-7cd355019f09', N'Lựa chọn B: Rất dưới thì như này.', 2, 0, 0),
  ('4b4493b5-3578-4f96-aa78-bc91530fe3ee', 'd70fba5b-b02b-4b56-8894-7cd355019f09', N'Lựa chọn C: Vài khiến tự theo tôi lớn cũng để như lớn theo.', 3, 0, 0),
  ('f629321b-2588-4886-85fb-e383b217e775', 'd70fba5b-b02b-4b56-8894-7cd355019f09', N'Lựa chọn D: Lớn đang vậy để lớn bạn bên trong.', 4, 0, 0),
  ('533a0011-5dec-4c64-b634-8377ebca5d0d', 'fbf02b12-9faf-42f8-99aa-02bab591d23e', N'Lựa chọn A: Thay có với nếu khiến gần rất nào giữa với.', 1, 0, 0),
  ('6976c569-91c1-4c09-a4dc-7662769179e2', 'fbf02b12-9faf-42f8-99aa-02bab591d23e', N'Lựa chọn B: Gần cho lớn tại này sau của dưới không nhiều.', 2, 0, 0),
  ('12994bab-b241-41fe-b753-135506ce3573', 'fbf02b12-9faf-42f8-99aa-02bab591d23e', N'Lựa chọn C: Tại mỗi đang thay.', 3, 0, 0),
  ('5a8fd7a1-27c0-4db5-8c2c-901641e6abd0', 'fbf02b12-9faf-42f8-99aa-02bab591d23e', N'Lựa chọn D: Tại không như một từ bên cách bạn.', 4, 1, 0),
  ('ab474703-541d-48d6-b1c1-bf0f749fdc4d', '022dfbf4-800b-435b-87b0-3acf04276cd6', N'Lựa chọn A: Để số này cách để như.', 1, 0, 0),
  ('e01cddf3-e44c-481b-9f27-d1ba73c0914c', '022dfbf4-800b-435b-87b0-3acf04276cd6', N'Lựa chọn B: Để với có và đến của trong như từ chỉ.', 2, 0, 0),
  ('00a9b3e7-0773-4ae0-acb6-3c609e3fd61c', '022dfbf4-800b-435b-87b0-3acf04276cd6', N'Lựa chọn C: Mỗi với cũng dưới nơi với cũng.', 3, 0, 0),
  ('028bea00-1cc0-4a0b-b2e5-9d93e5214732', '022dfbf4-800b-435b-87b0-3acf04276cd6', N'Lựa chọn D: Để có có làm tôi bên như từ của.', 4, 1, 0),
  ('978f651f-d618-4cd8-aa68-d3e42c8eaaa3', 'e8e62313-fb95-4ae5-be65-1efbc89e1603', N'Lựa chọn A: Giữa số bạn để khi tại dưới.', 1, 0, 0),
  ('5550a52b-df1b-4b34-a212-7a55d01992e5', 'e8e62313-fb95-4ae5-be65-1efbc89e1603', N'Lựa chọn B: Khi chỉ bạn nhiều tôi tại mỗi cách với có.', 2, 0, 0),
  ('1c40e68e-3ea7-4c0d-a815-22c1d1fc2fd1', 'e8e62313-fb95-4ae5-be65-1efbc89e1603', N'Lựa chọn C: Của các giống khiến đúng cái bên hoặc từng.', 3, 0, 0),
  ('54add120-895d-44a9-88fd-bcbe56df7d3f', 'e8e62313-fb95-4ae5-be65-1efbc89e1603', N'Lựa chọn D: Thay với không nếu.', 4, 1, 0),
  ('7cf2e0e1-d9ec-477e-b25c-f94491e43846', '6fe0dd86-077f-448f-b077-cb3a6d244f61', N'Lựa chọn A: Theo là đó sẽ các tại gần.', 1, 1, 0),
  ('5a366faa-b9bb-48c2-b74d-e43ac772ce37', '6fe0dd86-077f-448f-b077-cb3a6d244f61', N'Lựa chọn B: Đi bạn trong như gần như.', 2, 0, 0),
  ('df7ebd45-b98a-4a79-b62f-68893c6a7b55', '6fe0dd86-077f-448f-b077-cb3a6d244f61', N'Lựa chọn C: Cho người điều đến thay giống có hơn.', 3, 0, 0),
  ('4e3c3b9c-bbc0-4691-a1d7-3b364b489eee', '6fe0dd86-077f-448f-b077-cb3a6d244f61', N'Lựa chọn D: Này như cách vậy đến từng nếu nhưng có.', 4, 0, 0),
  ('21b60e80-674b-42ed-ac8c-920c6c7f3b6c', 'd46e6608-91f5-48dd-b11a-027cabb27066', N'Lựa chọn A: Chỉ của bạn trong không từng điều.', 1, 1, 0),
  ('7bb9e31f-7d0c-4756-ab1b-b17cf449eeed', 'd46e6608-91f5-48dd-b11a-027cabb27066', N'Lựa chọn B: Làm đến để vậy dưới rất đang hoặc nhiều.', 2, 0, 0),
  ('79cbcf7a-a0d5-443d-85b4-beb89158ab45', 'd46e6608-91f5-48dd-b11a-027cabb27066', N'Lựa chọn C: Cái thì trong mà của.', 3, 0, 0),
  ('b1871ef7-1a2a-4e25-92ec-1a38bad57d7f', 'd46e6608-91f5-48dd-b11a-027cabb27066', N'Lựa chọn D: Không bên sau và nhiều với thế vài vậy một.', 4, 0, 0),
  ('192728f5-ae71-42a1-8a92-62983142641f', 'c822309b-dd07-4f15-8494-a371ea117f2b', N'Lựa chọn A: Cũng tự để cũng vẫn nếu nếu một vì.', 1, 1, 1),
  ('dd9bd0e2-ac28-4d67-bfb5-5a834f400af0', 'c822309b-dd07-4f15-8494-a371ea117f2b', N'Lựa chọn B: Theo là điều bạn thay để về như chưa.', 2, 0, 1),
  ('949cea71-64d0-4751-83e6-3ba2caca48c3', 'c822309b-dd07-4f15-8494-a371ea117f2b', N'Lựa chọn C: Được đi được với rất mà để tại của cũng.', 3, 0, 1),
  ('6f4a559b-e349-474e-b8db-dddee9d45906', 'c822309b-dd07-4f15-8494-a371ea117f2b', N'Lựa chọn D: Từng tại cũng nhưng bên chưa vì làm để giống.', 4, 0, 1),
  ('59c09f69-3e0f-4e8b-9a70-2e94f15f06f9', '7934f2d6-0abb-4d3c-bb4e-caccbd7538d3', N'Lựa chọn A: Tại mà cách mỗi này là.', 1, 0, 0),
  ('fc69cfb8-f8d5-4b03-9588-6ac9e0d13d53', '7934f2d6-0abb-4d3c-bb4e-caccbd7538d3', N'Lựa chọn B: Người lớn tại bên điều đúng đi giữa nhiều.', 2, 0, 0),
  ('2a1a7b8b-7cc1-48ee-9de4-136521cdebc4', '7934f2d6-0abb-4d3c-bb4e-caccbd7538d3', N'Lựa chọn C: Nơi mà chỉ chưa trong về từng đang dưới.', 3, 0, 0),
  ('57d566dd-9bbd-4ed3-aea9-611f4d4258ac', '7934f2d6-0abb-4d3c-bb4e-caccbd7538d3', N'Lựa chọn D: Từ về từng vì như đến chỉ như nhưng.', 4, 1, 0),
  ('feffe1b6-ec4b-40dc-ac52-74d042e61614', 'c102ac89-ea54-4109-a6dc-2908bca744a0', N'Lựa chọn A: Sẽ nhiều thế người tự của mỗi để từ mỗi theo.', 1, 1, 1),
  ('016b5719-ec30-4ed0-8b71-3eeb8729ddf5', 'c102ac89-ea54-4109-a6dc-2908bca744a0', N'Lựa chọn B: Từ khi để số khiến vài chưa cũng chưa.', 2, 0, 1),
  ('ee3e1ad5-4c7a-47a2-8644-eda07d049a3e', 'c102ac89-ea54-4109-a6dc-2908bca744a0', N'Lựa chọn C: Bên chỉ để như cũng đúng thì và dưới.', 3, 0, 1),
  ('ea8004aa-486e-47a7-82d3-a8aa4588764b', 'c102ac89-ea54-4109-a6dc-2908bca744a0', N'Lựa chọn D: Một nào không của có từ thay để.', 4, 0, 1),
  ('addb816c-29dc-47f4-8d92-0b77ebbcea7c', '9dc995b5-d0f4-4d88-a31b-62e89bd779ac', N'Lựa chọn A: Đã khiến mỗi người hơn với như hoặc là.', 1, 0, 0),
  ('f64323f4-9e7c-4577-bffd-ede9a8ba0398', '9dc995b5-d0f4-4d88-a31b-62e89bd779ac', N'Lựa chọn B: Đang được có như trong tự đến của từ.', 2, 1, 0),
  ('889a6a75-0c54-49ea-8c25-389ab3801df0', '9dc995b5-d0f4-4d88-a31b-62e89bd779ac', N'Lựa chọn C: Nhiều hơn nơi như rất có.', 3, 0, 0),
  ('f0c1ec52-7592-400f-95ad-7d9917e30ce4', '9dc995b5-d0f4-4d88-a31b-62e89bd779ac', N'Lựa chọn D: Tại thay cho đúng theo của rất hơn giống.', 4, 0, 0),
  ('cd7bdb8d-9608-454d-885c-3a71b6af6e37', '1258b4cf-aa35-43bc-889c-102f785e9f59', N'Lựa chọn A: Điều không có từ như.', 1, 0, 0),
  ('40486e0c-fe8a-45ba-b8aa-3f5731b3679a', '1258b4cf-aa35-43bc-889c-102f785e9f59', N'Lựa chọn B: Tại theo có nhiều không này.', 2, 0, 0),
  ('fe3d7ce7-168a-491c-811f-12c7e94ed2e0', '1258b4cf-aa35-43bc-889c-102f785e9f59', N'Lựa chọn C: Có nhưng vẫn như vài.', 3, 0, 0),
  ('b8534458-9fb1-4e57-b26a-fa558d691a73', '1258b4cf-aa35-43bc-889c-102f785e9f59', N'Lựa chọn D: Tại gần giống cho mỗi nhiều nào đó để.', 4, 1, 0),
  ('1fa54119-9e08-4f0e-8316-4b87fa018cd6', '821da45d-644f-4640-8712-2f67148ab976', N'Lựa chọn A: Rất giữa tôi lớn hơn rất chưa hơn.', 1, 0, 0),
  ('abb604c2-1a40-4858-af2c-8d70c57ce6d2', '821da45d-644f-4640-8712-2f67148ab976', N'Lựa chọn B: Các với cách như của như đi.', 2, 0, 0),
  ('b1e4de3a-d69a-4adf-bb1b-662d74c8a91e', '821da45d-644f-4640-8712-2f67148ab976', N'Lựa chọn C: Theo của sẽ lớn khiến từ vài đang có.', 3, 1, 0),
  ('817331a5-d0c4-4add-880f-9005c2aaa6cc', '821da45d-644f-4640-8712-2f67148ab976', N'Lựa chọn D: Tại người của về và chưa sẽ theo đó.', 4, 0, 0),
  ('96f6d17d-6c48-4d1c-af9a-c09041005a02', '02f12b68-e239-49fd-b361-65f34d9fd11c', N'Lựa chọn A: Nơi dưới mà trong nhưng vài vậy mỗi.', 1, 1, 1),
  ('70ef08ee-a681-4745-b30d-0ddfbc6e239b', '02f12b68-e239-49fd-b361-65f34d9fd11c', N'Lựa chọn B: Bạn sau tại chỉ đến tại cũng và cho vì.', 2, 0, 1),
  ('a6cd0e03-e332-41b2-a0f5-9a8950aab8e5', '02f12b68-e239-49fd-b361-65f34d9fd11c', N'Lựa chọn C: Để rất về nơi cái mà khiến của.', 3, 0, 1),
  ('9309f618-5156-4c03-8274-43f16f34193f', '02f12b68-e239-49fd-b361-65f34d9fd11c', N'Lựa chọn D: Một mỗi đến khiến dưới có.', 4, 0, 1),
  ('bd2c7689-9bf2-469b-a469-0b2c058a3545', '8d3b47fa-ed93-4bc9-9fb7-70845cdfd38f', N'Lựa chọn A: Giữa đúng số vì vậy trong mà với.', 1, 0, 1),
  ('1078e4eb-eff7-4b7c-a0c2-7a3ea99f5ea4', '8d3b47fa-ed93-4bc9-9fb7-70845cdfd38f', N'Lựa chọn B: Vậy nào vài tại có làm lớn sau bên.', 2, 0, 1),
  ('165dc7e3-c8f2-429f-abd6-dcaa37273727', '8d3b47fa-ed93-4bc9-9fb7-70845cdfd38f', N'Lựa chọn C: Đến hoặc giống để giống làm.', 3, 1, 1),
  ('1c81511c-68ab-46e5-8e41-d26f25b0ca2e', '8d3b47fa-ed93-4bc9-9fb7-70845cdfd38f', N'Lựa chọn D: Chỉ và có để cũng này vì vài.', 4, 0, 1),
  ('a986f55a-0b51-42e1-acd2-bc0d138f1259', '445d3bee-0235-4589-9782-99659eed4a35', N'Lựa chọn A: Khiến mà tại thì đó mà.', 1, 0, 0),
  ('7f196306-dacd-497c-8db6-d6e38faafde2', '445d3bee-0235-4589-9782-99659eed4a35', N'Lựa chọn B: Giữa vậy của số tự như.', 2, 0, 0),
  ('ebb6087d-aa64-4f00-b586-35210c2c9fad', '445d3bee-0235-4589-9782-99659eed4a35', N'Lựa chọn C: Tại người từng bạn như hơn của làm trong với.', 3, 0, 0),
  ('28cd6ac5-32dd-46ea-b2ae-3a83af86a06c', '445d3bee-0235-4589-9782-99659eed4a35', N'Lựa chọn D: Thay nơi khiến có có như được.', 4, 1, 0),
  ('b8eb1a9c-55d9-4c63-988b-70b27fbde6a5', '6800fa59-2356-47b5-9607-5988b4de556e', N'Lựa chọn A: Cách rất một đúng với tại gần giữa.', 1, 0, 0),
  ('2d50953b-cb61-4f68-b170-58fe1dd3b554', '6800fa59-2356-47b5-9607-5988b4de556e', N'Lựa chọn B: Tự cách từ vậy.', 2, 1, 0),
  ('67d043ad-2010-4c65-b8c2-80f6ee8b2327', '6800fa59-2356-47b5-9607-5988b4de556e', N'Lựa chọn C: Cái các các của được của vẫn.', 3, 0, 0),
  ('fc8007f3-f92e-457a-abc9-a11de030187e', '6800fa59-2356-47b5-9607-5988b4de556e', N'Lựa chọn D: Khi với cũng người giống tự.', 4, 0, 0),
  ('e0d9a105-cdf0-407c-bb1b-b1cb26d155e7', '41adb2ad-11cb-4bd3-9c9d-846a5dd74cdf', N'Lựa chọn A: Tôi thay chưa thì là sẽ không theo.', 1, 0, 1),
  ('42459387-5387-46c4-a92c-3423539f4dc9', '41adb2ad-11cb-4bd3-9c9d-846a5dd74cdf', N'Lựa chọn B: Sẽ lớn cách là theo tại sau.', 2, 1, 1),
  ('6b7ed3cd-c027-4b2f-919a-e5052db383b2', '41adb2ad-11cb-4bd3-9c9d-846a5dd74cdf', N'Lựa chọn C: Để mà không vẫn một để vì với khi.', 3, 0, 1),
  ('f3517c4f-0d18-4ac3-a129-1ee43e66a7ef', '41adb2ad-11cb-4bd3-9c9d-846a5dd74cdf', N'Lựa chọn D: Của cho chưa vẫn chỉ.', 4, 0, 1),
  ('ff321c4c-7c42-416d-8a18-c49c85910e72', 'b7131f6c-8818-41b5-99f9-2a3369e9a013', N'Lựa chọn A: Rất nào và dưới đi về.', 1, 0, 0),
  ('23150d14-fc32-4195-97e9-7f48748d2527', 'b7131f6c-8818-41b5-99f9-2a3369e9a013', N'Lựa chọn B: Với được cách hoặc cũng được cũng nơi vì vẫn điều.', 2, 1, 0),
  ('de9ac706-aa2b-4134-adb8-4a6067060098', 'b7131f6c-8818-41b5-99f9-2a3369e9a013', N'Lựa chọn C: Của với khiến số sau nơi cho với.', 3, 0, 0),
  ('f7ef82ad-1a63-4e6f-a899-5ad2f801d9f6', 'b7131f6c-8818-41b5-99f9-2a3369e9a013', N'Lựa chọn D: Của vậy có như của đã hoặc đang.', 4, 0, 0),
  ('74c7e812-01e7-4a73-bb44-86c32d7597f1', 'ac5dc39b-0c5b-42b1-9266-18d2f54db228', N'Lựa chọn A: Thế như mà mà cho sẽ.', 1, 0, 0),
  ('93dc2fed-a9e9-4bd1-a973-156b1cefd57c', 'ac5dc39b-0c5b-42b1-9266-18d2f54db228', N'Lựa chọn B: Có tự cũng giữa được như vẫn nếu giống nơi.', 2, 0, 0),
  ('0038289f-6599-4370-9bf7-3cbf0eafbdf0', 'ac5dc39b-0c5b-42b1-9266-18d2f54db228', N'Lựa chọn C: Của để đó hơn về vì gần với hơn như.', 3, 0, 0),
  ('ece9f135-0de9-4769-95a4-30cfd10def73', 'ac5dc39b-0c5b-42b1-9266-18d2f54db228', N'Lựa chọn D: Nhưng rất theo hơn mà của hơn số.', 4, 1, 0),
  ('71994b95-d4ef-40e0-bd8f-70150694781e', 'bedb0af5-a341-440e-9963-f8305e0e2334', N'Lựa chọn A: Nhưng với gần đúng rất.', 1, 0, 0),
  ('c0523c29-880a-4671-bed6-4014934952cd', 'bedb0af5-a341-440e-9963-f8305e0e2334', N'Lựa chọn B: Chỉ vẫn để của giữa trong làm của.', 2, 0, 0),
  ('1eb62ac1-9bf1-4fe0-8120-c4ad6742ed6e', 'bedb0af5-a341-440e-9963-f8305e0e2334', N'Lựa chọn C: Đã tại để để rất cho tại trong.', 3, 0, 0),
  ('dd483617-27a6-4ff8-9bc0-f1bc411f4f3a', 'bedb0af5-a341-440e-9963-f8305e0e2334', N'Lựa chọn D: Là đó hoặc mỗi khi tại từ mỗi từ tự cũng.', 4, 1, 0),
  ('dda0a3a4-af94-493f-b7da-b5166d9689dc', 'b2db582e-a092-47aa-addb-c8e60c43405b', N'Lựa chọn A: Thay làm nơi nhiều thay nhưng để khi thay.', 1, 1, 0),
  ('c1be87ce-af81-4daa-b183-cb95856f2b1f', 'b2db582e-a092-47aa-addb-c8e60c43405b', N'Lựa chọn B: Đến cách làm cái.', 2, 0, 0),
  ('1528e5a3-762a-4887-bfc8-91ecf2ea50cf', 'b2db582e-a092-47aa-addb-c8e60c43405b', N'Lựa chọn C: Như cho người sau thay của một.', 3, 0, 0),
  ('2a121602-2f6b-417d-b73a-658b0c7926f6', 'b2db582e-a092-47aa-addb-c8e60c43405b', N'Lựa chọn D: Các cho như mỗi với.', 4, 0, 0),
  ('aed6a26f-a650-4369-90e6-1c69ab210017', '2fb73679-030d-4d96-aa28-7043d1488a74', N'Lựa chọn A: Rất để của có vì là cũng.', 1, 0, 0),
  ('138467a3-6164-4788-8216-97f51db234c5', '2fb73679-030d-4d96-aa28-7043d1488a74', N'Lựa chọn B: Bên khiến nếu làm cũng.', 2, 0, 0),
  ('58bfa4df-be57-4e1b-adad-196cbbd5075a', '2fb73679-030d-4d96-aa28-7043d1488a74', N'Lựa chọn C: Có khiến mỗi được người.', 3, 0, 0),
  ('c9783d2f-7aa2-4ce2-b6f0-3a33d2754d5b', '2fb73679-030d-4d96-aa28-7043d1488a74', N'Lựa chọn D: Dưới của chỉ khi gần làm hơn.', 4, 1, 0),
  ('21e400f4-ef8e-43fa-b4f2-73f42568ffcf', '34e8b7fb-78c0-4ec7-be65-354b4e0a2ced', N'Lựa chọn A: Số trong trong như về là vài đã.', 1, 1, 1),
  ('49299cc1-886d-4409-85a8-4ca91db51fa7', '34e8b7fb-78c0-4ec7-be65-354b4e0a2ced', N'Lựa chọn B: Từ nào của sau nơi để được theo như vẫn.', 2, 0, 1),
  ('806552ee-a5be-4359-b987-90453aeebb84', '34e8b7fb-78c0-4ec7-be65-354b4e0a2ced', N'Lựa chọn C: Mỗi như khiến của về.', 3, 0, 1),
  ('4a5602a9-d061-4b23-a024-91d57393023d', '34e8b7fb-78c0-4ec7-be65-354b4e0a2ced', N'Lựa chọn D: Tại như người để nhiều từ của thay.', 4, 0, 1),
  ('df1a110f-8bac-4dc7-beb2-8f00d9852b85', 'ea078a7d-b044-48a6-b9e6-4174722b7789', N'Lựa chọn A: Được cách tại có đi chỉ bên cái.', 1, 0, 1),
  ('23244c9f-1517-4f9c-a59f-bf3840f5093e', 'ea078a7d-b044-48a6-b9e6-4174722b7789', N'Lựa chọn B: Người nếu chưa để thay vì của.', 2, 0, 1),
  ('e7447cb6-00df-4754-a522-63e6595d09d2', 'ea078a7d-b044-48a6-b9e6-4174722b7789', N'Lựa chọn C: Là mỗi từng làm đến tôi chỉ.', 3, 0, 1),
  ('34a502cc-42c9-442c-9b81-92abacbfbb6b', 'ea078a7d-b044-48a6-b9e6-4174722b7789', N'Lựa chọn D: Của có đã như tôi dưới này.', 4, 1, 1),
  ('3c695e7e-bf15-475e-a4c2-2db5a50bf108', 'ccbd01ad-9b85-4582-9643-75960a87bfac', N'Lựa chọn A: Cũng để như giữa người đã số.', 1, 0, 0),
  ('ea1639a2-c800-4b73-a42a-726aaec9caab', 'ccbd01ad-9b85-4582-9643-75960a87bfac', N'Lựa chọn B: Vậy trong vậy khi nơi.', 2, 1, 0),
  ('feed2d87-b037-40ac-8598-d7162bcac448', 'ccbd01ad-9b85-4582-9643-75960a87bfac', N'Lựa chọn C: Bạn của đến nào để nào.', 3, 0, 0),
  ('c6fca393-8d8b-45d8-b768-e40764165fa5', 'ccbd01ad-9b85-4582-9643-75960a87bfac', N'Lựa chọn D: Có giữa giống cái với hoặc đó có một.', 4, 0, 0),
  ('53b3627f-77ef-4f59-a5b3-1f5d0399a265', '651a9cd9-5be4-4588-9547-5c39907ba2be', N'Lựa chọn A: Cái nơi đã nơi của hơn cách theo mỗi.', 1, 1, 0),
  ('4d1e69da-b90f-4a96-a437-1027ca2fe48d', '651a9cd9-5be4-4588-9547-5c39907ba2be', N'Lựa chọn B: Theo là thế không và được như từng hơn từng.', 2, 0, 0),
  ('a66c57c4-eb6b-48cd-a123-a4529f13a4fc', '651a9cd9-5be4-4588-9547-5c39907ba2be', N'Lựa chọn C: Cái khi làm cũng mà với sẽ rất.', 3, 0, 0),
  ('5ed9be48-b528-4add-8847-205cc1d2c587', '651a9cd9-5be4-4588-9547-5c39907ba2be', N'Lựa chọn D: Gần tại nhiều khiến.', 4, 0, 0),
  ('22e6c031-553d-4ee9-ae96-3ea803817a55', 'c1273c6a-37af-4198-9d01-771ef3af7eee', N'Lựa chọn A: Các này một vậy tại.', 1, 1, 0),
  ('c31362ec-06e3-4bbc-aac8-f472dc68bb2e', 'c1273c6a-37af-4198-9d01-771ef3af7eee', N'Lựa chọn B: Chỉ như hơn đúng giống như.', 2, 0, 0),
  ('40376040-22a4-4b03-9852-f046c8189d17', 'c1273c6a-37af-4198-9d01-771ef3af7eee', N'Lựa chọn C: Như chưa là trong.', 3, 0, 0),
  ('a73e68c0-97db-4f5b-b0bf-a86bbd627714', 'c1273c6a-37af-4198-9d01-771ef3af7eee', N'Lựa chọn D: Giống cho số sau hoặc để theo vì.', 4, 0, 0),
  ('7b3fb2c8-5b70-4208-a824-236ee8657314', '67742b57-8ed5-440b-8d56-69ce21c66280', N'Lựa chọn A: Hơn chỉ khiến người như tại nhưng.', 1, 1, 1),
  ('fa006dca-72aa-47ff-8386-45b9a0ded125', '67742b57-8ed5-440b-8d56-69ce21c66280', N'Lựa chọn B: Như từng sau cũng cũng vậy.', 2, 0, 1),
  ('67181a47-ad46-44f3-84e1-4f9dadf9f138', '67742b57-8ed5-440b-8d56-69ce21c66280', N'Lựa chọn C: Làm đó tại từng thế thế.', 3, 0, 1),
  ('db6dac66-758f-4293-b292-e657f2f162db', '67742b57-8ed5-440b-8d56-69ce21c66280', N'Lựa chọn D: Cái tôi điều gần đang gần tự.', 4, 0, 1),
  ('17accb91-bd20-4f9c-9ad7-9254a3952385', 'f5a43423-cdd6-4b4d-8198-34100441d234', N'Lựa chọn A: Nào thế là đi để như cách.', 1, 0, 0),
  ('fda46106-48d5-4270-8620-d5f20a152e00', 'f5a43423-cdd6-4b4d-8198-34100441d234', N'Lựa chọn B: Hơn một để đang về được nhiều bên.', 2, 0, 0),
  ('45be3da8-cc78-4abd-b08a-a1e050589759', 'f5a43423-cdd6-4b4d-8198-34100441d234', N'Lựa chọn C: Đúng cũng hơn để và gần chỉ tại mỗi.', 3, 1, 0),
  ('d59b461c-e479-4c12-b933-e51aa65ce5d9', 'f5a43423-cdd6-4b4d-8198-34100441d234', N'Lựa chọn D: Để đến vì từ tại giữa nơi số mà nào.', 4, 0, 0),
  ('27140620-cae8-44eb-a5f5-e366e3d671ec', '3928f8dc-08ff-406f-8c19-76693bc88c79', N'Lựa chọn A: Của vậy tôi dưới thế có nếu như.', 1, 0, 0),
  ('2688900c-3c4e-48d6-91ee-7e2d4717f4a0', '3928f8dc-08ff-406f-8c19-76693bc88c79', N'Lựa chọn B: Gần các bạn vậy với gần cách tại.', 2, 0, 0),
  ('40499a47-220d-4f8b-bf27-590e13699e73', '3928f8dc-08ff-406f-8c19-76693bc88c79', N'Lựa chọn C: Nào là để cũng đúng điều của điều.', 3, 1, 0),
  ('ed26e6ae-e76b-43ce-91f5-9f6f48b5407d', '3928f8dc-08ff-406f-8c19-76693bc88c79', N'Lựa chọn D: Cách các từng với để cũng một.', 4, 0, 0),
  ('58f68c7f-b700-4743-ba01-6708e7e1cb32', 'c3f891e7-f49e-4c20-b546-1924ae56eded', N'Lựa chọn A: Mà nếu sau cho thay đi tôi.', 1, 0, 0),
  ('68269c33-e9e8-4bdc-ba63-2c41ece5d7a5', 'c3f891e7-f49e-4c20-b546-1924ae56eded', N'Lựa chọn B: Gần thế điều để.', 2, 1, 0),
  ('03cc6ab9-deeb-4653-bd8d-da5985f8bd94', 'c3f891e7-f49e-4c20-b546-1924ae56eded', N'Lựa chọn C: Và thế như từ chưa nhiều hơn để đó.', 3, 0, 0),
  ('fb89e52d-dc62-4533-8a2c-3a7dca51e2dd', 'c3f891e7-f49e-4c20-b546-1924ae56eded', N'Lựa chọn D: Điều về có nếu.', 4, 0, 0),
  ('80158958-b96c-43a9-8c8e-5bb5ac12d81c', '2836394e-ca1b-4461-b8ec-f799045afa0c', N'Lựa chọn A: Và rất như thế nhiều sẽ có tại cái sẽ có.', 1, 1, 0),
  ('bb21ded0-76ba-4b89-aa37-570ed357af58', '2836394e-ca1b-4461-b8ec-f799045afa0c', N'Lựa chọn B: Số số như rất vài.', 2, 0, 0),
  ('3455dbb1-5948-4b47-af82-ede6e3aeb744', '2836394e-ca1b-4461-b8ec-f799045afa0c', N'Lựa chọn C: Có vì của vậy được đang giống thay nào với.', 3, 0, 0),
  ('f99178c2-1233-49b6-9b75-5a0bf2236f20', '2836394e-ca1b-4461-b8ec-f799045afa0c', N'Lựa chọn D: Của như và người trong gần trong đi như không.', 4, 0, 0),
  ('9501c3ee-6fd3-46fb-bbbc-fa8068b72d80', 'fd2be757-bb13-47b1-9393-928a99b6f9ed', N'Lựa chọn A: Điều làm lớn thay từng điều.', 1, 1, 0),
  ('a1287e4f-e07d-4f75-9816-37cc465d2906', 'fd2be757-bb13-47b1-9393-928a99b6f9ed', N'Lựa chọn B: Thay tôi từ người hơn đến.', 2, 0, 0),
  ('f1d1ef87-c54c-4bdf-9223-f0df374dad0a', 'fd2be757-bb13-47b1-9393-928a99b6f9ed', N'Lựa chọn C: Cũng của như nhiều như của vậy làm.', 3, 0, 0),
  ('e3492c96-ce88-45bb-868b-d33bb03cc74e', 'fd2be757-bb13-47b1-9393-928a99b6f9ed', N'Lựa chọn D: Của chưa vì từ mỗi đang.', 4, 0, 0),
  ('43608e84-8fa7-402a-876a-5e92971a3cee', '0ff858ba-24fb-4826-a421-11b5fdb5194e', N'Lựa chọn A: Có cách trong chỉ với tôi.', 1, 0, 0),
  ('238a9eaf-473c-4acc-a21c-86b91d5d1763', '0ff858ba-24fb-4826-a421-11b5fdb5194e', N'Lựa chọn B: Khi vậy vẫn cách theo.', 2, 1, 0),
  ('958a9940-f831-4303-b4c7-a1409713fa52', '0ff858ba-24fb-4826-a421-11b5fdb5194e', N'Lựa chọn C: Nơi nếu tự và thì bạn.', 3, 0, 0),
  ('0c6adee9-be68-40f9-bbbb-0f522b7d4023', '0ff858ba-24fb-4826-a421-11b5fdb5194e', N'Lựa chọn D: Như như để là của như của đang của để.', 4, 0, 0),
  ('775b26ef-727c-419a-8dd5-52f93b6cfc74', '8c4b1e49-3f46-4917-9914-7567c6d6bf9a', N'Lựa chọn A: Dưới thay nhưng của thì khiến dưới thay bên một.', 1, 0, 0),
  ('d91e0ca5-4af6-495a-9856-f4dfbbcfad09', '8c4b1e49-3f46-4917-9914-7567c6d6bf9a', N'Lựa chọn B: Một về vài sẽ cho lớn đến cho.', 2, 0, 0),
  ('58c71579-4ef6-479e-a638-c9c1261940eb', '8c4b1e49-3f46-4917-9914-7567c6d6bf9a', N'Lựa chọn C: Có chưa của để để hơn khi.', 3, 0, 0),
  ('f4a4466d-00ef-478e-8511-87593aa25b73', '8c4b1e49-3f46-4917-9914-7567c6d6bf9a', N'Lựa chọn D: Cũng mỗi để đi khi hơn đang giống của như tại.', 4, 1, 0),
  ('5f6d1a3f-410b-4d77-bc90-b3996584da78', 'ad683bf0-2a65-42b7-99c1-0228fee1e35c', N'Lựa chọn A: Với số như dưới vì các đến với về.', 1, 0, 0),
  ('82ac7541-30ad-45ee-beb1-7596922089f1', 'ad683bf0-2a65-42b7-99c1-0228fee1e35c', N'Lựa chọn B: Số rất này thì theo cái trong cho.', 2, 1, 0),
  ('b69700a1-6779-470c-9d0f-d41b3df075f4', 'ad683bf0-2a65-42b7-99c1-0228fee1e35c', N'Lựa chọn C: Chưa vài đúng cái gần lớn.', 3, 0, 0),
  ('94eac1c3-8381-4c06-b2b4-0b0a217fc5ac', 'ad683bf0-2a65-42b7-99c1-0228fee1e35c', N'Lựa chọn D: Thay này cũng hơn từng dưới tự.', 4, 0, 0),
  ('216b7b2f-680b-46d2-8458-4de391ca4caa', '00f0725b-69ee-4091-93ee-5c52233f8b6e', N'Lựa chọn A: Thay điều mà là từ tự trong.', 1, 0, 0),
  ('40e681ba-6e6a-47da-84ea-02fccb9ea9a2', '00f0725b-69ee-4091-93ee-5c52233f8b6e', N'Lựa chọn B: Cũng giống của rất của là giữa người tại tại.', 2, 0, 0),
  ('46172882-5a79-42b4-b56f-eb66ea69d551', '00f0725b-69ee-4091-93ee-5c52233f8b6e', N'Lựa chọn C: Người đúng từng sau người từ trong cho.', 3, 0, 0),
  ('592d7e1f-2582-4134-a894-1c92257fae69', '00f0725b-69ee-4091-93ee-5c52233f8b6e', N'Lựa chọn D: Với đang dưới khi mà mỗi đến của.', 4, 1, 0),
  ('9cc87a0e-c42b-4a0e-909d-c86fce1ba47d', '2597673d-7e43-4c01-a16f-32c0075171fd', N'Lựa chọn A: Hơn về khiến vậy bên theo hơn trong.', 1, 0, 1),
  ('04b505e7-67fa-4701-8abc-81c1c85bf2e4', '2597673d-7e43-4c01-a16f-32c0075171fd', N'Lựa chọn B: Cách cho khi hơn thì.', 2, 0, 1),
  ('d7f3ba81-8329-4031-818e-b82b0198d961', '2597673d-7e43-4c01-a16f-32c0075171fd', N'Lựa chọn C: Đi không khi đã vẫn các.', 3, 0, 1),
  ('b47e4206-6ddc-4554-9d6e-9f505bdd7d89', '2597673d-7e43-4c01-a16f-32c0075171fd', N'Lựa chọn D: Sau nơi có cũng thì các nào.', 4, 1, 1),
  ('52b03c43-64ce-4ac1-8d73-e9787a325122', 'a2ee64a7-74b5-48be-a783-970a5f8f2426', N'Lựa chọn A: Với tự từ nơi đi nhiều đi để một đang.', 1, 1, 1),
  ('38aea751-593f-4992-bbe8-bb8398a40b7a', 'a2ee64a7-74b5-48be-a783-970a5f8f2426', N'Lựa chọn B: Vẫn người khi cái mỗi.', 2, 0, 1),
  ('b9bb3e7c-5074-4b57-83d5-93a963d0aab3', 'a2ee64a7-74b5-48be-a783-970a5f8f2426', N'Lựa chọn C: Bên bạn khi để không từ các hoặc khiến nhiều.', 3, 0, 1),
  ('56ea9ea2-03f0-4912-bdc0-b941cb5fbc8d', 'a2ee64a7-74b5-48be-a783-970a5f8f2426', N'Lựa chọn D: Vì mỗi giữa tại như số thế vẫn.', 4, 0, 1),
  ('1d1ca893-c8a5-4674-a4d7-fa7fa70624cf', 'bbb823ad-71c7-42cf-9d8e-ffa57757692e', N'Lựa chọn A: Chưa đi một như về số tại.', 1, 0, 0),
  ('e59cc159-9b44-475a-92cc-80e4b7f08608', 'bbb823ad-71c7-42cf-9d8e-ffa57757692e', N'Lựa chọn B: Tôi cái vài từ người lớn thì như.', 2, 0, 0),
  ('4ee5c8ba-2b78-4972-92af-b7f24ccbf656', 'bbb823ad-71c7-42cf-9d8e-ffa57757692e', N'Lựa chọn C: Này dưới trong sau như.', 3, 0, 0),
  ('3a2a5639-cf5b-4a0a-879c-eb4a283ddb20', 'bbb823ad-71c7-42cf-9d8e-ffa57757692e', N'Lựa chọn D: Có từng từ sẽ như cách chỉ.', 4, 1, 0),
  ('444f55fb-e8d6-4a04-b7ad-674c5106df43', '7d58d488-fbcb-4602-8bed-6e1e83413a0b', N'Lựa chọn A: Có cũng nhưng nào với nếu dưới.', 1, 0, 0),
  ('a9ca9cf5-3844-49d0-8953-631d5da27562', '7d58d488-fbcb-4602-8bed-6e1e83413a0b', N'Lựa chọn B: Cách số và với với.', 2, 0, 0),
  ('a6e2a890-623b-423a-bd32-05f84b71e76f', '7d58d488-fbcb-4602-8bed-6e1e83413a0b', N'Lựa chọn C: Như có để để trong dưới với vài gần.', 3, 1, 0),
  ('04db828d-acb3-4957-ac37-28ef3b530aa6', '7d58d488-fbcb-4602-8bed-6e1e83413a0b', N'Lựa chọn D: Hơn thì để của.', 4, 0, 0),
  ('c059b053-d5a7-427e-a9d6-52a7c378c19e', 'c2535685-b074-45f9-90db-22898b1debc3', N'Lựa chọn A: Vẫn số tự rất như giống là số.', 1, 1, 0),
  ('774d2a51-a4b1-4e86-8a3d-5af1cadca4d2', 'c2535685-b074-45f9-90db-22898b1debc3', N'Lựa chọn B: Đã điều và bạn có nơi.', 2, 0, 0),
  ('cfe56b8c-223b-4973-b808-4ef49194259b', 'c2535685-b074-45f9-90db-22898b1debc3', N'Lựa chọn C: Thế thì đi bạn.', 3, 0, 0),
  ('41b64c77-911e-426d-a19e-c603693f99e5', 'c2535685-b074-45f9-90db-22898b1debc3', N'Lựa chọn D: Thì cho lớn như như như tôi.', 4, 0, 0),
  ('a75e61ff-8724-4543-9cab-74c7b6127097', 'e978a551-4f85-4b7d-8987-b6ab2e4b35ae', N'Lựa chọn A: Số từ với không.', 1, 0, 0),
  ('abf52656-3a92-40b6-b87b-6b39e5ce40e1', 'e978a551-4f85-4b7d-8987-b6ab2e4b35ae', N'Lựa chọn B: Để đang vẫn bên hơn như theo tự.', 2, 0, 0),
  ('0be290f6-8847-4cf7-9ab5-b27d4d04f3c6', 'e978a551-4f85-4b7d-8987-b6ab2e4b35ae', N'Lựa chọn C: Thay đã thay đúng đó nhưng thì.', 3, 1, 0),
  ('57c89b05-e376-4bce-bfc7-07eb5a881044', 'e978a551-4f85-4b7d-8987-b6ab2e4b35ae', N'Lựa chọn D: Điều vài gần không lớn hoặc tôi nơi vẫn gần.', 4, 0, 0),
  ('e87bf1e3-e213-4241-998f-eed65d3199fa', '0cd2411a-6f24-4ae7-b26b-e46b0fe51aba', N'Lựa chọn A: Nào nào số cũng vài lớn như gần thế đến trong.', 1, 1, 1),
  ('e48827ee-e174-427a-a348-6567fc0ee5cf', '0cd2411a-6f24-4ae7-b26b-e46b0fe51aba', N'Lựa chọn B: Nhưng đã giống điều các chỉ tại nhưng khi.', 2, 0, 1),
  ('ba2edb43-4a2f-41db-88e0-2a605c73ed75', '0cd2411a-6f24-4ae7-b26b-e46b0fe51aba', N'Lựa chọn C: Gần gần chỉ vài nào.', 3, 0, 1),
  ('1faf7374-c9ab-4e75-a0f5-901c71f81326', '0cd2411a-6f24-4ae7-b26b-e46b0fe51aba', N'Lựa chọn D: Và thế trong đến từ để sau.', 4, 0, 1),
  ('41733d51-f123-4fb5-985a-7b3475762d92', '74626c3d-ed0d-42af-9494-603d999506df', N'Lựa chọn A: Từ có điều mỗi vì.', 1, 1, 1),
  ('3785fe9c-c9c4-4c1c-a5a8-f3c7cc569240', '74626c3d-ed0d-42af-9494-603d999506df', N'Lựa chọn B: Giữa với bạn đúng sẽ nhiều này đến.', 2, 0, 1),
  ('e4be85bb-88cb-4b86-acf3-f97aa8642858', '74626c3d-ed0d-42af-9494-603d999506df', N'Lựa chọn C: Cách cách trong hơn tôi không.', 3, 0, 1),
  ('4d4c96a4-2f21-4f4a-9c38-cd5fb0082e23', '74626c3d-ed0d-42af-9494-603d999506df', N'Lựa chọn D: Như vài hơn không các như là đó thì thay.', 4, 0, 1),
  ('0dc396fb-91db-45b0-99cd-a607b89c4175', 'e053fa77-cfda-4430-a2ad-f3e1a8fb57fc', N'Lựa chọn A: Được được bên sau cho tự thay.', 1, 0, 1),
  ('3f7c313f-1687-4228-84aa-d2e6923612c9', 'e053fa77-cfda-4430-a2ad-f3e1a8fb57fc', N'Lựa chọn B: Mỗi người trong với lớn tự thì từng.', 2, 0, 1),
  ('2660cff8-9b37-445b-8a97-057dafc4f691', 'e053fa77-cfda-4430-a2ad-f3e1a8fb57fc', N'Lựa chọn C: Lớn hơn cũng theo tự chỉ.', 3, 0, 1),
  ('5c18c6e9-5ac2-4ca7-98db-22c82be9271b', 'e053fa77-cfda-4430-a2ad-f3e1a8fb57fc', N'Lựa chọn D: Để như được nơi có có cách.', 4, 1, 1),
  ('08d1abd5-7bd6-4902-b3bf-f3b60379e8cf', '75cee0da-a661-45f7-a8b8-c8d319fd7131', N'Lựa chọn A: Làm nhưng từ đến sau vài sau sau.', 1, 0, 0),
  ('4ba14ec1-adea-41c1-9a5e-a28bc001ddfa', '75cee0da-a661-45f7-a8b8-c8d319fd7131', N'Lựa chọn B: Số như giống không vì.', 2, 1, 0),
  ('d3af06a1-0a48-4921-a8b8-bf3c1bed4fa5', '75cee0da-a661-45f7-a8b8-c8d319fd7131', N'Lựa chọn C: Này người sẽ cho và.', 3, 0, 0),
  ('1aa5add3-c2d3-4922-a994-1266ee0d2f0d', '75cee0da-a661-45f7-a8b8-c8d319fd7131', N'Lựa chọn D: Vậy khiến này đang từ vài.', 4, 0, 0),
  ('9ecd8fd2-6166-46a1-9b28-9c187d173b76', 'a12213fe-6bca-4a87-942b-e15adb2c2df9', N'Lựa chọn A: Một để giống số của mà đang tôi.', 1, 1, 0),
  ('fab3e327-c260-4f92-bafd-d6e764ce579e', 'a12213fe-6bca-4a87-942b-e15adb2c2df9', N'Lựa chọn B: Hơn cũng từ gần.', 2, 0, 0),
  ('ae29ed8c-d5c5-4269-a572-e3264b0af239', 'a12213fe-6bca-4a87-942b-e15adb2c2df9', N'Lựa chọn C: Như như này về từ.', 3, 0, 0),
  ('65b403b6-8555-4bf3-95a3-ce93e9ca4249', 'a12213fe-6bca-4a87-942b-e15adb2c2df9', N'Lựa chọn D: Hơn với bạn hơn nếu của trong nào.', 4, 0, 0),
  ('7c8b70da-5960-47b8-b208-c16955672faf', '995989d7-faef-48b4-b590-e2571dc81265', N'Lựa chọn A: Vậy lớn tôi của sẽ tại rất được để đó cái.', 1, 0, 1),
  ('d7fe9136-7b69-414f-acf7-e9c13cc59ece', '995989d7-faef-48b4-b590-e2571dc81265', N'Lựa chọn B: Tại với của đã thay.', 2, 0, 1),
  ('3d6a9421-22a5-4f94-923f-f40bdbfada2b', '995989d7-faef-48b4-b590-e2571dc81265', N'Lựa chọn C: Của như một nơi theo lớn.', 3, 1, 1),
  ('4021a24f-a96f-4258-b292-4168a61a5f9d', '995989d7-faef-48b4-b590-e2571dc81265', N'Lựa chọn D: Cái chưa gần sẽ giống một đã của về.', 4, 0, 1),
  ('98563472-afdb-4ded-a584-9e57c10b9124', '238d6124-665c-41d2-8560-c2c668f6a700', N'Lựa chọn A: Từ nhiều thế của dưới chỉ.', 1, 1, 0),
  ('1f2605ad-6901-42a6-998a-2bcd7ce984a6', '238d6124-665c-41d2-8560-c2c668f6a700', N'Lựa chọn B: Từ và như thay đi như tại bạn thế của.', 2, 0, 0),
  ('7f819222-6636-44cb-9b91-91b9ae702486', '238d6124-665c-41d2-8560-c2c668f6a700', N'Lựa chọn C: Đúng đang bên để có nơi nếu.', 3, 0, 0),
  ('af3e520c-2312-4f8c-881a-58c1926a52c2', '238d6124-665c-41d2-8560-c2c668f6a700', N'Lựa chọn D: Giống bạn nơi sẽ mà.', 4, 0, 0),
  ('aaecfbf4-1b6c-4789-ac3e-179f67dd37fc', 'be6df1ca-b650-413f-9ab7-6d977a1718c2', N'Lựa chọn A: Điều đúng khiến với từng khiến có mỗi của từng.', 1, 0, 0),
  ('6b762d1b-5f96-416a-9dfd-f6ea10c241b7', 'be6df1ca-b650-413f-9ab7-6d977a1718c2', N'Lựa chọn B: Tự đúng thì giống số gần làm.', 2, 0, 0),
  ('c03a9fe0-dc65-41b8-8df3-551e7dd8336b', 'be6df1ca-b650-413f-9ab7-6d977a1718c2', N'Lựa chọn C: Của của và rất từ cũng là hơn rất.', 3, 1, 0),
  ('4d05f86f-0f60-4e38-be2c-e935cddc2184', 'be6df1ca-b650-413f-9ab7-6d977a1718c2', N'Lựa chọn D: Số nhiều nào vẫn tại khi thế vì cho thay.', 4, 0, 0),
  ('f10a518d-29bc-42e9-ac6a-ed191e3b7090', 'c4a6ffe0-4b26-4bb6-9991-c51805878852', N'Lựa chọn A: Có với theo từ thay hoặc thì.', 1, 0, 1),
  ('d77e4a98-7f91-4a4a-9d74-70ae8e9c7793', 'c4a6ffe0-4b26-4bb6-9991-c51805878852', N'Lựa chọn B: Như nhiều đã sau về.', 2, 0, 1),
  ('621f5e31-bf89-458a-af09-bd27977abf0b', 'c4a6ffe0-4b26-4bb6-9991-c51805878852', N'Lựa chọn C: Theo đúng các như mỗi cách.', 3, 1, 1),
  ('bb807a99-2c3b-41c3-b752-d591be7ceb63', 'c4a6ffe0-4b26-4bb6-9991-c51805878852', N'Lựa chọn D: Vậy cái giống giữa khiến vì hơn và cách.', 4, 0, 1),
  ('fbd7bb74-5db8-4ec3-bf9d-a438b67c30ff', 'e5bd41eb-fde1-4fc1-be23-505f92d51c98', N'Lựa chọn A: Thế đến lớn các được nơi với.', 1, 0, 0),
  ('52023cfc-1dc2-4d2e-9fbd-7a6cc4833046', 'e5bd41eb-fde1-4fc1-be23-505f92d51c98', N'Lựa chọn B: Hoặc nhiều về tại này chưa.', 2, 1, 0),
  ('d2612647-e132-48c2-8a89-f32c9360924f', 'e5bd41eb-fde1-4fc1-be23-505f92d51c98', N'Lựa chọn C: Vẫn một sau đã nhiều vậy đang giống.', 3, 0, 0),
  ('b9fee572-bbd6-4758-9c17-51a8ee8ca340', 'e5bd41eb-fde1-4fc1-be23-505f92d51c98', N'Lựa chọn D: Rất này tại khi cũng.', 4, 0, 0),
  ('bbdbed68-49b8-41d8-8491-9b47d0919ea4', '0baefdc3-b038-4a8a-bf3d-646d8af68a0a', N'Lựa chọn A: Nếu trong để thay đúng.', 1, 0, 0),
  ('acc6299e-a45b-486c-a47c-3757691284b4', '0baefdc3-b038-4a8a-bf3d-646d8af68a0a', N'Lựa chọn B: Cách để vậy để cũng không cách có được chỉ.', 2, 1, 0),
  ('80ba9338-f724-4fbe-81e2-0f1f510177af', '0baefdc3-b038-4a8a-bf3d-646d8af68a0a', N'Lựa chọn C: Cũng chưa để điều.', 3, 0, 0),
  ('a1d13e9e-ff55-4bf4-a971-167a29a2222c', '0baefdc3-b038-4a8a-bf3d-646d8af68a0a', N'Lựa chọn D: Bạn cũng từ cái không cũng.', 4, 0, 0),
  ('e9e9c185-257f-4843-a3ad-3e9b0d7636a4', 'dda842f2-86b5-4037-aeb4-fcb7e11f637b', N'Lựa chọn A: Nơi đến chưa điều đi giữa nhưng một.', 1, 1, 1),
  ('3b7fec2e-2303-4d61-9c0e-f454a30d0ea8', 'dda842f2-86b5-4037-aeb4-fcb7e11f637b', N'Lựa chọn B: Cho cái này đến để như nhưng.', 2, 0, 1),
  ('0a769e26-728f-41cc-8e07-ea4dda0ae80a', 'dda842f2-86b5-4037-aeb4-fcb7e11f637b', N'Lựa chọn C: Cách làm mà thì vài bạn thay với mỗi người.', 3, 0, 1),
  ('c5561bdf-2779-418c-aa30-230b1a3975f8', 'dda842f2-86b5-4037-aeb4-fcb7e11f637b', N'Lựa chọn D: Số gần sau của người điều trong nào.', 4, 0, 1),
  ('9c376235-ce8c-48d6-97b0-d6538f878945', '980ac4ef-198c-4b2d-830e-32f248b8821f', N'Lựa chọn A: Vẫn là cái chưa được một sẽ.', 1, 0, 1),
  ('c73d6cd7-a23b-42cd-9835-6a3642388253', '980ac4ef-198c-4b2d-830e-32f248b8821f', N'Lựa chọn B: Thì nhiều về chưa.', 2, 0, 1),
  ('cc05b436-67a5-407c-8703-160297bc5417', '980ac4ef-198c-4b2d-830e-32f248b8821f', N'Lựa chọn C: Làm cũng hoặc tại gần khiến như của từ.', 3, 0, 1),
  ('4eac499c-6620-436f-bce4-1b1d42b93e41', '980ac4ef-198c-4b2d-830e-32f248b8821f', N'Lựa chọn D: Đi có đã tại trong hoặc cũng đó nào đi.', 4, 1, 1),
  ('54b726a0-eb34-4bac-8dec-f1584777b6e0', '1a9bab90-bd3a-414c-b16b-392c5aafc5b9', N'Lựa chọn A: Một về tôi nhiều của như.', 1, 0, 1),
  ('34736d4e-6f65-4868-a243-c0674899398f', '1a9bab90-bd3a-414c-b16b-392c5aafc5b9', N'Lựa chọn B: Đã để với thay sẽ có với trong khi là.', 2, 0, 1),
  ('4cd88676-9872-44f1-a11c-feb4f6e30bb4', '1a9bab90-bd3a-414c-b16b-392c5aafc5b9', N'Lựa chọn C: Số được nhiều trong khiến.', 3, 1, 1),
  ('256756fd-1a94-4092-9ec5-0df0856eb105', '1a9bab90-bd3a-414c-b16b-392c5aafc5b9', N'Lựa chọn D: Cũng cách người cho làm để về thế.', 4, 0, 1),
  ('d1c209dc-35f8-4932-b372-f5337d511eb1', 'e3ffa768-4d73-4ea9-922e-fc631306d986', N'Lựa chọn A: Như rất bạn về thay tự số có như.', 1, 0, 0),
  ('4bdcf657-b0b8-4097-95d4-fc2a71b7e1c4', 'e3ffa768-4d73-4ea9-922e-fc631306d986', N'Lựa chọn B: Về trong tại bên rất thế.', 2, 1, 0),
  ('99d3f127-81a0-4311-8729-b53509245185', 'e3ffa768-4d73-4ea9-922e-fc631306d986', N'Lựa chọn C: Sau chưa một rất nơi vì trong vài.', 3, 0, 0),
  ('dd515629-5456-48dc-aa96-0906e444c7dc', 'e3ffa768-4d73-4ea9-922e-fc631306d986', N'Lựa chọn D: Cái nếu cách đó và khi là.', 4, 0, 0),
  ('8fe54f3d-380f-418a-b81b-bace33a38ee0', '02a5ffd8-e002-42ae-8b87-2248b479eae4', N'Lựa chọn A: Thì đang là lớn cách.', 1, 0, 0),
  ('100b3bd9-bbd0-4fea-9863-f36615cb633a', '02a5ffd8-e002-42ae-8b87-2248b479eae4', N'Lựa chọn B: Cách có là hơn như cái với.', 2, 0, 0),
  ('15010791-42f8-475a-ad9c-cc0c585a4f0b', '02a5ffd8-e002-42ae-8b87-2248b479eae4', N'Lựa chọn C: Cái nhưng đó mỗi rất trong bạn như.', 3, 0, 0),
  ('9f265eb9-530a-4577-925a-d463fd6d85cf', '02a5ffd8-e002-42ae-8b87-2248b479eae4', N'Lựa chọn D: Giống về chỉ sẽ thay có được là.', 4, 1, 0),
  ('06167b4c-19ba-4464-9b2c-89f3c7f295f1', 'e6c938d8-4a7d-4a86-8e72-0501974b0479', N'Lựa chọn A: Hơn trong cách tôi vì.', 1, 0, 0),
  ('afd93cab-3d5a-4bbd-98b8-bf515ca37cfa', 'e6c938d8-4a7d-4a86-8e72-0501974b0479', N'Lựa chọn B: Có cho hoặc hơn của từ các thay giữa về.', 2, 1, 0),
  ('97a4afcc-1cd4-473c-8dfa-fc87c065ef50', 'e6c938d8-4a7d-4a86-8e72-0501974b0479', N'Lựa chọn C: Như hơn đúng từ hoặc từ để.', 3, 0, 0),
  ('5f117ca2-5738-43df-9c3f-3cc58fed5560', 'e6c938d8-4a7d-4a86-8e72-0501974b0479', N'Lựa chọn D: Đến thì nào giống không với.', 4, 0, 0),
  ('2a6462e8-bba1-481a-a280-103244338255', '9c836c13-3397-4e40-87e2-80f1b86f84f6', N'Lựa chọn A: Cũng từ chỉ như mà được đã giống giống để.', 1, 0, 1),
  ('7acdc387-27ac-4b21-9c3b-7782a820fa0b', '9c836c13-3397-4e40-87e2-80f1b86f84f6', N'Lựa chọn B: Gần sẽ thì mỗi nhiều.', 2, 1, 1),
  ('7a3317cc-4fad-4629-817d-bbdee5b7645e', '9c836c13-3397-4e40-87e2-80f1b86f84f6', N'Lựa chọn C: Trong bên để lớn có.', 3, 0, 1),
  ('560a2679-4603-4299-9205-4d76be190b56', '9c836c13-3397-4e40-87e2-80f1b86f84f6', N'Lựa chọn D: Người là sau để cho cách chưa đúng đã.', 4, 0, 1),
  ('0c8d54b5-6b1a-481f-8e78-bb4205e73476', 'c89cdaa1-5e78-49d7-8caf-b59b4b4b7311', N'Lựa chọn A: Của người các để cái thay.', 1, 0, 1),
  ('92526141-515d-40f5-94f8-fc2c9cadc6e5', 'c89cdaa1-5e78-49d7-8caf-b59b4b4b7311', N'Lựa chọn B: Nhưng vậy của vẫn số một.', 2, 0, 1),
  ('028b4852-c4b1-4459-8ddf-94fee95fd776', 'c89cdaa1-5e78-49d7-8caf-b59b4b4b7311', N'Lựa chọn C: Người chỉ sẽ khiến về bên cũng thế.', 3, 0, 1),
  ('2d44eff4-53c7-4881-85f5-63d37e9e1cb1', 'c89cdaa1-5e78-49d7-8caf-b59b4b4b7311', N'Lựa chọn D: Cách của để mà tôi các nếu đúng rất.', 4, 1, 1),
  ('0fca9746-f5cd-4600-aba0-a982a142263c', '1f3e6543-22dc-44fc-8c48-258315710056', N'Lựa chọn A: Đó dưới cho giống này khi.', 1, 1, 0),
  ('3da6178f-4522-479b-9acb-577fcaffc4a1', '1f3e6543-22dc-44fc-8c48-258315710056', N'Lựa chọn B: Của bạn và người của như thì điều để.', 2, 0, 0),
  ('7b73e14a-a679-4456-9f0f-13a7dcc3c984', '1f3e6543-22dc-44fc-8c48-258315710056', N'Lựa chọn C: Cũng tại từng trong để tôi đó được.', 3, 0, 0),
  ('7487c50e-3589-462e-9f20-7de9eb98bbbc', '1f3e6543-22dc-44fc-8c48-258315710056', N'Lựa chọn D: Từ nơi với đó mỗi đi của như.', 4, 0, 0),
  ('cd9a763b-bf55-40b7-9c15-55f3c854f457', '172cdf06-7213-425c-abd5-57cd4c8f0d99', N'Lựa chọn A: Khiến gần và hơn giống vậy từng các bên làm.', 1, 0, 0),
  ('75abc4fc-514a-4979-8cd1-91d698c15f2a', '172cdf06-7213-425c-abd5-57cd4c8f0d99', N'Lựa chọn B: Vẫn vậy làm bên vậy giữa mà giữa các vậy.', 2, 0, 0),
  ('2843aefc-9e27-4876-bed5-14502f2d1bac', '172cdf06-7213-425c-abd5-57cd4c8f0d99', N'Lựa chọn C: Tôi chỉ chỉ chưa từ đang bên vẫn.', 3, 0, 0),
  ('60558946-a030-4e00-9ee9-0d66ebcd5f8f', '172cdf06-7213-425c-abd5-57cd4c8f0d99', N'Lựa chọn D: Số gần của không thế như.', 4, 1, 0),
  ('4533c6a5-6125-4327-adb2-8671adf1ae34', 'd6f44f74-1bf6-4854-9dc1-49db0a4e52bf', N'Lựa chọn A: Tại đang đó giống.', 1, 0, 0),
  ('4a01acac-860f-45ea-8f8c-d58ce85660fd', 'd6f44f74-1bf6-4854-9dc1-49db0a4e52bf', N'Lựa chọn B: Như điều bạn tại hoặc nào của sau.', 2, 0, 0),
  ('1dfc5b51-833c-4c96-8ccf-6c88d613b62c', 'd6f44f74-1bf6-4854-9dc1-49db0a4e52bf', N'Lựa chọn C: Cũng hoặc vậy như tại đến nếu cũng người đang.', 3, 0, 0),
  ('bdc5684c-bc62-4ff1-bfda-ee0a994a81b7', 'd6f44f74-1bf6-4854-9dc1-49db0a4e52bf', N'Lựa chọn D: Lớn của tôi đang hơn hơn như được.', 4, 1, 0),
  ('5c0cb663-e8ff-4dca-883e-8b43bb9c91c4', 'd3ad1800-f20e-4992-8a6d-12f6f252a712', N'Lựa chọn A: Trong và nơi trong này cũng một nhiều hơn.', 1, 0, 0),
  ('be2002cb-d47f-4dd7-bbcf-ba3a5ae3d66d', 'd3ad1800-f20e-4992-8a6d-12f6f252a712', N'Lựa chọn B: Hơn nhưng thì này chỉ thay mà sau của không.', 2, 0, 0),
  ('7ea153d8-243d-46dd-a375-e8e98c2e3578', 'd3ad1800-f20e-4992-8a6d-12f6f252a712', N'Lựa chọn C: Giống bên bên vài một dưới gần mỗi.', 3, 1, 0),
  ('af41964a-91c5-45fe-a261-982f0577a1a3', 'd3ad1800-f20e-4992-8a6d-12f6f252a712', N'Lựa chọn D: Được đó thì cũng với nhưng sau gần nào khiến.', 4, 0, 0),
  ('2e645fab-31b7-4491-b800-a93ddf17233a', 'ff6e4040-e06b-482f-86f5-95d13a6330f1', N'Lựa chọn A: Từ giống bạn người mà nhưng bạn làm giữa vài.', 1, 1, 0),
  ('c83bb723-2b72-4ee2-9518-d43018b9f598', 'ff6e4040-e06b-482f-86f5-95d13a6330f1', N'Lựa chọn B: Vì sau khiến từ thế tại nào trong.', 2, 0, 0),
  ('fce0b654-d019-4ef9-909e-77129aeea2ca', 'ff6e4040-e06b-482f-86f5-95d13a6330f1', N'Lựa chọn C: Trong sẽ vậy theo không sau hơn của cách.', 3, 0, 0),
  ('5df9fe86-7c15-4514-8f58-a09edbf5873a', 'ff6e4040-e06b-482f-86f5-95d13a6330f1', N'Lựa chọn D: Cách và về người như gần.', 4, 0, 0),
  ('24090e34-8781-4c56-a711-f110d730e7d1', '2f5f43c5-3b29-45db-985f-029f97c58b23', N'Lựa chọn A: Sau theo làm cho số và như.', 1, 0, 0),
  ('1f2af3eb-d442-4014-8e9c-16c40d9fb62d', '2f5f43c5-3b29-45db-985f-029f97c58b23', N'Lựa chọn B: Sau khi không vậy là tại trong thế.', 2, 1, 0),
  ('13e26ac6-d3d2-4ca7-964c-1ed63cb7636b', '2f5f43c5-3b29-45db-985f-029f97c58b23', N'Lựa chọn C: Cách có đúng sau cũng số tự khi.', 3, 0, 0),
  ('6c9410b4-4bb2-4c38-adff-4d64b4322ced', '2f5f43c5-3b29-45db-985f-029f97c58b23', N'Lựa chọn D: Thay của điều tự một.', 4, 0, 0),
  ('6eea5640-7167-407e-b594-be9860ee9186', '8323009d-9ee8-41fe-9c48-2c0b08d1aa85', N'Lựa chọn A: Chưa theo hoặc người từng theo người nhiều bên với.', 1, 1, 1),
  ('3050ff88-3192-4862-b646-0c684a7f5fea', '8323009d-9ee8-41fe-9c48-2c0b08d1aa85', N'Lựa chọn B: Hoặc với sau có từ.', 2, 0, 1),
  ('e183a401-dd1b-431c-aa79-31383c4c0443', '8323009d-9ee8-41fe-9c48-2c0b08d1aa85', N'Lựa chọn C: Thế người đi đi đang lớn tự để.', 3, 0, 1),
  ('93ec7c79-46be-47a7-93b6-842e74a2bd9e', '8323009d-9ee8-41fe-9c48-2c0b08d1aa85', N'Lựa chọn D: Trong để được vậy số.', 4, 0, 1),
  ('fa532add-87a1-48b8-b6f7-f3dd60784a70', '3f0366a6-6fc9-4936-b1b5-031125a187d7', N'Lựa chọn A: Tại được nếu người để thế cái.', 1, 0, 1),
  ('b8e95894-7c25-4c4e-9a26-0b9bf9c0e9f6', '3f0366a6-6fc9-4936-b1b5-031125a187d7', N'Lựa chọn B: Rất và hơn nào tôi khi.', 2, 0, 1),
  ('361e7460-6f22-4e36-bfc4-3141c31dfbef', '3f0366a6-6fc9-4936-b1b5-031125a187d7', N'Lựa chọn C: Một nhiều theo vậy người hơn.', 3, 1, 1),
  ('918e6d16-dcfe-43ea-8217-5801c01de75e', '3f0366a6-6fc9-4936-b1b5-031125a187d7', N'Lựa chọn D: Được tôi từ sau.', 4, 0, 1),
  ('c8a1d5da-01de-4a04-ae16-bb93eb227768', 'fc1c916d-3f0a-4067-baa8-40362526d497', N'Lựa chọn A: Tự thế của để sau hoặc nếu để lớn.', 1, 0, 0),
  ('685adaed-cef6-423a-9c60-3ab815c47733', 'fc1c916d-3f0a-4067-baa8-40362526d497', N'Lựa chọn B: Rất từ bên không đúng với.', 2, 0, 0),
  ('0679caa7-03e1-448a-8beb-b6a3cda59df0', 'fc1c916d-3f0a-4067-baa8-40362526d497', N'Lựa chọn C: Nơi đúng tự cũng các mà bên được.', 3, 1, 0),
  ('24789137-fbf0-4c31-900a-2a8f070cdb40', 'fc1c916d-3f0a-4067-baa8-40362526d497', N'Lựa chọn D: Nhưng đang như nhiều với thế vài vậy từng của.', 4, 0, 0),
  ('fc15f213-2705-47e4-aae2-e51ef32e6039', '1de76636-7d46-4aa9-b6cb-d4c7c8594d0f', N'Lựa chọn A: Cho dưới theo thay đó thay thế vậy theo bạn.', 1, 0, 0),
  ('af69f2aa-9771-4c37-b930-2c7545db8fc7', '1de76636-7d46-4aa9-b6cb-d4c7c8594d0f', N'Lựa chọn B: Gần có của khiến để của về người của tự.', 2, 0, 0),
  ('7e8c2a67-d290-4166-a000-6d39b2e7d54b', '1de76636-7d46-4aa9-b6cb-d4c7c8594d0f', N'Lựa chọn C: Từ sau khiến chỉ một có của đã như điều.', 3, 1, 0),
  ('675d6257-ae85-4193-b27d-f77803713ab2', '1de76636-7d46-4aa9-b6cb-d4c7c8594d0f', N'Lựa chọn D: Như không người chỉ tôi tại đang tại giống.', 4, 0, 0),
  ('db453fbf-baec-4693-89b6-48c265eee7ab', 'b7622711-9b93-4735-97f1-d8884bd6e010', N'Lựa chọn A: Khiến cho khi hơn theo với thì người của.', 1, 0, 1),
  ('ee123757-e106-4f45-865f-f4f94440b2d7', 'b7622711-9b93-4735-97f1-d8884bd6e010', N'Lựa chọn B: Cũng từ sẽ khiến về từng hoặc giống.', 2, 0, 1),
  ('4a40c1c2-a531-4c54-baf5-327c40fd39c1', 'b7622711-9b93-4735-97f1-d8884bd6e010', N'Lựa chọn C: Mà như cái từ dưới lớn cũng chưa.', 3, 0, 1),
  ('8214b760-39f6-4dd8-961a-68fa9759b8f6', 'b7622711-9b93-4735-97f1-d8884bd6e010', N'Lựa chọn D: Mỗi dưới khi rất tại.', 4, 1, 1),
  ('311d8b4d-8bd7-416b-ad99-4c14dc6764a4', 'f5a5f69b-a811-4479-a413-767ad14841e0', N'Lựa chọn A: Từng bên điều sau đó cũng dưới thì như của.', 1, 0, 1),
  ('eafd3193-0fa3-4f34-aca5-6f2e87d9f4ac', 'f5a5f69b-a811-4479-a413-767ad14841e0', N'Lựa chọn B: Của hoặc của cũng người từ vẫn gần.', 2, 0, 1),
  ('4e4efea6-cdf7-481b-bb43-d17111f201d1', 'f5a5f69b-a811-4479-a413-767ad14841e0', N'Lựa chọn C: Như tại như nếu nếu gần như trong nếu tại khi.', 3, 0, 1),
  ('c77031d4-54b2-4616-aaf8-4c2e7555c32c', 'f5a5f69b-a811-4479-a413-767ad14841e0', N'Lựa chọn D: Tại cũng cái tại của bên có là một.', 4, 1, 1),
  ('b08fb506-b8ca-4f85-a7e7-5c004abeac2a', 'b985be44-1fe8-45c2-a804-73fda685a836', N'Lựa chọn A: Vì không như với lớn chỉ cái có để đang.', 1, 0, 1),
  ('7dde29f5-c515-4e80-b89b-ba8dc4f8ea35', 'b985be44-1fe8-45c2-a804-73fda685a836', N'Lựa chọn B: Khiến này và một có số.', 2, 1, 1),
  ('faa073ec-3054-45f3-8974-770bb0e5b7fa', 'b985be44-1fe8-45c2-a804-73fda685a836', N'Lựa chọn C: Để cái khi bên này không đến sẽ sẽ tôi thế.', 3, 0, 1),
  ('0e520787-2973-42a4-804d-52beaf4b8928', 'b985be44-1fe8-45c2-a804-73fda685a836', N'Lựa chọn D: Khiến rất số này về làm trong trong dưới từ.', 4, 0, 1),
  ('e9b14770-e3ca-49c7-836a-c6a6d0574a79', '3f0639e8-a57e-4657-8a10-f48285f99874', N'Lựa chọn A: Bên gần một vậy.', 1, 0, 1),
  ('85ec08a3-7ba1-46cd-b79c-e34adb78fda7', '3f0639e8-a57e-4657-8a10-f48285f99874', N'Lựa chọn B: Thay hoặc thì sẽ vài gần.', 2, 0, 1),
  ('cd30ba00-37b1-4a29-9f69-f772e6761dce', '3f0639e8-a57e-4657-8a10-f48285f99874', N'Lựa chọn C: Tôi thay từng từ là.', 3, 1, 1),
  ('de486e38-1b4b-483b-99d5-66294e5e93af', '3f0639e8-a57e-4657-8a10-f48285f99874', N'Lựa chọn D: Để từng chưa người làm chưa.', 4, 0, 1),
  ('7f170364-4bc3-4ff3-a7c4-40e5ad6094f4', 'be381845-0676-41a9-8c86-ae6a65156ac6', N'Lựa chọn A: Đã mà cho giữa tại.', 1, 1, 0),
  ('1aa33d53-8dac-4bdf-9653-8f2cf65d0033', 'be381845-0676-41a9-8c86-ae6a65156ac6', N'Lựa chọn B: Để số hơn giống đến.', 2, 0, 0),
  ('5b26f660-fe2d-44e8-a73c-adb25fe2407e', 'be381845-0676-41a9-8c86-ae6a65156ac6', N'Lựa chọn C: Không nếu số hơn lớn nhưng.', 3, 0, 0),
  ('ef45296d-e43c-4edb-a37c-47e441f3e260', 'be381845-0676-41a9-8c86-ae6a65156ac6', N'Lựa chọn D: Mà cách để cho đến khiến nào đó sẽ không.', 4, 0, 0),
  ('e0f3d98a-40f3-46a7-8478-77e7e9fb4435', '334052ca-b0d9-4194-8b7a-d0210ce30c80', N'Lựa chọn A: Của rất hơn như về như.', 1, 1, 0),
  ('04a29da3-7ff6-4909-a1f9-8509d6e0dff5', '334052ca-b0d9-4194-8b7a-d0210ce30c80', N'Lựa chọn B: Thay gần nào tại thế không của như.', 2, 0, 0),
  ('d10d6178-8f3c-48ad-9a90-123e187a4a42', '334052ca-b0d9-4194-8b7a-d0210ce30c80', N'Lựa chọn C: Từ không hoặc không người trong với làm hơn.', 3, 0, 0),
  ('f67f63c3-89bd-4c06-8430-c889a65b1651', '334052ca-b0d9-4194-8b7a-d0210ce30c80', N'Lựa chọn D: Lớn hơn hơn rất khiến nếu.', 4, 0, 0),
  ('9dab8d16-dc92-4497-ab8c-47c67d34f48b', 'bbba62fe-61b1-4a1c-84a6-c87ff130352a', N'Lựa chọn A: Vì để mà vẫn điều chưa và mỗi số dưới.', 1, 0, 0),
  ('762f2cd3-54ed-4585-a91c-61924a2bc1b8', 'bbba62fe-61b1-4a1c-84a6-c87ff130352a', N'Lựa chọn B: Trong thì đến với như không.', 2, 1, 0),
  ('04fe5448-9b75-4e8f-8faa-ce4ae7af379a', 'bbba62fe-61b1-4a1c-84a6-c87ff130352a', N'Lựa chọn C: Người tôi của theo mà nhiều.', 3, 0, 0),
  ('82c6b7e8-fc9d-494c-88fe-69ebadd244c6', 'bbba62fe-61b1-4a1c-84a6-c87ff130352a', N'Lựa chọn D: Thì thì đã để số gần sẽ hơn đến.', 4, 0, 0),
  ('8fc570c7-760f-425e-ad09-1a555f9f2669', '9a4a9d1b-5a95-4eeb-86ab-70a14166a9fe', N'Lựa chọn A: Cũng đang để và nào nơi các đã và với.', 1, 0, 0),
  ('b9ad86c5-9d2c-4e4e-8bc7-1b1fd071dad3', '9a4a9d1b-5a95-4eeb-86ab-70a14166a9fe', N'Lựa chọn B: Nơi khiến nhiều thay cho.', 2, 0, 0),
  ('b8ec97fb-7342-4708-b40e-1534164a5e3e', '9a4a9d1b-5a95-4eeb-86ab-70a14166a9fe', N'Lựa chọn C: Làm này để để thế của.', 3, 0, 0),
  ('25481d95-4120-46e8-9c3e-7a0303beb968', '9a4a9d1b-5a95-4eeb-86ab-70a14166a9fe', N'Lựa chọn D: Nhưng như có nơi cũng.', 4, 1, 0),
  ('b1f068c6-bc54-4a09-9a8f-f846618fe10f', 'c3f911b1-d718-4a3c-a180-4bd760456607', N'Lựa chọn A: Của từng đang của hơn để mà chỉ nhưng.', 1, 0, 0),
  ('95af0405-8c41-4231-8a51-3d106a57f282', 'c3f911b1-d718-4a3c-a180-4bd760456607', N'Lựa chọn B: Sau khiến có sẽ một được đã các.', 2, 1, 0),
  ('2d20ad76-7799-41e6-b3b7-e7a652c33802', 'c3f911b1-d718-4a3c-a180-4bd760456607', N'Lựa chọn C: Từng để đúng lớn lớn.', 3, 0, 0),
  ('5dfe1f6d-96a9-45f9-b104-e6c9a94dff11', 'c3f911b1-d718-4a3c-a180-4bd760456607', N'Lựa chọn D: Sau chưa đi như nơi trong đó như nơi từng.', 4, 0, 0),
  ('67473265-5fb3-4f3b-ad63-5213bfd26081', '2bd83aed-cc8f-4c60-b343-74e012c52879', N'Lựa chọn A: Được số thay chưa chỉ đó để tôi như.', 1, 1, 0),
  ('496d7ed8-44ef-49e2-84f6-bd098dbceb4f', '2bd83aed-cc8f-4c60-b343-74e012c52879', N'Lựa chọn B: Vài thay người như điều sẽ.', 2, 0, 0),
  ('ede9827f-5714-49de-8a0d-62cb7d8e2c32', '2bd83aed-cc8f-4c60-b343-74e012c52879', N'Lựa chọn C: Làm nhiều số có thay để vẫn khi.', 3, 0, 0),
  ('e79b88b1-9c40-4e12-892c-e7bd0dad3751', '2bd83aed-cc8f-4c60-b343-74e012c52879', N'Lựa chọn D: Để hơn cái đó cái với với sau về nơi.', 4, 0, 0),
  ('3a5cbdb0-d793-4ba8-8104-60095d69765c', '4a8ae0bb-b91b-4665-b145-6f50fad4d2e2', N'Lựa chọn A: Từng giống số giống nơi để từ.', 1, 0, 0),
  ('fd5b1486-e3b1-415a-89d8-3719b87e9b1b', '4a8ae0bb-b91b-4665-b145-6f50fad4d2e2', N'Lựa chọn B: Không vẫn và của sẽ.', 2, 1, 0),
  ('b20a0b20-6602-49d7-9985-2de490e3cf70', '4a8ae0bb-b91b-4665-b145-6f50fad4d2e2', N'Lựa chọn C: Đang tại dưới thay theo vì nào là như.', 3, 0, 0),
  ('bcf84d3e-e4ff-4c9e-ad26-c16f640e859a', '4a8ae0bb-b91b-4665-b145-6f50fad4d2e2', N'Lựa chọn D: Bên cũng như về vẫn thì vậy một hơn.', 4, 0, 0),
  ('0960ce0e-99e9-4601-af52-9f116d4dbaaf', '65b4a8e5-1ce3-417a-9527-2d6c6c04a280', N'Lựa chọn A: Một cái tại chưa giữa theo tự dưới với nếu.', 1, 1, 1),
  ('f11e6861-7438-473d-91f9-3d020e816b42', '65b4a8e5-1ce3-417a-9527-2d6c6c04a280', N'Lựa chọn B: Và sau mỗi giữa giống cũng vài vậy.', 2, 0, 1),
  ('00372d46-96bb-41db-8d35-678ac52359b0', '65b4a8e5-1ce3-417a-9527-2d6c6c04a280', N'Lựa chọn C: Như chỉ là rất cũng như thì.', 3, 0, 1),
  ('ca7234cd-e729-4923-9481-3cc186690bac', '65b4a8e5-1ce3-417a-9527-2d6c6c04a280', N'Lựa chọn D: Để như cái đúng sau vài này.', 4, 0, 1),
  ('af600d24-7971-47e3-9923-6b7fdd16e301', 'f0f2e8cf-ad00-4fba-987d-48db411357b2', N'Lựa chọn A: Nhiều không nào người chỉ của tự thế đã của.', 1, 0, 1),
  ('bbe28cb9-4a61-4688-b250-d2cd64142484', 'f0f2e8cf-ad00-4fba-987d-48db411357b2', N'Lựa chọn B: Trong cũng đã để mỗi là này với gần nhưng.', 2, 0, 1),
  ('ff2296fb-989f-454e-8907-ce17911e8dee', 'f0f2e8cf-ad00-4fba-987d-48db411357b2', N'Lựa chọn C: Nào với vì vậy từ chỉ.', 3, 1, 1),
  ('fda1f413-3798-4970-9cd5-3c5b0b5a45d7', 'f0f2e8cf-ad00-4fba-987d-48db411357b2', N'Lựa chọn D: Nơi là thay cũng đúng vẫn với chưa rất số.', 4, 0, 1),
  ('6ae2440c-9967-46bc-bac0-21308c005662', '5433f748-beba-4268-b29b-14e6ce95fa4d', N'Lựa chọn A: Vậy với khiến đã chỉ của bên nếu khi của cũng.', 1, 0, 0),
  ('1dd2b990-0140-448c-bb9a-71e3c7764cee', '5433f748-beba-4268-b29b-14e6ce95fa4d', N'Lựa chọn B: Đi nào này vài cách.', 2, 0, 0),
  ('5d3949d6-eab5-4fa9-862e-cee7bbd2d500', '5433f748-beba-4268-b29b-14e6ce95fa4d', N'Lựa chọn C: Sẽ được khiến vì gần có gần đã sau thay.', 3, 0, 0),
  ('8b17c3fc-a6bf-4d37-abc5-13ddb548b27c', '5433f748-beba-4268-b29b-14e6ce95fa4d', N'Lựa chọn D: Đúng theo người chưa các giống cách.', 4, 1, 0),
  ('071369c8-a26f-446c-93ab-70a7058b8b53', 'da9be198-1816-4f4e-bb96-490591070434', N'Lựa chọn A: Đang từ về của hơn nơi về người.', 1, 0, 0),
  ('38b31f20-773f-4049-81fb-63e321f1f235', 'da9be198-1816-4f4e-bb96-490591070434', N'Lựa chọn B: Tự theo tôi này như.', 2, 0, 0),
  ('d7552f4e-00a3-49b0-8211-b3ef1c8a81ab', 'da9be198-1816-4f4e-bb96-490591070434', N'Lựa chọn C: Có vẫn gần thay điều nhiều như nơi vẫn thay của.', 3, 0, 0),
  ('f9bf6bcc-4c7b-4365-a64a-306cf6b03500', 'da9be198-1816-4f4e-bb96-490591070434', N'Lựa chọn D: Mỗi trong chỉ khiến khi cái số lớn.', 4, 1, 0),
  ('7ee16096-c46d-4673-9f4e-8551edf75561', '5acf0e7b-bcf2-439a-9f8d-d5f61c588b5b', N'Lựa chọn A: Của đang để gần rất từ như.', 1, 0, 0),
  ('6a80a4d8-3364-4215-95fd-19dedb437b83', '5acf0e7b-bcf2-439a-9f8d-d5f61c588b5b', N'Lựa chọn B: Vì bạn đi tại trong để mỗi.', 2, 1, 0),
  ('74e7c7dc-dbae-4a38-b22b-9b00cd8d6ad2', '5acf0e7b-bcf2-439a-9f8d-d5f61c588b5b', N'Lựa chọn C: Trong bạn tại nhưng gần là bên một tại.', 3, 0, 0),
  ('0f74c754-8497-4c33-af91-61bb0b82028b', '5acf0e7b-bcf2-439a-9f8d-d5f61c588b5b', N'Lựa chọn D: Thay tự tại đến thế.', 4, 0, 0),
  ('3dc6da70-848f-4bae-8ecb-eed087783f8b', '1a5b3085-2909-4dc2-9b44-1875af3d538a', N'Lựa chọn A: Mà giữa vài tại sau người đi mỗi mỗi dưới.', 1, 1, 0),
  ('b7e54fb3-9197-4ef6-96fa-fecafce8910d', '1a5b3085-2909-4dc2-9b44-1875af3d538a', N'Lựa chọn B: Đang giống có đúng rất giống như rất.', 2, 0, 0),
  ('bbe7c906-d998-4e82-af0b-00d998b741c1', '1a5b3085-2909-4dc2-9b44-1875af3d538a', N'Lựa chọn C: Nếu mỗi bên đã cái làm của để với đến.', 3, 0, 0),
  ('0eda3bc2-627d-4726-b496-fbfa85e6254a', '1a5b3085-2909-4dc2-9b44-1875af3d538a', N'Lựa chọn D: Một giữa nếu tự mỗi này thì có.', 4, 0, 0),
  ('eb41877a-b04f-4320-be3e-ab7a1d5ff2d2', 'dffa1522-2d8a-43c5-b3cb-65f150146785', N'Lựa chọn A: Người từ đúng tự.', 1, 0, 1),
  ('b01e7016-1326-4dc1-b338-1a0f54fed8e8', 'dffa1522-2d8a-43c5-b3cb-65f150146785', N'Lựa chọn B: Cách được nhưng tại như mà chưa cái.', 2, 1, 1),
  ('367e48b2-9c91-436d-9aee-6a8d599bc0bc', 'dffa1522-2d8a-43c5-b3cb-65f150146785', N'Lựa chọn C: Đó với tại này tại vậy hơn một đó làm.', 3, 0, 1),
  ('6fc3e725-3f9f-44dd-bdbc-b4ca2323e59a', 'dffa1522-2d8a-43c5-b3cb-65f150146785', N'Lựa chọn D: Để của vì sau hoặc có trong tôi.', 4, 0, 1),
  ('57e5b9b4-16b9-4489-b964-2415c1d7e335', '6c727fc8-037f-4916-9d69-840a21044dac', N'Lựa chọn A: Đúng đến đúng đi.', 1, 0, 1),
  ('8ee86cb2-398e-4547-a07e-5cbe3c94ee44', '6c727fc8-037f-4916-9d69-840a21044dac', N'Lựa chọn B: Nhưng nơi thì này làm sau thay không chưa.', 2, 0, 1),
  ('dd030b39-5602-43dd-8366-97303571ceb4', '6c727fc8-037f-4916-9d69-840a21044dac', N'Lựa chọn C: Làm vẫn thế một từng như của để như.', 3, 1, 1),
  ('f1521f31-5122-469f-b6d6-de3aa7ff7302', '6c727fc8-037f-4916-9d69-840a21044dac', N'Lựa chọn D: Đang tại tại khi vì như vẫn hoặc hơn.', 4, 0, 1),
  ('37040b8b-61b8-467e-a173-c956bf87c136', '6cfec6e0-6d82-4705-9218-5670b0c1e266', N'Lựa chọn A: Để nhưng đến trong đi cũng.', 1, 0, 0),
  ('9f2e8414-d401-4ec3-bc7f-66ebc49f4b2b', '6cfec6e0-6d82-4705-9218-5670b0c1e266', N'Lựa chọn B: Mỗi bạn bạn như như hơn làm không.', 2, 0, 0),
  ('0bd73fa8-0893-4da3-9060-8a359b1d1fa0', '6cfec6e0-6d82-4705-9218-5670b0c1e266', N'Lựa chọn C: Bạn một giữa từ vì là các nếu.', 3, 0, 0),
  ('00f201a9-f6df-4f0d-b318-328d897900f7', '6cfec6e0-6d82-4705-9218-5670b0c1e266', N'Lựa chọn D: Các đang lớn từng đã với.', 4, 1, 0),
  ('aa97e161-3e84-4da3-81ba-6bd5a902ee39', 'ef057c8f-b255-43ea-9377-19e91ac2d0f8', N'Lựa chọn A: Nếu từng đúng từng nơi của nơi.', 1, 1, 0),
  ('aa348d6a-83ae-4cef-ab7c-e75fbc42cecd', 'ef057c8f-b255-43ea-9377-19e91ac2d0f8', N'Lựa chọn B: Vài dưới để đã mỗi nếu lớn tại để.', 2, 0, 0),
  ('d8998696-cb71-4fea-8439-e15aa17255df', 'ef057c8f-b255-43ea-9377-19e91ac2d0f8', N'Lựa chọn C: Được nơi đến tôi.', 3, 0, 0),
  ('56842140-2baf-4f99-8efa-ecd6422f2336', 'ef057c8f-b255-43ea-9377-19e91ac2d0f8', N'Lựa chọn D: Tự với không như giữa cách bạn không đúng.', 4, 0, 0),
  ('bbc56de5-f63a-4a25-b467-0167a4a8c8c1', '4f68395a-7f16-4926-a923-ecf842392e44', N'Lựa chọn A: Đó nơi hoặc bạn chưa trong nhiều.', 1, 0, 1),
  ('29bc4ce5-8a2e-4e96-914e-47b2b1f1cde8', '4f68395a-7f16-4926-a923-ecf842392e44', N'Lựa chọn B: Vài nếu vậy thế mỗi giống.', 2, 1, 1),
  ('b5cc000b-ecd6-4d02-a1f1-3d0f2c02e330', '4f68395a-7f16-4926-a923-ecf842392e44', N'Lựa chọn C: Cách được hơn vài hơn từ.', 3, 0, 1),
  ('807637c8-f6c5-461e-919b-daf63282eb9d', '4f68395a-7f16-4926-a923-ecf842392e44', N'Lựa chọn D: Sẽ nhiều cách đó một như gần tôi thay khiến.', 4, 0, 1),
  ('05835580-4cd0-411e-8d33-0cb0aa85379e', 'e91e0627-4de0-466c-a2e4-0eea3d2264c2', N'Lựa chọn A: Đến lớn dưới bạn với.', 1, 0, 0),
  ('fa7ff1fe-70dd-4895-8385-a9b7b354ab0c', 'e91e0627-4de0-466c-a2e4-0eea3d2264c2', N'Lựa chọn B: Số cái của nhưng.', 2, 0, 0),
  ('cb3b95a3-448e-41c8-b1d7-d1b123dd7598', 'e91e0627-4de0-466c-a2e4-0eea3d2264c2', N'Lựa chọn C: Và như thì với với hơn mỗi vẫn.', 3, 1, 0),
  ('e5b06148-e794-460c-a770-e50837a1b7d3', 'e91e0627-4de0-466c-a2e4-0eea3d2264c2', N'Lựa chọn D: Từ điều cái có không dưới tại trong cũng.', 4, 0, 0),
  ('0a8aa240-9484-4cca-a72b-71d71ea8766e', 'da469db5-3e65-4bd2-a966-f1d107ddde08', N'Lựa chọn A: Lớn rất cũng thì điều cái.', 1, 1, 0),
  ('8abe6d75-58bc-4489-8bfb-83e5d838a0da', 'da469db5-3e65-4bd2-a966-f1d107ddde08', N'Lựa chọn B: Từ tại bên để hơn.', 2, 0, 0),
  ('c1ea2122-e26f-4476-aad9-572a04e2bf33', 'da469db5-3e65-4bd2-a966-f1d107ddde08', N'Lựa chọn C: Như cũng giống cái nào tôi rất không của điều.', 3, 0, 0),
  ('86fa1242-2b8d-4d2b-bd34-6c9b55db2d0c', 'da469db5-3e65-4bd2-a966-f1d107ddde08', N'Lựa chọn D: Mà này nào từ.', 4, 0, 0);
GO

-- Data for DeThi
INSERT INTO [dbo].[DeThi] ([MaDeThi], [MaMonHoc], [TenDeThi], [NgayTao], [DaDuyet]) VALUES
  ('65f3d809-ecb7-4f69-b5e6-5cba6dab2049', '364237c5-b271-4161-8e53-78a7a4ec501c', N'Đề thi MH001 - Proactive methodical hub - 1', '2025-05-20 01:15:22', NULL),
  ('deda3539-ae0a-4467-beaa-f137bcc14b5f', 'bca477e3-90cc-4128-bbaf-a103779a6f68', N'Đề thi MH033 - Cross-group composite process improvement - 2', '2025-05-05 17:44:22', NULL),
  ('f2f90283-b4f0-40ec-87b7-5c107a8a4b47', '70ac9daf-fd4b-4243-a993-1b457a51a29b', N'Đề thi MH047 - Universal empowering projection - 3', '2025-05-14 11:12:48', 1),
  ('858ff57d-2bca-40a0-8829-12c183871796', '5fd42d9e-02dc-4177-979c-cfa16eec377e', N'Đề thi MH032 - Compatible reciprocal info-mediaries - 4', '2025-05-22 04:38:00', 1),
  ('b979a325-8943-41cf-ac60-ac28a90a4664', '42bcced1-270d-4b87-b127-d22f1d20aecd', N'Đề thi MH028 - Upgradable systematic ability - 5', '2025-05-19 04:27:05', 0),
  ('902399d8-1fc9-41e6-8b84-6973589d86ba', '1c1547e7-52ef-4156-88d0-2d08fda0f445', N'Đề thi MH009 - Realigned attitude-oriented forecast - 6', '2025-05-20 11:42:27', 0),
  ('86dfdfbb-b360-4b11-ad16-8099ecc4775b', '38a800ef-03bc-4531-b747-62c505d2268a', N'Đề thi MH049 - Switchable actuating process improvement - 7', '2025-05-21 16:10:55', 1),
  ('732d14b4-2fe4-4ce9-910a-0f103670f430', '53a09fa1-26c1-4429-bfeb-dd3f6472acc9', N'Đề thi MH035 - Ergonomic responsive collaboration - 8', '2025-05-27 00:16:42', 0),
  ('262a5571-dcfa-444c-8e19-b08f8bb3a34a', '554d5996-2887-4ed8-973e-c8a303832159', N'Đề thi MH019 - Multi-lateral systemic analyzer - 9', '2025-05-24 23:29:47', 1),
  ('6fc79c24-8a81-4dec-bbdc-17794788f518', '047d3e58-0fe6-428b-87e2-c34001cb42fb', N'Đề thi MH040 - Pre-emptive zero-defect intranet - 10', '2025-05-05 18:32:19', 0),
  ('9df4628c-0eb9-4586-b31b-54bb663f9b58', 'bc45c870-39ae-4882-b6b4-f79183722fd1', N'Đề thi MH007 - Synergized maximized monitoring - 11', '2025-05-22 05:07:15', NULL),
  ('2225129f-d32a-4677-be24-8b7322915eca', '5e0b7753-9635-4253-a59e-a3c5f3358c67', N'Đề thi MH045 - Triple-buffered regional functionalities - 12', '2025-05-12 07:09:45', 0),
  ('4167ebb0-6fbb-4859-86d8-5accb8ce27ff', '88fbb950-acd0-47ec-82f8-e230de51a5ab', N'Đề thi MH034 - Phased dynamic architecture - 13', '2025-05-07 03:32:19', 0),
  ('ddc51892-90cb-421c-a030-ff8110f4672e', '5b641810-e3db-4c6a-b408-545c5fc6e802', N'Đề thi MH020 - Enhanced tangible orchestration - 14', '2025-06-03 13:12:13', NULL),
  ('2cc975fb-a14a-4ab8-8188-26ebab834af8', 'e07cdda0-92db-487a-87c6-b4792ac96e49', N'Đề thi MH044 - Face-to-face intangible database - 15', '2025-05-13 23:04:43', NULL),
  ('d640cc74-6864-4f91-ac63-067fd039b27a', '45b4d89a-4551-4559-80e9-55a73154a753', N'Đề thi MH026 - Horizontal heuristic concept - 16', '2025-05-06 20:38:36', 1),
  ('decc87c9-0e1f-4a37-b9f7-4123f233f987', '1df02f89-56d9-418b-88f7-a8759f182d7f', N'Đề thi MH014 - Face-to-face local installation - 17', '2025-05-20 12:05:36', 1),
  ('a3af9569-0aad-40d0-bd8f-dee248a29a6e', '5fd42d9e-02dc-4177-979c-cfa16eec377e', N'Đề thi MH032 - Devolved regional standardization - 18', '2025-05-31 01:38:39', 0),
  ('e8005f0a-c011-4ec2-acf0-c19d2bff8e31', 'b7af3a95-5c84-4309-9e27-b3cb4ac62efa', N'Đề thi MH011 - Robust local migration - 19', '2025-05-20 17:47:11', 0),
  ('66c21453-24cf-4bdc-8011-81b401729d5e', '5ad67962-0e81-4af0-9fa9-bcace93d91a5', N'Đề thi MH013 - Exclusive tertiary artificial intelligence - 20', '2025-05-20 13:22:15', 1);
GO

-- Data for ChiTietDeThi
INSERT INTO [dbo].[ChiTietDeThi] ([MaDeThi], [MaPhan], [MaCauHoi], [ThuTu]) VALUES
  ('65f3d809-ecb7-4f69-b5e6-5cba6dab2049', 'e5e2d712-c22e-4f12-9849-d8f5ecef9f99', '450c88b3-86d6-4e13-a0e9-41df4d1e3e42', 1),
  ('65f3d809-ecb7-4f69-b5e6-5cba6dab2049', 'e5e2d712-c22e-4f12-9849-d8f5ecef9f99', 'c44f0d86-0ae1-4a4c-a632-be723573f521', 2),
  ('65f3d809-ecb7-4f69-b5e6-5cba6dab2049', '9cfad973-df5b-4379-94ca-779431bc420a', 'cd460b3f-efc7-4f68-a9c6-527edf6cf283', 3),
  ('deda3539-ae0a-4467-beaa-f137bcc14b5f', '7c71315a-9c30-40d0-a31e-4a91454e022e', '7934f2d6-0abb-4d3c-bb4e-caccbd7538d3', 1),
  ('deda3539-ae0a-4467-beaa-f137bcc14b5f', '7c71315a-9c30-40d0-a31e-4a91454e022e', 'c102ac89-ea54-4109-a6dc-2908bca744a0', 2),
  ('deda3539-ae0a-4467-beaa-f137bcc14b5f', 'd933e76a-2dd2-4777-b78b-f46efe5dc141', 'c822309b-dd07-4f15-8494-a371ea117f2b', 3),
  ('f2f90283-b4f0-40ec-87b7-5c107a8a4b47', '23b7b4de-6e99-414a-a368-52a742833f7c', 'b985be44-1fe8-45c2-a804-73fda685a836', 1),
  ('f2f90283-b4f0-40ec-87b7-5c107a8a4b47', 'e9980448-5670-438e-bafc-a1dc0726ad1f', 'fc1c916d-3f0a-4067-baa8-40362526d497', 2),
  ('f2f90283-b4f0-40ec-87b7-5c107a8a4b47', '23b7b4de-6e99-414a-a368-52a742833f7c', '3f0639e8-a57e-4657-8a10-f48285f99874', 3),
  ('f2f90283-b4f0-40ec-87b7-5c107a8a4b47', '23b7b4de-6e99-414a-a368-52a742833f7c', 'f5a5f69b-a811-4479-a413-767ad14841e0', 4),
  ('f2f90283-b4f0-40ec-87b7-5c107a8a4b47', 'e9980448-5670-438e-bafc-a1dc0726ad1f', '1de76636-7d46-4aa9-b6cb-d4c7c8594d0f', 5),
  ('f2f90283-b4f0-40ec-87b7-5c107a8a4b47', 'e9980448-5670-438e-bafc-a1dc0726ad1f', 'b7622711-9b93-4735-97f1-d8884bd6e010', 6),
  ('858ff57d-2bca-40a0-8829-12c183871796', '8d2ed809-cb1f-4198-b914-d51c679e4b6b', '6fe0dd86-077f-448f-b077-cb3a6d244f61', 1),
  ('858ff57d-2bca-40a0-8829-12c183871796', '20aac786-8fd7-43c4-aa34-cbe4c1320d42', '022dfbf4-800b-435b-87b0-3acf04276cd6', 2),
  ('858ff57d-2bca-40a0-8829-12c183871796', '8d2ed809-cb1f-4198-b914-d51c679e4b6b', 'e8e62313-fb95-4ae5-be65-1efbc89e1603', 3),
  ('858ff57d-2bca-40a0-8829-12c183871796', '8d2ed809-cb1f-4198-b914-d51c679e4b6b', 'd46e6608-91f5-48dd-b11a-027cabb27066', 4),
  ('b979a325-8943-41cf-ac60-ac28a90a4664', '93606434-129e-4a8c-ab27-85d0f9e97568', '40134c14-5609-450b-9cee-3a6f70ff5d4f', 1),
  ('b979a325-8943-41cf-ac60-ac28a90a4664', '321b6efb-5a07-43ed-83a2-84f68d60562e', 'd29edba2-450a-4b43-96a0-506b66a7dcb3', 2),
  ('b979a325-8943-41cf-ac60-ac28a90a4664', '5700c81d-1a41-47c6-a0d4-83d704283766', '95edda72-94f4-4211-bb4d-e52c05a45261', 3),
  ('b979a325-8943-41cf-ac60-ac28a90a4664', '5700c81d-1a41-47c6-a0d4-83d704283766', 'f8bf3fe0-9ae0-4228-9a6e-cc2a902dc3c9', 4),
  ('b979a325-8943-41cf-ac60-ac28a90a4664', '321b6efb-5a07-43ed-83a2-84f68d60562e', '543839cb-9469-4ded-bb7d-9336275da377', 5),
  ('b979a325-8943-41cf-ac60-ac28a90a4664', '5700c81d-1a41-47c6-a0d4-83d704283766', '9bd2348f-b623-44ea-8b38-1eb6185bf6b5', 6),
  ('b979a325-8943-41cf-ac60-ac28a90a4664', '5700c81d-1a41-47c6-a0d4-83d704283766', '1df7dcf3-66a0-4205-b717-5178fba84430', 7),
  ('b979a325-8943-41cf-ac60-ac28a90a4664', '321b6efb-5a07-43ed-83a2-84f68d60562e', '42573edb-eacf-494a-b1b8-a1e8aaded33a', 8),
  ('902399d8-1fc9-41e6-8b84-6973589d86ba', '5bec2461-a080-4dac-823f-aa441dd95b6a', 'c0be49c0-ab38-4057-be96-67570810eacc', 1),
  ('902399d8-1fc9-41e6-8b84-6973589d86ba', '5bec2461-a080-4dac-823f-aa441dd95b6a', 'c1186ab4-78fb-4e31-a114-31a2c79aa1f9', 2),
  ('86dfdfbb-b360-4b11-ad16-8099ecc4775b', '566a810e-ccb2-4ab8-98c7-9f616c615cd8', '5acf0e7b-bcf2-439a-9f8d-d5f61c588b5b', 1),
  ('86dfdfbb-b360-4b11-ad16-8099ecc4775b', '82d4cae4-42ed-4e85-b7c0-d0840ef9d960', 'dffa1522-2d8a-43c5-b3cb-65f150146785', 2),
  ('86dfdfbb-b360-4b11-ad16-8099ecc4775b', '566a810e-ccb2-4ab8-98c7-9f616c615cd8', '1a5b3085-2909-4dc2-9b44-1875af3d538a', 3),
  ('86dfdfbb-b360-4b11-ad16-8099ecc4775b', '82d4cae4-42ed-4e85-b7c0-d0840ef9d960', '6c727fc8-037f-4916-9d69-840a21044dac', 4),
  ('86dfdfbb-b360-4b11-ad16-8099ecc4775b', '82d4cae4-42ed-4e85-b7c0-d0840ef9d960', '6cfec6e0-6d82-4705-9218-5670b0c1e266', 5),
  ('732d14b4-2fe4-4ce9-910a-0f103670f430', 'f45b55af-67e9-41a8-b797-c0c089720b03', '41adb2ad-11cb-4bd3-9c9d-846a5dd74cdf', 1),
  ('732d14b4-2fe4-4ce9-910a-0f103670f430', 'f45b55af-67e9-41a8-b797-c0c089720b03', '6800fa59-2356-47b5-9607-5988b4de556e', 2),
  ('732d14b4-2fe4-4ce9-910a-0f103670f430', '4b22a320-8393-49dc-88cb-3753596f7bb7', '445d3bee-0235-4589-9782-99659eed4a35', 3),
  ('262a5571-dcfa-444c-8e19-b08f8bb3a34a', 'a3ea2905-a585-4e16-a3ec-76d2edb1e68b', 'c144cac1-939a-4fe2-bd9f-7e19736526da', 1),
  ('262a5571-dcfa-444c-8e19-b08f8bb3a34a', '20f62cca-6dbe-4372-84bd-68d7f399e75b', '4bd22627-a1b4-490f-b049-357001889394', 2),
  ('262a5571-dcfa-444c-8e19-b08f8bb3a34a', 'a3ea2905-a585-4e16-a3ec-76d2edb1e68b', 'f646f042-2371-46aa-90c0-c06565e6c213', 3),
  ('262a5571-dcfa-444c-8e19-b08f8bb3a34a', '20f62cca-6dbe-4372-84bd-68d7f399e75b', '75f8a9c6-2ccd-4a59-938a-a6d3f1702bb9', 4),
  ('262a5571-dcfa-444c-8e19-b08f8bb3a34a', '20f62cca-6dbe-4372-84bd-68d7f399e75b', '76d46d8e-db7f-42c2-8b1a-e992219380e4', 5),
  ('6fc79c24-8a81-4dec-bbdc-17794788f518', '5d3ab394-38f7-42e1-be97-16e7eb720e04', '2597673d-7e43-4c01-a16f-32c0075171fd', 1),
  ('6fc79c24-8a81-4dec-bbdc-17794788f518', '5d3ab394-38f7-42e1-be97-16e7eb720e04', 'a2ee64a7-74b5-48be-a783-970a5f8f2426', 2),
  ('9df4628c-0eb9-4586-b31b-54bb663f9b58', 'e93f5372-e897-4a3a-a92a-d89daefc5d0b', 'db822492-331d-4892-8080-4d3490129a4c', 1),
  ('9df4628c-0eb9-4586-b31b-54bb663f9b58', '697fbb79-7a97-427e-aecc-c9840956fcd2', '7b127b3e-e1f0-486e-9ead-de8cb6c9ee52', 2),
  ('2225129f-d32a-4677-be24-8b7322915eca', '9f965956-b078-4b55-a762-dd14a05076e7', '172cdf06-7213-425c-abd5-57cd4c8f0d99', 1),
  ('2225129f-d32a-4677-be24-8b7322915eca', '9f965956-b078-4b55-a762-dd14a05076e7', '1f3e6543-22dc-44fc-8c48-258315710056', 2),
  ('4167ebb0-6fbb-4859-86d8-5accb8ce27ff', '0032e09f-14ba-4dfc-bb6f-cbed75dec0f6', '9dc995b5-d0f4-4d88-a31b-62e89bd779ac', 1),
  ('4167ebb0-6fbb-4859-86d8-5accb8ce27ff', 'd5139adb-81f8-490e-9e9a-55cee2d51712', '8d3b47fa-ed93-4bc9-9fb7-70845cdfd38f', 2),
  ('4167ebb0-6fbb-4859-86d8-5accb8ce27ff', 'd5139adb-81f8-490e-9e9a-55cee2d51712', '821da45d-644f-4640-8712-2f67148ab976', 3),
  ('ddc51892-90cb-421c-a030-ff8110f4672e', 'fd6f06c5-1db4-4f88-9188-42870ef5d4fa', 'eaae908e-b250-46d8-9ca8-558ea622705d', 1),
  ('ddc51892-90cb-421c-a030-ff8110f4672e', '8168d8f3-3f03-4c35-83ef-076afc2c5cf8', '69c6e484-dedb-4938-b230-e16aeaaef062', 2),
  ('ddc51892-90cb-421c-a030-ff8110f4672e', '2277b0c3-e0b3-4b00-935f-a1fec62f2208', '7dc1f5a8-bfc0-4920-a5ed-65e0a5e3d091', 3),
  ('ddc51892-90cb-421c-a030-ff8110f4672e', 'fd6f06c5-1db4-4f88-9188-42870ef5d4fa', '080b0bb5-0acb-42f0-bb9f-045d31085a0d', 4),
  ('ddc51892-90cb-421c-a030-ff8110f4672e', 'fd6f06c5-1db4-4f88-9188-42870ef5d4fa', 'f8f47ffa-1c06-418d-9435-404f6214bc90', 5),
  ('ddc51892-90cb-421c-a030-ff8110f4672e', '8168d8f3-3f03-4c35-83ef-076afc2c5cf8', 'b85d3c3d-fc55-4ebd-b491-17b26c4fe943', 6),
  ('ddc51892-90cb-421c-a030-ff8110f4672e', '2277b0c3-e0b3-4b00-935f-a1fec62f2208', 'fb21ca88-76eb-498d-9205-a306a4e1c4bd', 7),
  ('ddc51892-90cb-421c-a030-ff8110f4672e', 'fd6f06c5-1db4-4f88-9188-42870ef5d4fa', 'e465931a-57e5-4dc4-9aca-e7d4822c0577', 8),
  ('2cc975fb-a14a-4ab8-8188-26ebab834af8', '6851099d-fa7f-4850-8602-7e93e5899337', 'e6c938d8-4a7d-4a86-8e72-0501974b0479', 1),
  ('2cc975fb-a14a-4ab8-8188-26ebab834af8', '6851099d-fa7f-4850-8602-7e93e5899337', '9c836c13-3397-4e40-87e2-80f1b86f84f6', 2),
  ('d640cc74-6864-4f91-ac63-067fd039b27a', 'd733d251-aecc-4e1f-948a-d9fc769e1028', '24a9bd45-98e7-4440-95cb-3e4beb17153c', 1),
  ('d640cc74-6864-4f91-ac63-067fd039b27a', 'd733d251-aecc-4e1f-948a-d9fc769e1028', '6ff9323f-0c81-4104-9b81-a86dc17f631b', 2),
  ('d640cc74-6864-4f91-ac63-067fd039b27a', 'd733d251-aecc-4e1f-948a-d9fc769e1028', '776594c1-81b5-4c82-94ca-2f0e00ce4886', 3),
  ('d640cc74-6864-4f91-ac63-067fd039b27a', '4ad9f931-18ae-445a-a40c-b043ba701f96', '9065a2c5-1b44-4932-b9f5-8fbdece09c8f', 4),
  ('d640cc74-6864-4f91-ac63-067fd039b27a', '4ad9f931-18ae-445a-a40c-b043ba701f96', 'b8dfe8c4-559d-485e-9ed6-39beac86f7ce', 5),
  ('d640cc74-6864-4f91-ac63-067fd039b27a', '4ad9f931-18ae-445a-a40c-b043ba701f96', '46bba31d-38fc-46f0-bd3c-db93cd640d58', 6),
  ('decc87c9-0e1f-4a37-b9f7-4123f233f987', 'dcebcc9c-6ccb-4f63-9614-2df5c8f466e8', '2ccaeb8f-144a-4d0a-9138-e89c210c5840', 1),
  ('decc87c9-0e1f-4a37-b9f7-4123f233f987', 'f2358fd6-82ce-439c-808c-e6ffc73e1ed4', 'a5a44171-532a-4555-91ae-f481eadce78c', 2),
  ('decc87c9-0e1f-4a37-b9f7-4123f233f987', 'dcebcc9c-6ccb-4f63-9614-2df5c8f466e8', '6f640eac-60eb-40a9-85b3-66d460f6558b', 3),
  ('decc87c9-0e1f-4a37-b9f7-4123f233f987', 'dcebcc9c-6ccb-4f63-9614-2df5c8f466e8', '24fb9b61-bc69-4d73-b01e-3298ca610bf5', 4),
  ('decc87c9-0e1f-4a37-b9f7-4123f233f987', 'dcebcc9c-6ccb-4f63-9614-2df5c8f466e8', '58f29eb5-71c4-4d74-9b44-fa8c236686e1', 5),
  ('a3af9569-0aad-40d0-bd8f-dee248a29a6e', '8d2ed809-cb1f-4198-b914-d51c679e4b6b', 'e8e62313-fb95-4ae5-be65-1efbc89e1603', 1),
  ('a3af9569-0aad-40d0-bd8f-dee248a29a6e', '8d2ed809-cb1f-4198-b914-d51c679e4b6b', 'd46e6608-91f5-48dd-b11a-027cabb27066', 2),
  ('a3af9569-0aad-40d0-bd8f-dee248a29a6e', '8d2ed809-cb1f-4198-b914-d51c679e4b6b', '6fe0dd86-077f-448f-b077-cb3a6d244f61', 3),
  ('a3af9569-0aad-40d0-bd8f-dee248a29a6e', '20aac786-8fd7-43c4-aa34-cbe4c1320d42', '022dfbf4-800b-435b-87b0-3acf04276cd6', 4),
  ('e8005f0a-c011-4ec2-acf0-c19d2bff8e31', '6d717cc3-368b-4bab-90a1-411f3ae19156', 'e3f985b4-7106-4fe6-85e4-e8180ee1d84c', 1),
  ('e8005f0a-c011-4ec2-acf0-c19d2bff8e31', '6d717cc3-368b-4bab-90a1-411f3ae19156', '09bfd60a-9bdb-445c-bdd3-c1d5f3065bb8', 2),
  ('e8005f0a-c011-4ec2-acf0-c19d2bff8e31', 'b107ddeb-5268-407e-ac39-3a57756b56f8', 'e100613f-a57b-4231-9332-3596a1b0fc69', 3),
  ('e8005f0a-c011-4ec2-acf0-c19d2bff8e31', 'b107ddeb-5268-407e-ac39-3a57756b56f8', '412f01e5-5ae9-4547-ad6f-178ce868b60f', 4),
  ('e8005f0a-c011-4ec2-acf0-c19d2bff8e31', 'b107ddeb-5268-407e-ac39-3a57756b56f8', 'c7e2587f-11f3-4c75-adaa-f625f3cb0192', 5),
  ('e8005f0a-c011-4ec2-acf0-c19d2bff8e31', '6d717cc3-368b-4bab-90a1-411f3ae19156', '4b0c7cd8-a615-41f7-95d4-8c009b3270d5', 6),
  ('66c21453-24cf-4bdc-8011-81b401729d5e', '00b9a5c9-4ef4-4c68-a1f5-9b956f18dc69', '34f4be8f-ed92-4fdd-bfac-d414e74ea6af', 1),
  ('66c21453-24cf-4bdc-8011-81b401729d5e', '00b9a5c9-4ef4-4c68-a1f5-9b956f18dc69', '8e6bf619-fd5e-4354-a9ae-3aa700b7c398', 2),
  ('66c21453-24cf-4bdc-8011-81b401729d5e', '00b9a5c9-4ef4-4c68-a1f5-9b956f18dc69', '6273e864-7ba6-4ca8-be28-47e3117feaab', 3),
  ('66c21453-24cf-4bdc-8011-81b401729d5e', '63f11b8d-b2e6-40f1-81af-71c47eec71de', '85c594b0-cc9d-442a-9cdc-b6a4323e2098', 4),
  ('66c21453-24cf-4bdc-8011-81b401729d5e', '1868dd8b-a30f-481e-9453-d0507ff126da', 'd77693f6-733d-4390-afdc-303027d7e798', 5);
GO

-- Data for Files
INSERT INTO [dbo].[Files] ([MaFile], [MaCauHoi], [TenFile], [LoaiFile], [MaCauTraLoi]) VALUES
  ('d9b9853e-d285-477b-82dc-aa4d230290d7', 'a483e57d-f84c-4d90-8923-77598f00db0f', N'attachment_1_theo.png', 4, NULL),
  ('f12a18ed-0db4-49ac-b79f-fa7fd7a5414b', NULL, N'attachment_2_để.png', 4, '2660cff8-9b37-445b-8a97-057dafc4f691'),
  ('1fb58c0f-9644-4fc8-acdb-216b921d4cb9', NULL, N'attachment_3_tự.docx', 1, '07f1aa47-58f6-4fe2-94c3-1fb7b9aa8e27'),
  ('b7a0de5a-427e-4050-9b89-4a10fcf0492d', NULL, N'attachment_4_từng.docx', 1, 'e5b06148-e794-460c-a770-e50837a1b7d3'),
  ('cbfe1240-a502-4179-9545-1eb995c40440', NULL, N'attachment_5_sau.jpg', 3, 'b8ec97fb-7342-4708-b40e-1534164a5e3e'),
  ('e24ecfe4-5039-4523-bec8-13cb1a7a8cd2', NULL, N'attachment_6_thay.mp4', 6, '3cae559a-e903-44de-80a7-b9cd2300174d'),
  ('b718a0cd-f27b-4d03-b857-55ed08022c1a', NULL, N'attachment_7_gần.png', 4, '4849f88e-b209-4f09-9995-ef4e5e57967e'),
  ('91180747-b64b-4163-a05b-2514dbf459c6', NULL, N'attachment_8_vài.mp4', 6, '3dc6da70-848f-4bae-8ecb-eed087783f8b'),
  ('7e480265-999c-4d7a-b49e-00a566ce4a93', NULL, N'attachment_9_khi.mp4', 6, 'eb41877a-b04f-4320-be3e-ab7a1d5ff2d2'),
  ('86281ada-d497-4a84-9326-61a4e287873c', NULL, N'attachment_10_đã.pdf', 2, '98e5c158-6ba7-465a-85d3-c058aa0b6a1c'),
  ('d2817092-603d-49e2-8d77-70f22823008f', 'c1186ab4-78fb-4e31-a114-31a2c79aa1f9', N'attachment_11_chưa.docx', 1, NULL),
  ('27a2102c-5b62-4f91-b115-a2045157e180', NULL, N'attachment_12_tại.jpg', 3, '21b60e80-674b-42ed-ac8c-920c6c7f3b6c'),
  ('523264eb-b737-4189-8c14-ce2dfde45cbd', 'e91e0627-4de0-466c-a2e4-0eea3d2264c2', N'attachment_13_để.docx', 1, NULL),
  ('92b2d912-3e19-4665-8e4d-d25acf33c4ab', NULL, N'attachment_14_nào.jpg', 3, 'f67f63c3-89bd-4c06-8430-c889a65b1651'),
  ('2e0f9454-9ca8-44c0-bdb3-67a51313683c', NULL, N'attachment_15_nhiều.jpg', 3, '9ecd8fd2-6166-46a1-9b28-9c187d173b76'),
  ('bb52d864-a454-49b0-9804-26189975a7b8', NULL, N'attachment_16_về.mp3', 5, 'c601b2c0-85fe-4a80-be24-d280b5ad2dd7'),
  ('91d54651-ab8c-4f3b-999c-b4c62320ec9b', NULL, N'attachment_17_chỉ.png', 4, 'a9ca9cf5-3844-49d0-8953-631d5da27562'),
  ('d8fde051-332f-4922-bcd0-ee5e70e79e13', NULL, N'attachment_18_lớn.jpg', 3, '979277d1-1c6f-4e3c-9649-2d502058d44e'),
  ('628fd600-0af0-4985-a43e-8c6372df01ef', NULL, N'attachment_19_cách.pdf', 2, 'c2a35e65-35e2-4870-8823-c09db7954964'),
  ('d9f46c3a-8762-46a5-9683-8bf0a85ac0b7', NULL, N'attachment_20_như.jpg', 3, 'a11b6300-f6b6-4cb6-960e-45c616dd1eee'),
  ('0af8fe7a-b439-4996-be47-70c0b3feed67', NULL, N'attachment_21_rất.jpg', 3, '37040b8b-61b8-467e-a173-c956bf87c136'),
  ('6ebd803a-3c2b-4d99-baa5-77818acb8f8e', NULL, N'attachment_22_có.mp3', 5, 'e0d9a105-cdf0-407c-bb1b-b1cb26d155e7'),
  ('655d1c5a-415e-4868-b4f4-e90b8fde9aa1', NULL, N'attachment_23_bên.jpg', 3, 'e7447cb6-00df-4754-a522-63e6595d09d2'),
  ('08121feb-6d9c-47e9-94c8-344ad469c472', NULL, N'attachment_24_cái.jpg', 3, 'd59b461c-e479-4c12-b933-e51aa65ce5d9'),
  ('1b8b32d5-7f9e-4811-bdaf-6ca507feb163', NULL, N'attachment_25_đến.mp3', 5, '1d0ca0fc-c0e1-49d0-820d-401b560a06e6'),
  ('82c48567-35a1-4919-a8ac-a94c82bfdebe', NULL, N'attachment_26_giống.docx', 1, '1b4141f4-c3af-4b71-a6c0-7ce58a6c11d6'),
  ('3d789d5a-9153-4d50-acca-4e3292cf18d3', NULL, N'attachment_27_và.mp3', 5, '9f280157-950f-4141-bd99-f17e74489513'),
  ('e7d25806-8db2-471c-a56f-7b749f27afaf', NULL, N'attachment_28_nơi.docx', 1, 'f6844f0b-2f53-440a-bd6e-7c6c6600f465'),
  ('b3454b83-1e9a-4f57-ba1c-d8ee7e839358', NULL, N'attachment_29_như.mp4', 6, 'd83f8925-3b27-4cb2-a52b-346a3ac5f573'),
  ('2dff7712-7a5d-4160-89a4-1d6263577564', NULL, N'attachment_30_đi.pdf', 2, 'bd2c7689-9bf2-469b-a469-0b2c058a3545'),
  ('94cd3852-f0e4-4aa9-8f48-0a4b2bb3a816', NULL, N'attachment_31_về.mp4', 6, '795175ca-1a90-4e08-b844-cf6032bbd1f6'),
  ('27f016ce-a0b8-4e21-a22b-c50941d50417', NULL, N'attachment_32_từ.mp3', 5, '9fdea679-4c1b-4284-ab40-0a5eed252e0f'),
  ('2d940571-fdc2-4605-9fc6-f1c18a8d7735', NULL, N'attachment_33_để.docx', 1, '04a29da3-7ff6-4909-a1f9-8509d6e0dff5'),
  ('7968a8db-587e-40dc-ac51-d7d216aa92e8', NULL, N'attachment_34_về.mp4', 6, 'b6181d63-50bc-41bc-974b-7e7a7fc3ebc3'),
  ('1bee7ef6-b996-4085-99a9-3049d9e514f4', '75cee0da-a661-45f7-a8b8-c8d319fd7131', N'attachment_35_như.mp3', 5, NULL),
  ('580d6358-aaf8-4685-98b9-c5303141e6a8', NULL, N'attachment_36_có.mp3', 5, '1feab736-4c31-42a0-9b53-7d38fd06d1d0'),
  ('1cf5ce25-a4ce-4f6c-8815-8562cfe75f37', NULL, N'attachment_37_để.docx', 1, '6cf8aa19-a88c-4296-a06a-a559fef95578'),
  ('59c8028a-c481-4d9c-ab31-0f49d3891114', NULL, N'attachment_38_từng.png', 4, 'e3492c96-ce88-45bb-868b-d33bb03cc74e'),
  ('fb6866c1-6fdb-474f-80fd-71469dc8b82b', '9a4a9d1b-5a95-4eeb-86ab-70a14166a9fe', N'attachment_39_bạn.png', 4, NULL),
  ('cb2e0724-d2cc-4e2c-be6f-a247009c0419', NULL, N'attachment_40_từ.jpg', 3, '4ed509cc-6e99-44f7-9231-d57d1ab4b7b8'),
  ('c1e0ef62-db73-4ed4-b348-47a55a28be9e', NULL, N'attachment_41_vẫn.jpg', 3, '3050ff88-3192-4862-b646-0c684a7f5fea'),
  ('bd507d3a-e6a9-4e73-b764-ed55adba2532', NULL, N'attachment_42_bạn.pdf', 2, 'ed26e6ae-e76b-43ce-91f5-9f6f48b5407d'),
  ('e9d8d760-ede8-4d12-a412-7a8405b081da', NULL, N'attachment_43_mỗi.mp3', 5, 'b1f1a66f-b908-499a-8079-b3533b72f4d4'),
  ('5539ba16-0f74-473e-8d2c-5d25be70db22', NULL, N'attachment_44_như.pdf', 2, '531f7671-02ad-48da-8716-200748a79362'),
  ('abfa71e6-387b-41c8-be20-2e89373f8a1a', '3f0639e8-a57e-4657-8a10-f48285f99874', N'attachment_45_sau.jpg', 3, NULL),
  ('2bd58ade-d98a-49a5-ab24-d27a9e98eb6e', NULL, N'attachment_46_là.mp3', 5, 'b0f5ad56-689a-4aba-b14a-606d7d11a24e'),
  ('28a12cbb-95ce-49a5-b08a-6f59837f8f05', NULL, N'attachment_47_nhiều.jpg', 3, '4ffd6768-1a7b-499f-a682-a093c1c88654'),
  ('ee63b6e9-a166-4c36-a12b-6900c707ecb8', NULL, N'attachment_48_từng.docx', 1, '1f2af3eb-d442-4014-8e9c-16c40d9fb62d'),
  ('b51687d1-27f5-471d-9f2c-21c5cdaf4e4b', NULL, N'attachment_49_cũng.mp3', 5, '7f819222-6636-44cb-9b91-91b9ae702486'),
  ('ee9966f0-bc52-47db-9280-d56f3dd2e538', NULL, N'attachment_50_điều.jpg', 3, 'c73d6cd7-a23b-42cd-9835-6a3642388253');
GO

-- Data for YeuCauRutTrich
INSERT INTO [dbo].[YeuCauRutTrich] ([MaYeuCauDe], [HoTenGiaoVien], [NoiDungRutTrich], [NgayLay]) VALUES
  ('ed73f589-6174-47c0-8711-a8613d7e5912', N'Nhiên Đặng', N'Mỗi vì sau từ dưới cũng vì. Vẫn của mỗi người từ nhưng. Theo trong để các.', '2025-05-07 18:35:11'),
  ('2859409d-2506-4531-8d0e-d1adc0331915', N'Cô Ánh Vũ', N'Cũng hơn trong đã sau của. Đã mỗi chỉ. Điều mỗi từ chưa dưới như. Chưa để khi được cho. Điều mỗi như mỗi. Tại như điều các.', '2025-05-22 19:11:19'),
  ('165d3715-5754-4195-8fe1-752195f6b888', N'Cô Ánh Vũ', N'Này gần đúng đã. Đúng được đúng lớn. Điều có giữa đi sau của vì.', '2025-05-17 01:40:08'),
  ('3055bc7f-fa5d-43b9-990d-f9f582f330d0', N'Cô Kim Nguyễn', N'Sẽ vài về dưới nhiều để để. Đến này làm người nếu giữa. Làm là là nếu để cái. Như thì nơi. Của để đã theo một thay mỗi. Vậy giống của cách từ.', '2025-06-02 07:14:22'),
  ('88dbfa25-dcab-4748-b82c-42ed029a3dc1', N'Vũ Trần', N'Tôi giống với có chỉ của. Để này lớn người cũng. Về sẽ của vẫn các. Vẫn gần có từng thay vì như từ.', '2025-05-27 08:23:10'),
  ('e1338a70-725b-41a7-81d2-739b2d8a9dec', N'Nhật Hữu Phạm', N'Hơn thế cũng như như trong nếu. Cái như sau tự vậy. Của như khiến với cách và tôi. Trong khiến để tại sẽ.', '2025-06-04 01:02:12'),
  ('9f32498f-262f-4b48-98bb-f3de316052d9', N'Thành Tấn Phạm', N'Như giữa bạn. Giống của hoặc các mỗi vài tại. Vì chỉ khiến trong cách giống từng. Để thế thế gần từ khi bạn. Đó đang vẫn đang cách cũng. Cũng cũng theo.', '2025-05-21 05:18:02'),
  ('02f3b0d6-bc27-4ac6-a123-b5a412ae5278', N'Anh Quang Đặng', N'Với mà tôi đi vẫn sau khiến. Chỉ nào hoặc người hoặc. Cũng vẫn khi của giữa đang với có. Vài nếu nào về. Từng điều này cũng cho.', '2025-05-10 09:01:21'),
  ('3113e7f9-e825-47d0-8379-34c18c875970', N'Bác Hưng Phạm', N'Giống nếu vì của. Với như từng và hơn nhưng các. Tự như và trong số như. Để các với.', '2025-05-13 12:53:44'),
  ('b153c96f-be5c-443a-b740-c8f1dcb4c812', N'Nhiên Dương', N'Từng từng nếu làm. Từng nào dưới tự và. Hơn nếu với và chưa. Khi mà là đi của. Và về số rất cách khi cái.', '2025-05-24 13:47:34');
GO

